alias,n_cell,division,cls,PGR,HSD3B1,HSD3B2,HSD3B7,CYP19A1,CYP11A1,STAR
1,220,Cerebellum,neuronal,0.00511,0.0,0.0,0.01666,0.0,0.04824,0.00689
10,11013,Cerebellum,neuronal,0.00206,0.0,0.0,0.01234,0.00099,0.01151,0.00714
100,209,Thalamus,neuronal,0.0,0.0,0.0,0.00282,0.00762,0.00529,0.06308
1000,153,Midbrain,neuronal,0.03758,0.0,0.00424,0.00708,0.00576,0.00586,0.07464
1001,211,Midbrain,neuronal,0.00652,0.0,0.0,0.0,0.05206,0.0,0.08217
1002,198,Midbrain,neuronal,0.06483,0.00251,0.0,0.00243,0.00396,0.01193,0.13539
1003,186,Midbrain,neuronal,0.01265,0.00285,0.0,0.00144,0.07023,0.0,0.07435
1004,295,Midbrain,neuronal,0.00793,0.0,0.0,0.00403,0.03436,0.0011,0.06544
1005,317,Midbrain,neuronal,0.00619,0.00078,0.0,0.0061,0.03329,0.00851,0.0433
1006,506,Midbrain,neuronal,0.0108,0.00525,0.00181,0.00237,0.02676,0.00362,0.03127
1007,152,Midbrain,neuronal,0.01359,0.0,0.0,0.00217,0.10701,0.0,0.08249
1008,379,Midbrain,neuronal,0.00366,0.00155,0.0012,0.00144,0.01271,0.00892,0.09069
1009,112,Midbrain,neuronal,0.00329,0.00578,0.0,0.0,0.00482,0.01241,0.08134
1010,318,Midbrain,neuronal,0.0087,0.00388,0.0,0.00199,0.02097,0.0021,0.04462
1011,194,Midbrain,neuronal,0.00083,0.00596,0.0,0.00282,0.05265,0.0,0.04418
1012,165,Midbrain,neuronal,0.01152,0.0,0.0,0.00482,0.17364,0.0,0.04095
1013,126,Pons,neuronal,0.0,0.0,0.0,0.00287,0.00224,0.0,0.034
1014,53,Pons,neuronal,0.0,0.0,0.0,0.00685,0.0092,0.0,0.05051
1015,148,Midbrain,neuronal,0.0,0.0,0.0,0.00297,0.003,0.00613,0.09479
1016,220,Midbrain,neuronal,0.0,0.00527,0.0,0.00992,0.0,0.0,0.04635
1017,178,Midbrain,neuronal,0.0,0.0,0.0,0.0,0.00739,0.0,0.04857
1018,249,Midbrain,neuronal,0.01214,0.0,0.0,0.0,0.00682,0.0,0.05646
1019,604,Midbrain,neuronal,0.03638,0.00162,0.0,0.00493,0.00711,0.00119,0.04897
102,944,Thalamus,neuronal,0.00085,0.0,0.0,0.00426,0.00489,0.00407,0.03976
1020,306,Midbrain,neuronal,0.14815,0.00154,0.0,0.00634,0.0,0.00195,0.05877
1021,152,Midbrain,neuronal,0.18725,0.0,0.0,0.00181,0.0,0.0,0.05255
1022,121,Midbrain,neuronal,0.01733,0.0,0.0,0.0,0.0,0.0,0.11498
1023,163,Midbrain,neuronal,0.04668,0.0,0.0,0.00487,0.0,0.0016,0.04213
1024,197,Midbrain,neuronal,0.03466,0.0,0.0,0.0,0.0,0.0,0.06829
1025,193,Midbrain,neuronal,0.0,0.0,0.0,0.0,0.0,0.01656,0.08324
1026,305,Midbrain,neuronal,0.10661,0.01333,0.0,0.00768,0.0,0.0,0.08092
1027,79,Midbrain,neuronal,0.0,0.00856,0.0,0.0,0.0,0.01115,0.02917
1028,235,Midbrain,neuronal,0.00679,0.0,0.0,0.0,0.0,0.00243,0.0509
1029,109,Midbrain,neuronal,0.0645,0.0,0.0,0.0,0.0,0.0,0.08525
103,283,Thalamus,neuronal,0.00064,0.0,0.0,0.00176,0.02606,0.00348,0.04512
1030,249,Midbrain,neuronal,0.00293,0.0,0.0,0.00564,0.0,0.0,0.07251
1031,143,Midbrain,neuronal,0.00446,0.01492,0.0,0.0,0.0,0.0,0.05007
1032,272,Midbrain,neuronal,0.05793,0.00063,0.0,0.00232,0.00086,0.0,0.06839
1033,354,Midbrain,neuronal,0.05572,0.00807,0.0,0.0,0.00217,0.0,0.08725
1035,206,Midbrain,neuronal,0.00533,0.00757,0.00082,0.0,0.0,0.0,0.11716
1036,85,Midbrain,neuronal,0.0,0.0,0.0,0.0,0.0,0.0,0.01497
1037,141,Midbrain,neuronal,0.0,0.00602,0.0,0.00112,0.0,0.0,0.05858
1038,78,Midbrain,neuronal,0.0,0.0,0.0,0.0,0.01219,0.0,0.04468
1039,185,Midbrain,neuronal,0.01601,0.00954,0.0,0.00208,0.0,0.0,0.0501
104,627,Thalamus,neuronal,0.0011,0.0,0.0,0.00186,0.01788,0.00323,0.05414
1040,190,Midbrain,neuronal,0.02995,0.00469,0.0,0.0,0.00417,0.0,0.05782
1041,347,Midbrain,neuronal,0.00649,0.00238,0.0,0.00072,0.00803,0.00263,0.06178
1042,162,Midbrain,neuronal,0.0333,0.01382,0.0,0.0147,0.02819,0.0,0.13146
1043,134,Midbrain,neuronal,0.03396,0.0,0.0,0.00972,0.0,0.00303,0.12802
1044,321,Midbrain,neuronal,0.04545,0.0042,0.0,0.0,0.00103,0.00186,0.09391
1045,192,Midbrain,neuronal,0.00998,0.0098,0.00507,0.00174,0.0,0.0,0.04297
1046,109,Midbrain,neuronal,0.00906,0.0,0.0,0.0,0.0,0.0,0.12149
1047,238,Amygdaloid complex,neuronal,0.00358,0.0,0.00128,0.00501,0.0,0.00034,0.01692
1048,275,Amygdaloid complex,neuronal,0.0,0.0,0.00488,0.00923,0.03621,0.0,0.0303
1049,51,Amygdaloid complex,neuronal,0.0,0.0,0.0,0.0,0.07371,0.0,0.00795
105,1282,Thalamus,neuronal,0.0006,0.0,0.0,0.00304,0.02016,0.0078,0.05159
1050,134,Pons,neuronal,0.37606,0.0,0.0,0.0,0.0,0.00836,0.04522
1051,69,Pons,neuronal,0.0,0.0,0.0,0.0,0.0,0.0,0.01505
1052,87,Pons,neuronal,0.0,0.0,0.0,0.0,0.0,0.00857,0.02853
1053,89,Pons,neuronal,0.0048,0.0,0.0,0.0,0.00473,0.0,0.04606
1054,378,Midbrain,neuronal,0.01446,0.0,0.0,0.0024,0.00784,0.0,0.02178
1055,412,Midbrain,neuronal,0.00472,0.00354,0.0,0.0045,0.01168,0.00126,0.039
1056,437,Midbrain,neuronal,0.03576,0.00065,0.0,0.00762,0.01595,0.01343,0.0594
1057,94,Midbrain,neuronal,0.0,0.0,0.0,0.01123,0.01137,0.031,0.02272
1058,126,Midbrain,neuronal,0.02402,0.00253,0.0,0.0,0.0,0.00672,0.07958
106,677,Thalamus,neuronal,0.0,0.0,0.0,0.00233,0.02369,0.00593,0.04366
1060,735,Midbrain,neuronal,0.0043,0.00272,0.00099,0.00274,0.01213,0.00198,0.02596
1061,449,Midbrain,neuronal,0.00086,0.00198,0.0,0.00496,0.0099,0.00479,0.0297
1062,942,Midbrain,neuronal,0.00242,0.00637,0.0,0.00289,0.05308,0.0,0.04008
1063,430,Midbrain,neuronal,0.00242,0.00528,0.00055,0.00484,0.00986,0.01226,0.05303
1064,750,Midbrain,neuronal,0.0,0.00331,0.00084,0.00224,0.0,0.01459,0.03424
1065,281,Midbrain,neuronal,0.00175,0.00562,0.0,0.00127,0.00434,0.0097,0.03629
1066,659,Midbrain,neuronal,0.00207,0.00271,0.0,0.00119,0.00663,0.03733,0.04961
1067,685,Midbrain,neuronal,0.00036,0.00169,0.0,0.00163,0.0025,0.0498,0.0318
1068,523,Midbrain,neuronal,0.00075,0.00502,0.0,0.0058,0.00317,0.01891,0.02298
1069,357,Midbrain,neuronal,0.0,0.00075,0.0,0.00388,0.00297,0.03223,0.01799
107,1190,Thalamus,neuronal,0.00151,0.00024,0.0,0.0,0.00445,0.01171,0.06022
1070,101,Midbrain,neuronal,0.00988,0.00122,0.0,0.01229,0.02171,0.0,0.07277
1071,237,Thalamus,neuronal,0.00417,0.00148,0.0,0.0,0.0495,0.0,0.05705
1072,85,Midbrain,neuronal,0.01027,0.0,0.0,0.0038,0.09165,0.0,0.04664
1073,172,Midbrain,neuronal,0.04165,0.0093,0.00042,0.00992,0.03952,0.0,0.09012
1074,271,Midbrain,neuronal,0.0,0.00242,0.0,0.00387,0.12314,0.00322,0.0628
1075,67,Midbrain,neuronal,0.05018,0.0,0.0,0.01826,0.02811,0.0,0.08569
1076,148,Midbrain,neuronal,0.01102,0.0,0.0,0.00955,0.26982,0.00859,0.08633
1077,317,Midbrain,neuronal,0.0023,0.00216,0.00156,0.00363,0.20212,0.0,0.04661
1078,191,Midbrain,neuronal,0.00155,0.00688,0.0,0.00048,0.16254,0.0,0.05611
1079,93,Thalamus,neuronal,0.0,0.0,0.0,0.00399,0.38065,0.0,0.05713
108,3801,Thalamus,neuronal,0.00075,0.0,0.0,0.00184,0.0125,0.0181,0.05826
1080,142,Midbrain,neuronal,0.0,0.0,0.0,0.0,0.49824,0.00513,0.08009
1081,250,Thalamus,neuronal,0.0028,0.0,0.0,0.0,0.22204,0.0,0.02821
1082,128,Midbrain,neuronal,0.0,0.0,0.0,0.0,0.50338,0.00427,0.04344
1083,148,Midbrain,neuronal,0.0,0.0,0.0,0.0,0.08978,0.01045,0.05344
1084,438,Thalamus,neuronal,0.00143,0.00013,0.0,0.00184,0.00105,0.00153,0.0948
1085,544,Thalamus,neuronal,0.00107,0.00088,0.0,0.0045,0.00496,0.0,0.04819
1086,273,Thalamus,neuronal,0.00732,0.00112,0.0,0.00301,0.00491,0.0,0.04178
1087,338,Thalamus,neuronal,0.00331,0.0,0.0,0.00141,0.06889,0.00218,0.03662
1088,232,Thalamus,neuronal,0.00196,0.0,0.0,0.00542,0.03061,0.0024,0.04314
1089,612,Thalamus,neuronal,0.00108,0.0,0.0,0.00371,0.10877,0.00088,0.06755
109,53,Thalamus,neuronal,0.0,0.0,0.0,0.0,0.02693,0.00626,0.04066
1090,326,Thalamus,neuronal,0.00298,0.0,0.0,0.0,0.02075,0.00702,0.09865
1091,468,Thalamus,neuronal,0.0222,0.0,0.0,0.00799,0.14146,0.00066,0.0586
1093,143,Hypothalamus,neuronal,0.00341,0.0,0.0,0.00173,0.00236,0.0,0.05083
1094,125,Hypothalamus,neuronal,0.0,0.0,0.0,0.0,0.00952,0.0014,0.0349
1095,62,Amygdaloid complex,neuronal,0.0,0.0,0.0,0.0,0.0,0.0,0.0337
1097,119,Amygdaloid complex,neuronal,0.0024,0.0,0.0,0.0,0.0,0.0,0.04171
1099,88,Basal nuclei,neuronal,0.0,0.0,0.0,0.0,0.0023,0.0,0.05517
11,54161,Cerebellum,neuronal,0.00118,0.0,0.0,0.01745,0.00182,0.00805,0.00668
110,485,Thalamus,neuronal,0.00038,0.00052,0.0,0.00224,0.00957,0.005,0.0566
1100,76,Hypothalamus,neuronal,0.01371,0.0,0.0,0.01387,0.0035,0.0,0.06759
1101,78,Basal forebrain,neuronal,0.0,0.0,0.00515,0.0,0.0,0.0,0.07423
1102,151,Midbrain,neuronal,0.00792,0.00449,0.0,0.0,0.01582,0.00986,0.07967
1103,127,Midbrain,neuronal,0.01923,0.00177,0.0,0.01186,0.0,0.0024,0.10338
1104,333,Hypothalamus,neuronal,0.0,0.00742,0.0,0.00367,0.0,0.00597,0.0835
1105,273,Hypothalamus,neuronal,0.0026,0.0,0.00256,0.01648,0.0081,0.01442,0.08523
1106,160,Hypothalamus,neuronal,0.03111,0.0,0.0,0.00223,0.00331,0.0,0.07655
1107,142,Midbrain,neuronal,0.01533,0.0,0.0,0.0,0.0,0.0,0.06832
1108,495,Hypothalamus,neuronal,0.03409,0.00077,0.0,0.0011,0.00283,0.0,0.09065
1109,384,Thalamus,neuronal,0.00625,0.00348,0.00111,0.00054,0.00461,0.00045,0.0463
111,61,Thalamus,neuronal,0.00495,0.0,0.0,0.0,0.0,0.00573,0.06622
1110,343,Pons,neuronal,0.00181,0.00348,0.0,0.00267,0.00191,0.00142,0.07233
1111,231,Hypothalamus,neuronal,0.0,0.0,0.0,0.00531,0.00302,0.03123,0.09111
1112,518,Hypothalamus,neuronal,0.00683,0.00347,0.0,0.00461,0.01213,0.00939,0.05368
1113,217,Hypothalamus,neuronal,0.00344,0.0086,0.00197,0.0,0.0,0.0,0.06971
1114,355,Hypothalamus,neuronal,0.0,0.00617,0.0,0.00284,0.00137,0.0028,0.07446
1115,140,Hypothalamus,neuronal,0.0,0.0,0.0,0.0,0.00276,0.0,0.04504
1116,59,Hypothalamus,neuronal,0.0,0.0,0.0,0.0,0.0,0.0,0.04827
1117,285,Hypothalamus,neuronal,0.00455,0.0,0.0,0.00485,0.00511,0.00154,0.04086
1118,233,Hypothalamus,neuronal,0.00674,0.0,0.0,0.00086,0.05061,0.00249,0.03611
1119,123,Hypothalamus,neuronal,0.00264,0.0,0.0,0.0151,0.04041,0.0,0.05147
112,621,Thalamus,neuronal,0.00275,0.0,0.0,0.00393,0.00169,0.00864,0.0457
1120,86,Hypothalamus,neuronal,0.04678,0.0,0.0,0.0,0.02284,0.0,0.07295
1121,225,Hypothalamus,neuronal,0.01028,0.00117,0.0,0.00163,0.0433,0.00346,0.07329
1122,205,Hypothalamus,neuronal,0.01135,0.00385,0.0,0.00458,0.03464,0.0,0.07834
1123,132,Hypothalamus,neuronal,0.0142,0.0,0.0,0.0,0.00507,0.0,0.01499
1124,185,Hypothalamus,neuronal,0.00647,0.00204,0.0,0.00725,0.01673,0.0,0.01252
1125,119,Hypothalamus,neuronal,0.00581,0.0,0.0,0.0,0.01973,0.0,0.03162
1126,277,Hypothalamus,neuronal,0.00642,0.0,0.0,0.00691,0.0,0.00225,0.05949
1127,386,Hypothalamus,neuronal,0.00726,0.0,0.0,0.00235,0.0166,0.0007,0.04522
1128,127,Hypothalamus,neuronal,0.01775,0.00168,0.0,0.00726,0.0,0.02604,0.05697
1129,339,Hypothalamus,neuronal,0.30967,0.00029,0.0,0.01115,0.00871,0.00913,0.0345
113,982,Thalamus,neuronal,0.00136,0.0,0.0,0.00078,0.00481,0.00281,0.02735
1130,511,Hypothalamus,neuronal,0.31644,0.00274,0.0,0.00576,0.00465,0.00815,0.03538
1131,458,Hypothalamus,neuronal,0.25944,0.00321,0.0,0.01284,0.01364,0.00241,0.04166
1132,196,Hypothalamus,neuronal,0.28841,0.0,0.0,0.00435,0.00603,0.01103,0.01969
1133,182,Hypothalamus,neuronal,3.26595,0.00142,0.0,0.00208,0.00152,0.00277,0.05866
1134,292,Hypothalamus,other,0.01912,0.00074,0.0,0.02412,0.01207,0.00066,0.07945
1135,363,Hypothalamus,other,0.04881,0.00597,0.0,0.02176,0.01243,0.01604,0.05881
1136,144,Hypothalamus,other,0.14037,0.01622,0.0,0.01073,0.01166,0.00921,0.04602
1137,427,Hypothalamus,neuronal,0.01563,0.00114,0.0,0.01007,0.01201,0.00661,0.03922
1138,161,Hypothalamus,neuronal,0.12342,0.0,0.0,0.00789,0.0,0.02226,0.01592
1139,396,Hypothalamus,neuronal,0.36537,0.00124,0.0,0.00499,0.01685,0.0063,0.06476
114,558,Thalamus,neuronal,0.00157,0.0,0.0,0.00032,0.00685,0.00186,0.0213
1140,497,Hypothalamus,neuronal,0.01903,0.004,0.0,0.00637,0.00359,0.0113,0.05999
1141,616,Hypothalamus,neuronal,0.00253,0.0038,0.00023,0.00356,0.01058,0.01071,0.09821
1142,242,Hypothalamus,neuronal,0.28193,0.00343,0.0008,0.0091,0.0,0.0052,0.102
1143,287,Hypothalamus,other,0.02707,0.00874,0.00095,0.01661,0.0032,0.00258,0.05809
1144,402,Hypothalamus,neuronal,0.17067,0.00092,0.0,0.00183,0.00203,0.00977,0.03364
1145,265,Hypothalamus,neuronal,0.32329,0.0009,0.0,0.01402,0.01684,0.01333,0.0471
1146,210,Hypothalamus,neuronal,0.0337,0.0,0.0,0.00086,0.00602,0.00411,0.08522
1147,394,Hypothalamus,neuronal,0.1711,0.00277,0.0,0.00353,0.00093,0.01319,0.04484
1148,576,Hypothalamus,neuronal,0.00328,0.00412,0.00027,0.00636,0.0004,0.00223,0.05547
1149,329,Hypothalamus,neuronal,0.02973,0.0,0.0,0.00566,0.0,0.00467,0.09254
115,1092,Thalamus,neuronal,0.00017,0.0,0.00022,0.0004,0.01358,0.00322,0.03898
1150,354,Hypothalamus,neuronal,0.00756,0.00301,0.0,0.0,0.00411,0.00199,0.04762
1151,303,Hypothalamus,neuronal,0.06319,0.00278,0.0,0.00564,0.01996,0.00459,0.08087
1153,107,Hypothalamus,neuronal,0.30557,0.00923,0.0,0.00141,0.13594,0.00916,0.06517
1154,66,Hypothalamus,neuronal,0.01016,0.00283,0.0,0.00288,0.0,0.0,0.08195
1155,62,Hypothalamus,neuronal,0.0,0.00832,0.0,0.0,0.0,0.0,0.08648
1157,375,Hypothalamus,neuronal,0.07794,0.003,0.00197,0.00486,0.01236,0.00486,0.05785
1158,162,Hypothalamus,neuronal,0.1328,0.0,0.0,0.00294,0.01231,0.00861,0.08816
1159,219,Hypothalamus,neuronal,2.23091,0.03499,0.00365,0.00345,0.01027,0.00855,0.05196
116,267,Thalamus,neuronal,0.0004,0.0018,0.00015,0.00083,0.00914,0.00549,0.02051
1160,430,Hypothalamus,other,0.78102,0.00359,0.00086,0.00763,0.00583,0.01749,0.06023
1161,418,Hypothalamus,neuronal,0.0638,0.00509,0.00088,0.00762,0.00195,0.00207,0.05792
1162,436,Hypothalamus,neuronal,0.09588,0.00747,0.0,0.02688,0.03216,0.0102,0.09253
1163,213,Hypothalamus,neuronal,0.0362,0.0,0.0,0.0126,0.02029,0.00776,0.05869
1164,231,Hypothalamus,neuronal,0.18457,0.00064,0.0,0.00197,0.03569,0.0,0.10606
1165,961,Hypothalamus,neuronal,0.11317,0.00136,0.00134,0.00168,0.06184,0.00241,0.09378
1166,661,Hypothalamus,neuronal,0.6185,0.00101,0.00123,0.01184,0.60535,0.01701,0.08813
1167,1171,Hypothalamus,neuronal,0.31889,0.0007,0.0,0.01419,0.07217,0.01286,0.07782
1168,726,Hypothalamus,neuronal,2.03959,0.0,0.0,0.01825,0.19032,0.00509,0.09201
1169,88,Hypothalamus,neuronal,1.05223,0.0,0.0,0.01726,0.0,0.01134,0.07217
117,784,Thalamus,neuronal,0.0013,0.0,0.0,0.00308,0.00536,0.02907,0.06765
1170,113,Hypothalamus,other,0.00247,0.00168,0.00336,0.00332,0.00176,0.01101,0.03093
1171,57,Hypothalamus,other,0.05392,0.0,0.0,0.00535,0.02895,0.00408,0.103
1173,95,Hypothalamus,neuronal,0.05731,0.0,0.0,0.0,0.00345,0.0,0.04895
1174,101,Hypothalamus,neuronal,0.00532,0.0,0.0,0.0,0.03636,0.00659,0.11946
1175,102,Hypothalamus,neuronal,0.0,0.0,0.0,0.00303,0.0,0.0,0.11587
1176,281,Hypothalamus,neuronal,0.00608,0.0,0.0,0.01542,0.00517,0.01472,0.09042
1177,156,Hypothalamus,neuronal,0.00765,0.00996,0.0,0.00212,0.01545,0.00311,0.14078
1178,279,Hypothalamus,neuronal,0.00504,0.00398,0.0,0.00606,0.00633,0.00481,0.10287
1179,175,Hypothalamus,neuronal,0.00391,0.00226,0.0,0.00641,0.00203,0.00399,0.05472
118,514,Thalamus,neuronal,0.0,0.0,0.0,0.00167,0.00951,0.0278,0.07878
1181,275,Midbrain,neuronal,0.00223,0.00129,0.0,0.00698,0.00342,0.02778,0.06931
1182,313,Hypothalamus,neuronal,0.00659,0.0,0.0,0.00268,0.0,0.0008,0.08163
1183,247,Hypothalamus,neuronal,0.0,0.00462,0.0,0.00285,0.0,0.0037,0.06936
1184,155,Midbrain,neuronal,0.00555,0.01734,0.00505,0.00543,0.0,0.01597,0.10235
1185,63,Midbrain,neuronal,0.00794,0.0,0.0,0.00712,0.02846,0.0,0.07165
1186,122,Midbrain,neuronal,0.0,0.0,0.0,0.0,0.0114,0.01143,0.07659
1187,330,Midbrain,neuronal,0.00624,0.00181,0.0,0.00156,0.00262,0.00952,0.16733
1188,176,Thalamus,neuronal,0.00927,0.0025,0.0,0.00169,0.00188,0.00272,0.113
1189,495,Midbrain,neuronal,0.00214,0.0,0.0,0.0,0.00769,0.00353,0.14524
119,579,Thalamus,neuronal,0.00087,0.0,0.0,0.00084,0.01234,0.02422,0.0964
1190,259,Midbrain,neuronal,0.02489,0.00967,0.0,0.0,0.00347,0.06136,0.20067
1191,401,Midbrain,neuronal,0.00223,0.00136,0.00188,0.00268,0.00821,0.00768,0.09417
1192,230,Thalamus,neuronal,0.00378,0.00064,0.00051,0.00782,0.0046,0.00616,0.08828
1193,462,Midbrain,neuronal,0.05705,0.00329,0.0,0.00307,0.03542,0.0,0.05574
1194,644,Midbrain,neuronal,0.02566,0.00241,0.00057,0.00025,0.00366,0.00218,0.09795
1195,718,Midbrain,neuronal,0.01278,0.00174,0.0,0.00309,0.00435,0.01078,0.084
1196,590,Midbrain,neuronal,0.01735,0.00485,0.00085,0.00057,0.0,0.00451,0.11136
1197,586,Midbrain,neuronal,0.02981,0.00152,0.0,0.0,0.00695,0.01964,0.13434
1198,738,Midbrain,neuronal,0.0518,0.00454,0.00232,0.00105,0.00075,0.00667,0.08533
1199,850,Midbrain,neuronal,0.00753,0.00211,0.00105,0.00394,0.00101,0.01711,0.08719
12,14487,Cerebellum,neuronal,0.00112,0.0,0.0,0.01117,0.00071,0.01371,0.00807
120,465,Thalamus,neuronal,0.0,0.0,0.0,0.00326,0.0,0.0238,0.05485
1200,191,Hypothalamus,neuronal,0.05453,0.0,0.0,0.00898,0.00497,0.00324,0.05844
1201,400,Midbrain,neuronal,0.04171,0.00117,0.0,0.00119,0.0,0.00243,0.10774
1202,3385,Midbrain,neuronal,0.03531,0.00073,0.00154,0.00331,0.00707,0.00749,0.09627
1203,264,Midbrain,neuronal,0.01562,0.00318,0.0,0.0,0.00478,0.00228,0.07885
1204,972,Midbrain,neuronal,0.00284,0.00303,0.0,0.00293,0.01996,0.00773,0.10441
1205,304,Midbrain,neuronal,0.0044,0.00125,0.0,0.00278,0.0015,0.00273,0.08048
1206,159,Pons,neuronal,0.03619,0.0,0.0,0.00742,0.02112,0.00545,0.07666
1207,400,Midbrain,neuronal,0.0014,0.00122,0.00092,0.00537,0.00112,0.00281,0.06257
1208,370,Midbrain,neuronal,0.00601,0.00135,0.0,0.00551,0.0,0.0,0.11605
1209,134,Midbrain,neuronal,0.19155,0.0017,0.0,0.00285,0.01037,0.00704,0.07189
121,386,Thalamus,neuronal,0.0,0.0,0.0,0.0,0.0012,0.01652,0.0507
1210,149,Midbrain,neuronal,0.0735,0.0,0.0,0.01194,0.00183,0.0,0.06272
1211,127,Midbrain,neuronal,0.01688,0.00491,0.00154,0.0,0.0,0.00272,0.0795
1212,642,Midbrain,neuronal,0.0422,0.00231,0.00042,0.00084,0.00543,0.00238,0.13279
1213,537,Midbrain,neuronal,0.03644,0.00497,0.0,0.00091,0.00732,0.00326,0.09411
1214,261,Midbrain,neuronal,0.04755,0.00228,0.0,0.0012,0.00103,0.01961,0.09177
1215,236,Midbrain,neuronal,0.02453,0.01182,0.00141,0.00675,0.00101,0.0084,0.12347
1216,184,Hypothalamus,neuronal,0.0,0.00312,0.0,0.00424,0.00123,0.0103,0.06327
1217,172,Hypothalamus,neuronal,0.00539,0.00202,0.0,0.00056,0.01058,0.00646,0.02791
1218,406,Hypothalamus,neuronal,0.00593,0.00111,0.00157,0.00537,0.00545,0.00126,0.04192
1219,192,Midbrain,neuronal,0.0,0.0,0.00048,0.02253,0.00822,0.0,0.06785
122,134,Thalamus,neuronal,0.0,0.0,0.0,0.00196,0.0,0.01902,0.06994
1220,439,Hypothalamus,neuronal,0.0007,0.00358,0.0,0.00393,0.00254,0.00288,0.07456
1221,404,Midbrain,neuronal,0.01181,0.00288,0.0,0.00275,0.03225,0.00065,0.07923
1222,83,Hypothalamus,neuronal,0.0,0.0,0.00434,0.0,0.0,0.01817,0.07029
1223,162,Midbrain,neuronal,0.0,0.00179,0.00058,0.0,0.02647,0.0,0.05316
1224,165,Midbrain,neuronal,0.03846,0.00184,0.00043,0.0,0.014,0.00315,0.0282
1225,237,Midbrain,neuronal,0.00843,0.00064,0.0,0.00254,0.00419,0.0006,0.05786
1226,185,Hypothalamus,neuronal,0.0266,0.00399,0.0,0.00493,0.00546,0.00211,0.08439
1227,231,Myelencephalon,neuronal,0.04106,0.00843,0.0,0.0029,0.00113,0.0228,0.06925
1228,344,Pons,neuronal,0.00557,0.00162,0.00224,0.0,0.00188,0.00259,0.10087
1229,1224,Pons,neuronal,0.0196,0.0036,0.00136,0.00042,0.00226,0.01047,0.08024
123,13606,Thalamus,neuronal,0.001,0.00055,4e-05,0.00076,0.00264,0.0101,0.09556
1230,216,Pons,neuronal,0.04243,0.0045,0.0,0.0,0.00152,0.00119,0.13339
1231,194,Pons,neuronal,0.01729,0.00183,0.00058,0.00247,0.00219,0.00159,0.0819
1232,2017,Midbrain,neuronal,0.02292,0.00379,0.00113,0.00154,0.00286,0.00397,0.08273
1233,1501,Midbrain,neuronal,0.04259,0.00527,0.00154,0.00305,0.00224,0.00241,0.08283
1234,537,Pons,neuronal,0.0244,0.00334,0.00097,0.00323,0.00314,0.00414,0.07797
1235,438,Midbrain,neuronal,0.03252,0.00215,0.00019,0.00135,0.0047,0.01912,0.05495
1236,167,Pons,neuronal,0.02213,0.0,0.0,0.0,0.00963,0.00349,0.10836
1237,93,Midbrain,neuronal,0.00866,0.0,0.00239,0.00312,0.00866,0.00487,0.07169
1238,228,Midbrain,neuronal,0.03098,0.00048,0.00048,0.00877,0.00139,0.0,0.05866
1239,498,Pons,neuronal,0.00825,0.00498,0.00063,0.0037,0.0022,0.00499,0.05955
124,1542,Thalamus,neuronal,0.00209,0.00271,0.0,0.00082,0.00642,0.01402,0.22443
1240,473,Pons,neuronal,0.00978,0.00398,0.0,0.00238,0.00424,0.00389,0.08107
1241,235,Pons,neuronal,0.00584,0.01367,0.0,0.00063,0.00346,0.02574,0.06593
1242,539,Myelencephalon,neuronal,0.02504,0.00951,0.00311,0.00207,0.00138,0.02599,0.0799
1243,584,Midbrain,neuronal,0.02269,0.01086,0.00197,0.00247,0.00122,0.01158,0.09875
1244,699,Pons,neuronal,0.01267,0.00384,0.0,0.0051,0.00058,0.00569,0.11216
1245,669,Pons,neuronal,0.01624,0.00827,0.00083,0.00138,0.00236,0.0163,0.07187
1246,913,Pons,neuronal,0.00439,0.00394,0.00152,0.00039,0.00208,0.00795,0.07805
1247,1194,Pons,neuronal,0.01424,0.00147,0.00023,0.00177,0.0027,0.00665,0.06457
1248,1140,Pons,neuronal,0.0082,0.0023,0.001,0.0,0.00074,0.00653,0.06458
1249,3378,Myelencephalon,neuronal,0.02829,0.00568,0.001,0.00185,0.00302,0.01646,0.05247
125,248,Cerebellum,neuronal,0.06239,0.0,0.0,0.0052,0.0019,0.01857,0.03995
1250,649,Pons,neuronal,0.00993,0.00347,0.00016,0.00112,0.00519,0.00477,0.05166
1251,550,Myelencephalon,neuronal,0.02757,0.00211,0.00054,0.00097,0.00155,0.00616,0.04766
1252,2262,Myelencephalon,neuronal,0.04251,0.00073,0.00028,0.00071,0.00128,0.0079,0.06208
1253,719,Myelencephalon,neuronal,0.04283,0.00201,0.0,0.00215,0.00098,0.00539,0.07562
1254,220,Myelencephalon,neuronal,0.01835,0.0,0.0,0.0,0.00117,0.03161,0.05755
1255,317,Pons,neuronal,0.00666,0.00385,0.00145,0.0,0.00476,0.0051,0.09376
1256,712,Midbrain,neuronal,0.00105,0.00723,0.00362,0.00022,0.00038,0.0034,0.0677
1257,278,Pons,neuronal,0.00939,0.00552,0.0,0.0,0.00748,0.0183,0.08152
1258,1388,Midbrain,neuronal,0.00847,0.00695,0.00111,0.0016,0.00217,0.00828,0.07032
1259,1258,Midbrain,neuronal,0.01207,0.00365,0.00234,0.00159,0.00207,0.01068,0.09087
126,92,Pons,neuronal,0.0,0.0,0.0,0.0,0.0,0.02703,0.04082
1260,418,Midbrain,neuronal,0.00408,0.00718,0.00255,0.00375,0.00097,0.01978,0.07165
1261,729,Pons,neuronal,0.01857,0.0,0.0,0.0016,0.02235,0.00692,0.06614
1262,272,Midbrain,neuronal,0.0,0.0,0.0,0.00516,0.00177,0.00842,0.06454
1263,92,Midbrain,neuronal,0.0,0.0,0.0,0.00704,0.0,0.00229,0.08427
1264,331,Pons,neuronal,0.00455,0.00521,0.0,0.00111,0.00212,0.00883,0.10389
1265,501,Pons,neuronal,0.00482,0.0,0.00204,0.00087,0.00102,0.01351,0.06541
1266,509,Pons,neuronal,0.0094,0.0,0.0,0.00233,0.0015,0.0054,0.11446
1267,529,Pons,neuronal,0.0,0.00213,0.0,0.00075,0.0,0.00868,0.09942
1268,164,Myelencephalon,neuronal,0.00203,0.00771,0.0,0.0,0.00339,0.01073,0.06461
1269,278,Myelencephalon,neuronal,0.0053,0.0,0.0,0.0,0.00233,0.0,0.06674
127,120,Pons,neuronal,0.56545,0.0,0.0,0.01086,0.0,0.0,0.03677
1270,290,Pons,neuronal,0.101,0.00122,0.00137,0.0,0.0,0.00569,0.06719
1271,434,Pons,neuronal,0.00332,0.0,0.0,0.0,0.00067,0.00491,0.08569
1272,99,Pons,neuronal,0.0,0.0,0.0,0.00227,0.0,0.0,0.02704
1273,91,Pons,neuronal,0.01942,0.00626,0.0,0.0,0.0,0.00351,0.05324
1274,175,Pons,neuronal,0.0,0.0,0.0,0.0,0.00159,0.0,0.07889
1275,184,Pons,neuronal,0.00448,0.0012,0.0,0.00654,0.0,0.0,0.04558
1276,86,Midbrain,neuronal,0.00863,0.0,0.0,0.00333,0.0,0.00266,0.1208
1277,188,Pons,neuronal,0.00884,0.0,0.0,0.0,0.0,0.0,0.08062
1278,103,Midbrain,neuronal,0.03485,0.0,0.0,0.0,0.0,0.00443,0.05084
1279,158,Midbrain,neuronal,0.01526,0.0,0.0,0.0,0.01344,0.0,0.0828
128,106,Pons,neuronal,0.42301,0.0,0.0,0.01981,0.0,0.0,0.06368
1280,218,Hypothalamus,neuronal,0.01334,0.0028,0.0,0.00107,0.0,0.00147,0.05571
1281,214,Hypothalamus,neuronal,0.0013,0.00141,0.0,0.00702,0.00567,0.0,0.05155
1282,433,Hypothalamus,neuronal,0.00152,0.00335,0.0,0.00233,0.00074,0.00338,0.07315
1283,196,Hypothalamus,neuronal,0.0,0.00623,0.0,0.0,0.0,0.0,0.0818
1284,101,Hypothalamus,neuronal,0.0,0.0,0.0,0.00174,0.0,0.0156,0.04885
1285,120,Hypothalamus,neuronal,0.04496,0.02349,0.0,0.01155,0.02271,0.0,0.05183
1287,316,Hypothalamus,neuronal,0.27539,0.0,0.00054,0.00587,0.01859,0.00962,0.07719
1288,173,Hypothalamus,neuronal,0.46739,0.0083,0.0,0.01179,0.0005,0.00932,0.05052
1289,191,Hypothalamus,neuronal,0.09428,0.02152,0.00226,0.00136,0.0,0.02495,0.07792
129,66,Pons,neuronal,0.0,0.0,0.0,0.00915,0.0,0.0,0.08476
1290,97,Hypothalamus,neuronal,0.01148,0.01548,0.00305,0.00683,0.0,0.05771,0.05657
1292,92,Midbrain,neuronal,0.01399,0.0,0.0,0.0,0.00288,0.00387,0.05018
1294,184,Midbrain,neuronal,0.02859,0.00249,0.0,0.00839,0.0,0.0011,0.0788
1297,90,Midbrain,neuronal,0.0,0.00688,0.01003,0.0,0.0,0.00644,0.09557
1298,287,Midbrain,neuronal,0.00246,0.0007,0.0,0.00504,0.0,0.00257,0.10686
1299,169,Midbrain,neuronal,0.00751,0.0,0.0,0.00488,0.00772,0.00344,0.12679
13,17377,Cerebellum,neuronal,0.00152,0.0,0.0,0.01132,0.00127,0.0177,0.00756
130,157,Cerebellum,neuronal,0.0,0.0,0.0,0.0019,0.0,0.01151,0.10485
1300,225,Midbrain,neuronal,0.0,0.00239,0.0,0.0,0.0,0.00924,0.10902
1301,173,Midbrain,neuronal,0.02919,0.0,0.0,0.0,0.00897,0.0,0.18369
1302,94,Midbrain,neuronal,0.0,0.0,0.0,0.0,0.0,0.0,0.08219
1303,65,Midbrain,neuronal,0.0,0.0,0.0,0.00371,0.0057,0.0,0.10371
1304,223,Midbrain,neuronal,0.00184,0.0091,0.00196,0.00774,0.0,0.00544,0.09413
1305,340,Midbrain,neuronal,0.02324,0.00181,0.00052,0.00541,0.00257,0.00766,0.09912
1306,221,Midbrain,neuronal,0.2822,0.00813,0.00203,0.0,0.00105,0.00704,0.09878
1307,185,Midbrain,neuronal,0.12415,0.01797,0.00414,0.0,0.0,0.01019,0.05132
1308,139,Midbrain,neuronal,0.03984,0.0,0.0,0.00653,0.0,0.0,0.06991
1309,171,Midbrain,neuronal,0.00331,0.00325,0.0,0.0,0.0,0.00661,0.0895
131,55,Cerebellum,neuronal,0.0,0.0,0.0,0.0,0.0,0.02515,0.02646
1310,276,Midbrain,neuronal,0.0,0.0,0.0,0.0,0.0,0.00432,0.12313
1311,286,Midbrain,neuronal,0.07752,0.0,0.0,0.00249,0.0,0.0092,0.06447
1312,134,Midbrain,neuronal,0.03451,0.00162,0.0063,0.0022,0.0,0.0,0.07446
1313,133,Midbrain,neuronal,0.00141,0.0,0.0,0.0,0.0,0.0,0.08204
1314,114,Midbrain,neuronal,0.0,0.00519,0.0,0.01079,0.00361,0.00522,0.06039
1315,222,Midbrain,neuronal,0.00384,0.0,0.00102,0.0,0.00298,0.00734,0.08168
1316,223,Midbrain,neuronal,0.00641,0.0,0.0,0.0,0.00305,0.00126,0.13832
1317,208,Midbrain,neuronal,0.01501,0.00322,0.0,0.0,0.0,0.0081,0.10742
1318,208,Midbrain,neuronal,0.0,0.0,0.0,0.00569,0.0,0.00137,0.10106
1319,306,Midbrain,neuronal,0.0,0.00099,0.0,0.00604,0.0,0.0,0.13132
132,108,Cerebellum,neuronal,0.0046,0.0,0.0,0.01188,0.0,0.0223,0.02372
1320,422,Midbrain,neuronal,0.00222,0.00433,0.0,0.00214,0.00443,0.00416,0.06846
1321,196,Midbrain,neuronal,0.0,0.00197,0.0,0.0,0.0,0.0,0.07347
1322,363,Midbrain,neuronal,0.00127,0.00291,0.0,0.00594,0.0,0.0,0.08453
1323,276,Midbrain,neuronal,0.00167,0.00562,0.0,0.00357,0.00094,0.0,0.07739
1324,467,Midbrain,neuronal,0.09318,0.00327,0.0,0.003,0.00282,0.00053,0.06457
1325,72,Midbrain,neuronal,0.0,0.00956,0.01708,0.0,0.0,0.0,0.06407
1326,184,Midbrain,neuronal,0.00218,0.00633,0.0,0.00206,0.0,0.00478,0.05474
1327,268,Midbrain,neuronal,0.00185,0.00102,0.00175,0.0,0.00765,0.0,0.07567
1328,284,Thalamus,neuronal,0.00231,0.00146,0.0,0.00579,0.00129,0.0,0.16183
1329,312,Thalamus,neuronal,0.0,0.0,0.0,0.0,0.00275,0.0,0.18296
133,124,Cerebellum,neuronal,0.00796,0.0,0.0,0.00412,0.0,0.03752,0.01972
1330,120,Thalamus,neuronal,0.01318,0.0,0.0,0.0,0.0,0.0,0.13889
1331,250,Thalamus,neuronal,0.09341,0.0,0.0,0.00504,0.00258,0.00329,0.13122
1332,222,Thalamus,neuronal,0.00705,0.0,0.0,0.0,0.0,0.0,0.1321
1333,417,Thalamus,neuronal,0.0,0.0,0.00252,0.00441,0.0,0.00242,0.2113
1334,93,Midbrain,neuronal,0.004,0.0,0.0,0.0,0.0,0.0,0.10871
1335,87,Midbrain,neuronal,0.0,0.00221,0.0,0.0,0.00782,0.00317,0.09905
1336,83,Midbrain,neuronal,0.0,0.00364,0.0,0.0,0.0,0.0,0.08076
1337,77,Midbrain,neuronal,0.00209,0.0,0.0,0.0,0.0,0.01938,0.04465
1338,123,Midbrain,neuronal,0.0,0.0,0.0,0.0,0.01352,0.0,0.05714
1339,111,Midbrain,neuronal,0.0,0.0,0.0,0.0,0.0,0.00964,0.073
1340,53,Midbrain,neuronal,0.0,0.01136,0.0,0.0,0.0,0.0,0.09293
1341,92,Midbrain,neuronal,0.0,0.0,0.0,0.01092,0.00879,0.0,0.09599
1342,230,Myelencephalon,neuronal,0.09048,0.00396,0.0,0.0,0.00506,0.0369,0.09679
1343,324,Pons,neuronal,0.03091,0.00182,0.00224,0.00175,0.00211,0.00973,0.05129
1344,295,Pons,neuronal,0.00598,0.0,0.0,0.00108,0.0,0.00711,0.07079
1345,436,Pons,neuronal,0.09107,0.00432,0.0,0.0,0.0,0.00637,0.05912
1346,180,Pons,neuronal,0.0,0.0,0.0,0.00193,0.0,0.0,0.03533
1347,312,Midbrain,neuronal,0.00108,0.0,0.0,0.00651,0.00316,0.02351,0.08739
1348,508,Midbrain,neuronal,0.00041,0.0,0.00193,0.00071,0.004,0.00128,0.08677
1349,50,Pons,neuronal,0.00867,0.0,0.0,0.0,0.0,0.00433,0.0721
135,72,Cerebellum,neuronal,0.0,0.0,0.0,0.0,0.0,0.04062,0.0607
1350,279,Midbrain,neuronal,0.02123,0.00837,0.0,0.0,0.001,0.00404,0.05291
1351,226,Midbrain,neuronal,0.05097,0.0029,0.0,0.00138,0.0,0.0,0.05694
1352,279,Midbrain,neuronal,0.00135,0.00228,0.0,0.01508,0.00149,0.00345,0.08046
1353,137,Midbrain,neuronal,0.0,0.0,0.0,0.0,0.0,0.0,0.04312
1354,476,Midbrain,neuronal,0.0,0.00486,0.0,0.00398,0.00281,0.00059,0.0531
1355,250,Midbrain,neuronal,0.00368,0.0,0.0,0.0,0.0,0.0,0.04794
1356,258,Midbrain,neuronal,0.0,0.0,0.0,0.00792,0.00133,0.0,0.04192
1357,212,Midbrain,neuronal,0.00113,0.00116,0.0,0.0,0.00371,0.0,0.04779
1358,261,Midbrain,neuronal,0.0,0.0,0.00129,0.00422,0.00231,0.00722,0.05829
1359,220,Midbrain,neuronal,0.00984,0.0,0.00074,0.00192,0.00185,0.02018,0.08035
136,107,Cerebellum,neuronal,0.07188,0.0,0.0,0.0,0.0,0.04241,0.01621
1360,381,Midbrain,neuronal,0.00415,0.0046,0.0,0.00182,0.00049,0.004,0.04827
1361,154,Midbrain,neuronal,0.00057,0.0,0.0,0.01023,0.00211,0.0,0.05284
1362,88,Thalamus,neuronal,0.0,0.00117,0.0,0.00265,0.0,0.0,0.07807
1363,260,Thalamus,neuronal,0.01801,0.00149,0.0,0.0,0.00754,0.0,0.07236
1364,409,Thalamus,neuronal,0.0057,0.0,0.0,0.00135,0.00176,0.00357,0.081
1365,188,Pons,neuronal,0.00078,0.00088,0.0,0.00253,0.0,0.0042,0.03771
1366,92,Midbrain,neuronal,0.02566,0.00471,0.0,0.0,0.0,0.0392,0.08862
1367,264,Pons,neuronal,0.0,0.0,0.0,0.0,0.0,0.0188,0.08677
1368,98,Pons,neuronal,0.0,0.0,0.0,0.0,0.0,0.02118,0.07674
1369,158,Pons,neuronal,0.0,0.0,0.0,0.00265,0.00511,0.002,0.12158
137,279,Cerebellum,neuronal,0.00287,0.0,0.0,0.00369,0.0,0.03808,0.02002
1370,108,Pons,neuronal,0.0,0.0,0.0,0.00709,0.0,0.0,0.0958
1371,211,Myelencephalon,neuronal,0.01517,0.00401,0.0,0.0,0.00151,0.00393,0.04256
1372,94,Pons,neuronal,0.00245,0.01533,0.0,0.0,0.0,0.0,0.04187
1373,113,Midbrain,neuronal,0.04585,0.0,0.0,0.00384,0.17293,0.02368,0.0647
1374,193,Midbrain,neuronal,0.0,0.0,0.0,0.00399,0.0,0.00422,0.06404
1375,60,Midbrain,neuronal,0.2259,0.00756,0.0,0.00909,0.01004,0.0,0.05967
1376,119,Midbrain,neuronal,0.02883,0.0,0.0,0.0,0.0,0.0,0.08335
1377,79,Midbrain,neuronal,0.03593,0.02158,0.0,0.02397,0.0,0.0,0.08512
1378,86,Midbrain,neuronal,0.0,0.0,0.0,0.00335,0.00408,0.0,0.02578
1379,52,Midbrain,neuronal,0.0,0.0,0.0,0.0,0.00334,0.0,0.04259
138,233,Cerebellum,neuronal,0.00967,0.0,0.0,0.0,0.00223,0.04324,0.03472
1380,146,Midbrain,neuronal,0.0,0.00684,0.0,0.0,0.0,0.00522,0.06351
1381,76,Midbrain,neuronal,0.0,0.0,0.0021,0.0,0.0,0.0,0.06377
1382,108,Midbrain,neuronal,0.0,0.00917,0.0,0.0,0.0,0.00143,0.11155
1383,184,Midbrain,neuronal,0.0,0.00265,0.00229,0.00126,0.0,0.00495,0.05537
1384,158,Midbrain,neuronal,0.01937,0.0,0.0,0.0,0.0,0.0,0.08931
1385,212,Midbrain,neuronal,0.02841,0.0,0.0,0.00614,0.0,0.0,0.06678
1386,280,Midbrain,neuronal,0.00581,0.00222,0.0,0.00252,0.00468,0.0,0.05755
1387,216,Midbrain,neuronal,0.0,0.00299,0.0,0.0,0.0,0.01322,0.09511
1388,209,Midbrain,neuronal,0.12071,0.0,0.0,0.0,0.0,0.0212,0.08643
1389,208,Pons,neuronal,0.20117,0.0,0.0,0.0,0.01622,0.00614,0.05653
139,109,Cerebellum,neuronal,0.0,0.0,0.0,0.0,0.0,0.01719,0.02368
1390,134,Pons,neuronal,0.00235,0.00364,0.0,0.00751,0.0,0.02811,0.0695
1391,132,Midbrain,neuronal,0.00836,0.00099,0.0,0.0,0.0063,0.0171,0.0324
1392,154,Midbrain,neuronal,0.0,0.00472,0.0,0.0,0.00151,0.03987,0.10988
1393,361,Midbrain,neuronal,0.00103,0.0,0.0,0.00363,0.00268,0.02172,0.07369
1394,198,Midbrain,neuronal,0.0,0.0,0.0,0.00174,0.00147,0.02479,0.06268
1395,158,Pons,neuronal,0.0,0.0,0.0,0.0,0.0065,0.00429,0.10712
1396,98,Pons,neuronal,0.0,0.00395,0.0,0.0,0.0,0.01319,0.11268
1397,77,Pons,neuronal,0.0,0.0,0.0,0.0,0.00377,0.0,0.17122
1398,89,Pons,neuronal,0.0,0.00418,0.0,0.0,0.04787,0.0,0.10871
1399,66,Midbrain,neuronal,0.0,0.00448,0.0,0.0,0.0,0.0,0.10421
14,25922,Cerebellum,neuronal,0.00182,0.0,0.0,0.01266,0.00114,0.02426,0.00984
140,82,Pons,neuronal,0.0,0.0,0.0,0.01422,0.0,0.03033,0.03858
1400,119,Pons,neuronal,0.0,0.00319,0.0,0.0137,0.01812,0.0,0.0913
1401,125,Pons,neuronal,0.0,0.0,0.0,0.01604,0.0,0.0,0.02102
1402,59,Pons,neuronal,0.0,0.0,0.0,0.00826,0.0,0.0,0.0794
1403,79,Pons,neuronal,0.0,0.0,0.0,0.00771,0.0116,0.0,0.09211
1404,501,Thalamus,neuronal,0.00564,0.00123,0.0,0.01058,0.0072,0.00628,0.12488
1405,260,Thalamus,neuronal,0.00256,0.00325,0.0,0.00509,0.00361,0.00128,0.17668
1406,266,Thalamus,neuronal,0.00478,0.0,0.0,0.01792,0.0,0.00888,0.10405
1407,91,Thalamus,neuronal,0.01983,0.0,0.0,0.00645,0.0,0.0,0.07698
1408,85,Pons,neuronal,0.0,0.00495,0.0,0.0,0.0,0.0,0.09955
1409,57,Pons,neuronal,0.0,0.0,0.0,0.0,0.04185,0.0,0.13742
141,265,Pons,neuronal,0.0,0.00968,0.0,0.00499,0.00197,0.02928,0.01459
1410,164,Pons,neuronal,0.0,0.0,0.0,0.0,0.0046,0.01032,0.08986
1411,131,Pons,neuronal,0.00266,0.00682,0.0,0.0,0.00789,0.06365,0.08677
1412,206,Midbrain,neuronal,0.0,0.01183,0.0,0.0,0.00276,0.0057,0.07743
1413,183,Thalamus,neuronal,0.0,0.0,0.0,0.0,0.03345,0.0,0.1063
1414,216,Midbrain,neuronal,0.00423,0.00301,0.00399,0.00559,0.0,0.0,0.06791
1415,186,Midbrain,neuronal,0.00171,0.00389,0.0,0.00161,0.0,0.0,0.08569
1416,151,Midbrain,neuronal,0.0,0.0059,0.00089,0.00065,0.0,0.00626,0.04954
1417,131,Midbrain,neuronal,0.001,0.00791,0.0,0.00874,0.0,0.0,0.11196
1418,426,Thalamus,neuronal,0.00386,0.0,0.00069,0.00329,0.00187,0.0,0.09225
1419,606,Midbrain,neuronal,0.00674,0.00281,0.0,0.00121,0.00057,0.011,0.08938
142,109,Pons,neuronal,0.04114,0.0,0.0,0.00527,0.0,0.00707,0.03597
1420,681,Midbrain,neuronal,0.00365,0.00159,0.00137,0.00617,0.00156,0.00714,0.10216
1421,531,Thalamus,neuronal,0.0926,0.00955,0.00092,0.00255,0.0008,0.0,0.07379
1422,362,Midbrain,neuronal,0.13117,0.0,0.0,0.00651,0.0,0.00369,0.05825
1423,263,Midbrain,neuronal,0.00356,0.0,0.0,0.00216,0.0,0.0,0.09246
1424,434,Midbrain,neuronal,0.0,0.00214,0.00075,0.00203,0.00294,0.00927,0.12473
1425,437,Midbrain,neuronal,0.0,0.0,0.0,0.0,0.00066,0.00318,0.10008
1426,301,Midbrain,neuronal,0.0034,0.00308,0.0,0.00715,0.0,0.00156,0.04807
1427,566,Midbrain,neuronal,0.00144,0.00213,0.00237,0.00249,0.00504,0.0011,0.09426
1428,351,Midbrain,neuronal,0.00081,0.00069,0.0,0.0,0.00185,0.0,0.08338
1429,793,Midbrain,neuronal,0.00373,0.00377,0.0,0.00405,0.01024,0.00371,0.10441
1430,130,Midbrain,neuronal,0.00282,0.00503,0.0,0.01348,0.0077,0.01861,0.08713
1431,286,Midbrain,neuronal,0.0,0.00355,0.0,0.00682,0.00891,0.00492,0.06477
1432,277,Midbrain,neuronal,0.0026,0.00397,0.0,0.00695,0.01077,0.00324,0.0277
1433,206,Pons,neuronal,0.0,0.00188,0.00203,0.0,0.00511,0.01469,0.08888
1435,85,Pons,neuronal,0.01069,0.0094,0.0,0.00803,0.00622,0.04591,0.04727
1436,145,Midbrain,neuronal,0.01339,0.0,0.00725,0.00426,0.0,0.00505,0.03389
1438,138,Hypothalamus,neuronal,0.01051,0.0,0.0,0.00418,0.0034,0.0,0.05342
1439,107,Hypothalamus,neuronal,0.05517,0.00187,0.0,0.0,0.00646,0.0,0.07321
144,372,Cerebellum,neuronal,0.00381,0.0,0.0,0.00501,0.0,0.00773,0.01291
1440,764,Hypothalamus,neuronal,0.1292,0.00082,0.0,0.0027,0.00357,0.00392,0.10678
1441,141,Hypothalamus,neuronal,0.20037,0.0,0.00426,0.01019,0.00587,0.0,0.086
1442,200,Hypothalamus,neuronal,0.04013,0.0,0.0,0.0,0.00108,0.0,0.11588
1443,121,Pons,neuronal,0.0,0.00422,0.0,0.00356,0.0,0.00457,0.08873
1444,74,Pons,neuronal,0.0,0.0,0.0,0.00728,0.02359,0.0,0.07336
1446,52,Thalamus,neuronal,0.00725,0.0,0.0,0.0,0.0,0.0,0.07964
1447,56,Thalamus,neuronal,0.0,0.0,0.0,0.0,0.0,0.01042,0.05587
1448,143,Thalamus,neuronal,0.0,0.0,0.0,0.0,0.0,0.0,0.04268
1449,83,Thalamus,neuronal,0.01702,0.0,0.0,0.0,0.03518,0.0,0.03855
145,229,Cerebellum,neuronal,0.00657,0.0,0.0,0.00251,0.00534,0.0181,0.0033
1450,142,Thalamus,neuronal,0.01722,0.0,0.0,0.0,0.00266,0.0,0.07401
1451,104,Thalamus,neuronal,0.18466,0.0,0.0,0.00595,0.01486,0.0,0.03966
1452,117,Thalamus,neuronal,0.01264,0.0,0.0,0.01047,0.06278,0.00148,0.10751
1453,188,Hypothalamus,neuronal,0.14067,0.0,0.00097,0.00312,0.00594,0.00541,0.05797
1454,65,Hypothalamus,neuronal,2.6997,0.0,0.0,0.01284,0.0109,0.01201,0.1046
1455,345,Hypothalamus,neuronal,0.31243,0.0,0.0,0.01105,0.00377,0.01049,0.08442
1456,88,Thalamus,neuronal,0.34442,0.0,0.0,0.0,0.00193,0.0,0.06967
1458,127,Hypothalamus,neuronal,0.09038,0.0,0.00507,0.00447,0.0,0.0,0.07288
1459,135,Hypothalamus,neuronal,0.04358,0.0,0.0,0.01044,0.01114,0.00222,0.10504
146,176,Cerebellum,neuronal,0.00348,0.0,0.0,0.00631,0.02082,0.00487,0.02691
1460,150,Hypothalamus,neuronal,0.3055,0.0,0.0,0.00263,0.0,0.01624,0.06936
1461,117,Hypothalamus,neuronal,0.3698,0.0,0.0,0.01253,0.0,0.00273,0.06319
1462,128,Thalamus,neuronal,0.52236,0.00914,0.0,0.0,0.00941,0.0,0.09769
1463,51,Thalamus,neuronal,0.53172,0.0,0.0,0.0,0.00449,0.0,0.09631
1464,128,Thalamus,neuronal,0.34513,0.0,0.0,0.00284,0.00285,0.00693,0.12657
1465,190,Hypothalamus,neuronal,0.00782,0.0,0.0,0.00624,0.34777,0.0,0.04411
1466,98,Hypothalamus,neuronal,0.00644,0.0,0.0,0.0062,0.26932,0.0,0.04299
1467,63,Hypothalamus,neuronal,0.53043,0.0,0.0,0.00275,0.0,0.0,0.05492
1468,109,Hypothalamus,neuronal,0.1528,0.0,0.0,0.0,0.09979,0.0,0.05639
1469,124,Thalamus,neuronal,0.05757,0.0,0.0,0.00328,0.02592,0.0,0.01396
147,400,Cerebellum,neuronal,0.0,0.0,0.0,0.01135,0.0,0.01568,0.01796
1470,153,Extended amygdala,neuronal,0.15587,0.0,0.0,0.00254,0.00839,0.0,0.0205
1471,75,Hypothalamus,neuronal,0.23905,0.0,0.00206,0.00409,0.00719,0.0033,0.07551
1472,159,Hypothalamus,neuronal,2.20346,0.00157,0.0,0.00453,0.00525,0.00631,0.09089
1473,133,Hypothalamus,neuronal,2.26166,0.0,0.00581,0.01053,0.0,0.01276,0.12673
1474,62,Hypothalamus,neuronal,2.04781,0.0,0.0,0.00696,0.00539,0.00756,0.10015
1475,241,Hypothalamus,neuronal,0.31189,0.00309,0.0,0.00469,0.15959,0.00998,0.1223
1476,257,Hypothalamus,neuronal,0.00376,0.0,0.0,0.0,0.00813,0.02517,0.09544
1477,213,Hypothalamus,neuronal,0.00475,0.0,0.0,0.0,0.00335,0.0314,0.14605
1478,962,Hypothalamus,neuronal,0.1311,0.0,0.0,0.0141,0.02935,0.00944,0.11328
1479,437,Hypothalamus,neuronal,0.00571,0.00671,0.0,0.00446,0.00188,0.0,0.13683
148,262,Cerebellum,neuronal,0.00692,0.0,0.0,0.01022,0.00373,0.01473,0.03024
1480,733,Hypothalamus,neuronal,0.0247,0.0,0.0,0.0011,0.00441,0.00022,0.1338
1481,572,Hypothalamus,neuronal,0.01604,0.0,0.0,0.00408,0.00679,0.00333,0.106
1482,357,Hypothalamus,neuronal,0.01657,0.0013,0.0,0.00719,0.00332,0.00746,0.09015
1483,157,Hypothalamus,neuronal,0.00536,0.0,0.0,0.00145,1.18215,0.00267,0.08412
1484,239,Hypothalamus,neuronal,0.00476,0.0,0.0,0.0,1.24894,0.00861,0.08137
1485,307,Thalamus,neuronal,0.00127,0.0,0.0,0.00159,0.28913,0.00273,0.07893
1486,337,Thalamus,neuronal,0.00164,0.0,0.0,0.00763,0.12539,0.00388,0.06569
1487,144,Extended amygdala,neuronal,0.00765,0.0,0.0,0.0,0.24836,0.0,0.02755
1488,134,Hypothalamus,neuronal,0.0,0.0,0.0,0.0,0.04457,0.01379,0.04799
1489,199,Hypothalamus,neuronal,0.0,0.0,0.0,0.029,0.001,0.0186,0.06246
149,264,Cerebellum,neuronal,0.0,0.0,0.0,0.0,0.0,0.01349,0.0046
1490,109,Basal forebrain,neuronal,0.0,0.0,0.0,0.00314,0.04532,0.0,0.03693
1491,394,Hypothalamus,neuronal,0.0,0.0,0.0,0.00125,0.01295,0.01927,0.05951
1492,163,Hypothalamus,neuronal,0.00569,0.0,0.0,0.0,0.01013,0.03553,0.04405
1493,211,Hypothalamus,neuronal,0.0,0.0,0.0,0.00544,0.07175,0.01979,0.03996
1494,103,Hypothalamus,neuronal,0.00483,0.0,0.00203,0.00311,0.0,0.0103,0.12347
1495,317,Hypothalamus,neuronal,0.00115,0.00367,0.0,0.00258,0.01126,0.00991,0.08145
1496,110,Hypothalamus,neuronal,0.0,0.0033,0.0,0.0,0.00752,0.0,0.07674
1497,144,Hypothalamus,neuronal,0.0,0.0,0.0,0.00451,0.0,0.0365,0.07365
1498,272,Hypothalamus,neuronal,0.28058,0.0,0.0,0.00883,0.00252,0.05615,0.10741
1499,301,Thalamus,neuronal,0.0014,0.0,0.0,0.0116,0.00308,0.06162,0.04155
15,1132,Pons,neuronal,0.00181,0.0,0.0,0.01245,0.0,0.01353,0.00617
150,176,Cerebellum,neuronal,0.00336,0.0,0.0,0.0,0.0,0.01253,0.02487
1500,372,Thalamus,neuronal,0.01352,0.0,0.0,0.00059,0.01548,0.02523,0.0462
1501,1380,Hypothalamus,neuronal,0.65556,0.00095,0.0,0.01912,0.09737,0.00644,0.06431
1502,3690,Hypothalamus,neuronal,0.18473,0.0,0.0,0.00918,0.0268,0.00698,0.07212
1503,1409,Hypothalamus,neuronal,0.00708,0.0,0.0,0.00637,0.00937,0.00274,0.09298
1504,482,Hypothalamus,neuronal,0.01005,0.0012,0.00166,0.01443,0.0,0.0,0.12792
1505,672,Hypothalamus,neuronal,1.26637,0.0,0.0,0.01044,0.00641,0.00416,0.06353
1506,980,Hypothalamus,neuronal,0.10397,0.0,0.0,0.01266,0.02396,0.00676,0.07225
1507,688,Basal forebrain,neuronal,0.00898,0.0,0.0,0.00242,0.01387,0.00828,0.05922
1508,603,Thalamus,neuronal,0.00929,0.0,0.0,0.00525,0.0,0.04434,0.06714
1509,76,Hypothalamus,neuronal,0.02371,0.0,0.0,0.0,0.0,0.08468,0.0438
151,180,Cerebellum,neuronal,0.01018,0.0,0.0,0.00905,0.00366,0.0109,0.0155
1510,82,Hypothalamus,neuronal,0.04229,0.0,0.0,0.0,0.0,0.0864,0.10929
1512,102,Pons,neuronal,0.0,0.00347,0.0,0.0,0.03045,0.00517,0.06153
1514,95,Pons,neuronal,0.01767,0.0,0.0,0.00688,0.00215,0.0,0.11734
1515,221,Pons,neuronal,0.00364,0.0,0.0,0.0,0.0,0.00531,0.03899
1516,61,Pons,neuronal,0.0,0.0,0.0,0.00804,0.02599,0.0,0.06383
1517,138,Pons,neuronal,0.0,0.0,0.0,0.0032,0.01568,0.00299,0.08329
1518,118,Pons,neuronal,0.00499,0.00178,0.0,0.00248,0.02492,0.0,0.05318
1519,51,Pons,neuronal,0.0,0.01541,0.0,0.0,0.0,0.025,0.05373
152,99,Cerebellum,neuronal,0.01025,0.0,0.0,0.01504,0.0,0.01924,0.02336
1520,193,Pons,neuronal,0.0119,0.00443,0.00258,0.01339,0.02828,0.0,0.07899
1522,186,Amygdaloid complex,neuronal,0.05817,0.00467,0.0,0.0,0.1429,0.00164,0.01936
1524,87,Pons,neuronal,0.0,0.0,0.0,0.0,0.00401,0.00539,0.12451
1525,120,Pons,neuronal,0.0,0.01281,0.0,0.00292,0.01074,0.0,0.06895
1526,67,Pons,neuronal,0.0,0.0,0.0,0.0,0.06056,0.0,0.05236
1527,69,Pons,neuronal,0.0,0.0,0.0,0.0,0.01841,0.00439,0.09163
1528,58,Pons,neuronal,0.0,0.0,0.0,0.0,0.00742,0.0,0.03247
153,3510,Cerebellum,neuronal,0.00194,0.0,0.0,0.00569,0.00174,0.01731,0.02003
1530,80,Pons,neuronal,0.00396,0.0,0.0,0.0,0.0,0.0,0.0943
1532,137,Myelencephalon,neuronal,0.00888,0.0,0.00181,0.00285,0.00503,0.00373,0.06517
1533,152,Myelencephalon,neuronal,0.00083,0.00394,0.0,0.00461,0.0,0.00592,0.01475
1534,87,Myelencephalon,neuronal,0.02433,0.0,0.0,0.00946,0.00562,0.0,0.01917
1535,99,Myelencephalon,neuronal,0.01279,0.00227,0.0,0.00197,0.00528,0.00266,0.05188
1536,208,Myelencephalon,neuronal,0.04758,0.00082,0.0,0.00356,0.00487,0.00283,0.05073
1537,129,Myelencephalon,neuronal,0.0,0.00399,0.0,0.00726,0.00557,0.00628,0.0432
1538,51,Myelencephalon,neuronal,0.05747,0.0,0.0,0.0,0.0,0.0,0.02459
1539,108,Myelencephalon,neuronal,0.00297,0.00799,0.00532,0.0,0.0,0.0,0.06616
154,3076,Cerebellum,neuronal,0.00239,0.0,0.0,0.0076,0.00091,0.01545,0.01834
1540,75,Myelencephalon,neuronal,0.0,0.0,0.0,0.0,0.0,0.00426,0.11762
1541,133,Myelencephalon,neuronal,0.03035,0.0035,0.0,0.0,0.00494,0.0024,0.04598
1542,148,Myelencephalon,neuronal,0.04883,0.0,0.0,0.00296,0.00369,0.00605,0.04187
1543,211,Myelencephalon,neuronal,0.02938,0.00174,0.0,0.0,0.00254,0.0,0.0513
1544,82,Myelencephalon,neuronal,0.01176,0.00929,0.0,0.0,0.0,0.0,0.09724
1545,257,Myelencephalon,neuronal,0.52407,0.0,0.0,0.0,0.0,0.0,0.03848
1546,58,Pons,neuronal,0.0,0.0,0.0,0.0,0.0,0.0,0.04375
1547,74,Pons,neuronal,0.0,0.0,0.0,0.0,0.0,0.0058,0.0221
1548,150,Pons,neuronal,0.0,0.0,0.0,0.0,0.00898,0.0,0.07564
1549,143,Pons,neuronal,0.0,0.0,0.0,0.0,0.0067,0.01909,0.08577
155,125,Cerebellum,neuronal,0.0,0.0,0.0,0.0,0.0,0.0,0.01511
1550,211,Pons,neuronal,0.08225,0.0,0.0,0.00992,0.00931,0.00731,0.05554
1551,113,Pons,neuronal,0.03861,0.0,0.0,0.00209,0.0,0.03456,0.04968
1552,60,Midbrain,neuronal,0.03771,0.0,0.0,0.0,0.00746,0.03788,0.04876
1553,222,Pons,neuronal,0.00554,0.0,0.0,0.00175,0.0,0.0,0.02487
1554,177,Thalamus,neuronal,0.0,0.00684,0.00088,0.00374,0.00292,0.02505,0.07734
1555,234,Thalamus,neuronal,0.00076,0.00253,0.0,0.00395,0.00236,0.07204,0.03943
1556,86,Thalamus,neuronal,0.0,0.0,0.0,0.0079,0.0,0.03643,0.142
1557,381,Thalamus,neuronal,0.01033,0.00391,0.0,0.0028,0.01263,0.00775,0.06865
1558,374,Thalamus,neuronal,0.01103,0.0,0.0,0.00318,0.00122,0.01278,0.12378
1559,151,Thalamus,neuronal,0.0,0.0,0.0,0.0,0.00975,0.00298,0.07887
156,66,Cerebellum,neuronal,0.0,0.0,0.0,0.02928,0.0,0.0,0.0
1560,115,Thalamus,neuronal,0.0,0.0,0.0,0.00345,0.0,0.0,0.02417
1561,208,Thalamus,neuronal,0.0,0.0,0.0,0.00359,0.00686,0.0149,0.08825
1562,192,Thalamus,neuronal,0.04386,0.00136,0.0,0.00307,0.00215,0.01806,0.09631
1563,256,Thalamus,neuronal,0.01676,0.00487,0.0,0.00828,0.0,0.00507,0.05472
1564,273,Thalamus,neuronal,0.0,0.0,0.0,0.00512,0.0,0.01714,0.05206
1565,315,Thalamus,neuronal,0.10406,0.0,0.0,0.01077,0.00957,0.00266,0.03794
1566,206,Midbrain,neuronal,0.00338,0.0,0.0,0.0,0.0,0.00455,0.07222
1567,108,Hypothalamus,neuronal,0.0,0.0,0.0,0.03721,0.0,0.0,0.09557
1568,412,Hypothalamus,neuronal,0.00059,0.0,0.0,0.03154,0.00274,0.01705,0.08759
1569,74,Hypothalamus,neuronal,0.0,0.0,0.0,0.0,0.0,0.0,0.07087
157,564,Cerebellum,neuronal,0.00142,0.0,0.0,0.00707,0.0,0.0254,0.01712
1570,61,Hypothalamus,neuronal,0.00466,0.00351,0.0,0.0,0.0,0.0,0.14769
1571,52,Pons,neuronal,0.00674,0.0,0.0,0.0,0.01388,0.0,0.03022
1572,291,Thalamus,neuronal,0.05644,0.0,0.0,0.0,0.00369,0.0,0.03106
1573,118,Thalamus,neuronal,0.0,0.0,0.0,0.02229,0.0,0.0,0.06267
1574,156,Thalamus,neuronal,0.0,0.0,0.0031,0.00556,0.00316,0.0,0.13816
1575,176,Thalamus,neuronal,0.00877,0.0033,0.0,0.00304,0.01193,0.0,0.02858
1576,309,Thalamus,neuronal,0.20971,0.0,0.0,0.00681,0.0,0.02775,0.03428
1577,438,Thalamus,neuronal,0.25653,0.0,0.0,0.00286,0.00581,0.03081,0.05424
1578,204,Thalamus,neuronal,0.02043,0.0,0.0,0.00278,0.0,0.03119,0.0297
1579,118,Thalamus,neuronal,0.03203,0.0,0.0,0.0,0.00131,0.02206,0.01777
158,952,Cerebellum,neuronal,0.00237,0.0,0.00083,0.0,0.0013,0.02229,0.01776
1580,237,Thalamus,neuronal,0.53513,0.0,0.0026,0.00525,0.01102,0.00349,0.04488
1581,228,Thalamus,neuronal,0.51888,0.0,0.0,0.00326,0.0,0.0,0.00667
1582,364,Thalamus,neuronal,0.33825,0.0,0.0,0.00494,0.00239,0.01724,0.03245
1583,100,Thalamus,neuronal,0.07828,0.0,0.0,0.0,0.02067,0.02658,0.02773
1584,495,Spinal cord,neuronal,0.0,0.00151,0.0,0.01954,0.00142,0.0,0.03719
1585,446,Myelencephalon,neuronal,0.0,0.0,0.0,0.02714,0.00335,0.0,0.03526
1586,225,Myelencephalon,neuronal,0.0,0.0,0.0,0.03366,0.00292,0.0,0.02153
1587,143,Myelencephalon,neuronal,0.003,0.0,0.0,0.0,0.0,0.0,0.02095
1588,141,Myelencephalon,neuronal,0.01029,0.0,0.0,0.00586,0.00746,0.0,0.01762
1589,116,Myelencephalon,neuronal,0.00433,0.0,0.0,0.01888,0.0,0.0,0.06768
159,1004,Cerebellum,neuronal,0.00429,0.0,0.0,0.00536,0.0,0.03042,0.03157
1590,161,Spinal cord,neuronal,0.00662,0.0,0.0,0.00271,0.00957,0.0,0.06669
1591,189,Myelencephalon,neuronal,0.0,0.00243,0.0,0.01358,0.0,0.0,0.04884
1592,404,Spinal cord,neuronal,0.0,0.0,0.00282,0.0492,0.00124,0.00182,0.03032
1593,337,Myelencephalon,neuronal,0.00283,0.0,0.0,0.02239,0.0,0.0,0.04352
1594,210,Spinal cord,neuronal,0.0,0.0,0.0,0.00379,0.0,0.00473,0.04626
1595,626,Myelencephalon,neuronal,0.0,0.00099,0.0,0.01631,0.00409,0.0,0.03928
1596,323,Myelencephalon,neuronal,0.0,0.0,0.0,0.00549,0.0,0.00328,0.06414
1597,267,Myelencephalon,neuronal,0.0,0.0,0.0,0.00305,0.0,0.0,0.03912
1598,128,Spinal cord,neuronal,0.0,0.0,0.0,0.00273,0.01036,0.0041,0.04297
1599,389,Myelencephalon,neuronal,0.0,0.00172,0.0,0.01408,0.00379,0.0,0.06143
16,1353,Pons,neuronal,0.00363,0.0,0.0,0.01392,0.00769,0.02195,0.00796
160,500,Cerebellum,neuronal,0.00377,0.0,0.0,0.01548,0.00333,0.03668,0.02476
1600,371,Myelencephalon,neuronal,0.00237,0.0,0.0,0.01716,0.0,0.0,0.05584
1601,166,Myelencephalon,neuronal,0.0,0.0,0.0,0.02096,0.00585,0.0,0.06267
1602,546,Myelencephalon,neuronal,0.0,0.0,0.0,0.01714,0.00149,0.00112,0.06265
1603,148,Spinal cord,neuronal,0.0,0.0,0.0,0.00926,0.0,0.00492,0.04629
1604,162,Myelencephalon,neuronal,0.0,0.0,0.0,0.0,0.0,0.01813,0.03342
1605,496,Myelencephalon,neuronal,0.00214,0.00092,0.0,0.00141,0.0,0.00864,0.04049
1606,285,Myelencephalon,neuronal,0.01148,0.00108,0.0,0.00949,0.01186,0.00859,0.02856
1607,183,Myelencephalon,neuronal,0.00791,0.0,0.0,0.0,0.0,0.0,0.04455
1608,239,Myelencephalon,neuronal,0.00212,0.0,0.0,0.0,0.01253,0.0,0.01143
1609,153,Myelencephalon,neuronal,0.0016,0.0,0.0,0.0,0.00269,0.0,0.03466
1610,121,Myelencephalon,neuronal,0.0,0.0,0.0,0.00764,0.0,0.0,0.03412
1611,88,Myelencephalon,neuronal,0.0,0.0,0.0,0.00477,0.0,0.0,0.02601
1612,58,Myelencephalon,neuronal,0.0107,0.0,0.0,0.0,0.0,0.10348,0.0043
1613,159,Myelencephalon,neuronal,0.00119,0.0,0.00121,0.0,0.00578,0.00346,0.02556
1614,100,Myelencephalon,neuronal,0.0,0.0,0.0,0.0,0.0,0.0,0.00286
1615,137,Myelencephalon,neuronal,0.00957,0.00556,0.0,0.0,0.0,0.01883,0.02413
1616,166,Myelencephalon,neuronal,0.00409,0.00779,0.0,0.005,0.00281,0.00255,0.04061
1617,291,Myelencephalon,neuronal,0.0,0.00085,0.0,0.0,0.00516,0.00539,0.05485
1618,55,Myelencephalon,neuronal,0.0,0.0,0.0,0.0,0.0,0.0,0.02338
1619,123,Myelencephalon,neuronal,0.0,0.00455,0.0,0.00433,0.0,0.0,0.0396
1620,171,Myelencephalon,neuronal,0.00234,0.0,0.0,0.00229,0.0,0.0,0.0297
1621,208,Myelencephalon,neuronal,0.0,0.00081,0.0,0.00352,0.00578,0.0,0.04559
1622,185,Myelencephalon,neuronal,0.02006,0.0,0.0,0.0,0.0,0.00728,0.02504
1623,76,Myelencephalon,neuronal,0.0,0.0,0.0,0.0,0.00829,0.0,0.02214
1624,166,Myelencephalon,neuronal,0.03252,0.0,0.0,0.0,0.0,0.00657,0.06709
1625,132,Myelencephalon,neuronal,0.0,0.0,0.0,0.00194,0.01406,0.00995,0.0686
1626,73,Spinal cord,neuronal,0.02167,0.0,0.0,0.0,0.0633,0.0,0.0837
1627,200,Myelencephalon,neuronal,0.01325,0.0,0.0,0.00236,0.21901,0.0085,0.07169
1628,210,Myelencephalon,neuronal,0.0,0.0,0.0,0.01306,0.0,0.00226,0.02219
1629,126,Myelencephalon,neuronal,0.0243,0.0,0.0,0.00453,0.00661,0.0,0.17145
163,79,Basal nuclei,neuronal,0.0,0.0,0.0,0.0,0.01568,0.01347,0.06549
1630,254,Myelencephalon,neuronal,0.0,0.00132,0.0,0.0,0.0,0.00784,0.05352
1631,219,Myelencephalon,neuronal,0.0,0.0,0.0,0.00662,0.00416,0.0,0.05276
1632,200,Spinal cord,neuronal,0.0,0.0,0.0,0.02091,0.0,0.0,0.02699
1633,138,Myelencephalon,neuronal,0.0,0.0,0.0,0.01396,0.0,0.0,0.01203
1634,67,Basal nuclei,neuronal,0.00921,0.00267,0.0,0.0,0.01898,0.02797,0.04967
1635,130,Basal nuclei,neuronal,0.0567,0.0,0.0,0.0028,0.00269,0.02368,0.04686
1636,72,Basal nuclei,neuronal,0.0,0.0,0.0,0.00813,0.0,0.01545,0.03306
1637,143,Basal forebrain,neuronal,0.00237,0.0,0.0,0.00655,0.00145,0.00855,0.03115
1638,74,Basal forebrain,neuronal,0.0118,0.0,0.0,0.0,0.00591,0.01784,0.02629
164,798,Basal forebrain,neuronal,0.00177,0.0006,0.0,0.00058,0.00286,0.02713,0.05128
1641,131,Extended amygdala,neuronal,0.00116,0.0,0.0,0.0,0.01268,0.03175,0.08087
1642,131,Hypothalamus,neuronal,0.00141,0.0,0.0,0.00145,0.00219,0.01506,0.05785
1643,250,Myelencephalon,neuronal,0.39175,0.0,0.0,0.01385,0.0,0.0,0.06007
1644,308,Myelencephalon,neuronal,0.05675,0.0,0.0,0.0,0.0,0.00257,0.05469
1645,247,Myelencephalon,neuronal,0.18198,0.00301,0.0,0.00132,0.00658,0.0,0.02522
1646,220,Myelencephalon,neuronal,0.00639,0.0,0.0,0.0089,0.02301,0.00888,0.07653
1647,223,Myelencephalon,neuronal,0.05096,0.00184,0.0,0.00574,0.01084,0.0,0.06469
1648,240,Myelencephalon,neuronal,0.23275,0.0,0.0,0.00505,0.0,0.0,0.03598
1649,294,Myelencephalon,neuronal,0.46883,0.0,0.0,0.01038,0.01177,0.00412,0.05121
165,830,Basal nuclei,neuronal,0.00033,0.00097,0.0,0.00225,0.00181,0.04657,0.06733
1650,279,Myelencephalon,neuronal,0.0902,0.0,0.0,0.00518,0.00404,0.01065,0.06274
1651,73,Myelencephalon,neuronal,0.0,0.0,0.0,0.0,0.0,0.01281,0.04188
1652,454,Myelencephalon,neuronal,0.00968,0.0,0.00083,0.00349,0.00507,0.00812,0.04673
1653,250,Myelencephalon,neuronal,0.0,0.00179,0.00181,0.00237,0.0135,0.00715,0.07362
1654,52,Myelencephalon,neuronal,0.0,0.0,0.0,0.0,0.0,0.07212,0.03025
1655,56,Pons,neuronal,0.00534,0.00804,0.0,0.0,0.0,0.0,0.16769
1656,324,Pons,neuronal,0.0,0.0,0.00155,0.00214,0.00295,0.0042,0.0511
1657,202,Myelencephalon,neuronal,0.00747,0.0,0.0,0.00256,0.00442,0.01482,0.03594
1658,234,Myelencephalon,neuronal,0.00509,0.0026,0.0,0.0,0.00612,0.01335,0.06295
1659,269,Myelencephalon,neuronal,0.0024,0.0,0.0,0.00244,0.00131,0.0,0.04206
166,4595,Basal nuclei,neuronal,0.00315,0.0,0.0,0.00435,0.00194,0.0463,0.0613
1660,93,Myelencephalon,neuronal,0.0,0.0,0.0,0.0,0.0,0.02597,0.0
1661,148,Thalamus,neuronal,0.0407,0.0,0.0,0.0,0.04099,0.0,0.01358
1662,226,Amygdaloid complex,neuronal,0.15329,0.0,0.0,0.00417,0.03827,0.0,0.04208
1663,72,Amygdaloid complex,neuronal,0.0,0.0,0.0,0.0,0.26448,0.0,0.03343
1664,243,Amygdaloid complex,neuronal,0.0,0.00131,0.0,0.0,0.184,0.00356,0.01806
1665,312,Amygdaloid complex,neuronal,0.01106,0.00802,0.0,0.00408,0.01473,0.00087,0.01405
1666,374,Amygdaloid complex,neuronal,0.00234,0.00112,0.0,0.00417,0.04885,0.00134,0.02424
1667,76,Amygdaloid complex,neuronal,0.0,0.0,0.0,0.0,0.05661,0.0,0.0
1668,198,Amygdaloid complex,neuronal,0.0,0.0,0.0,0.00528,0.21219,0.0,0.03879
1669,376,Amygdaloid complex,neuronal,0.0,0.0,0.0,0.00416,0.16389,0.00186,0.03257
167,93,Basal nuclei,neuronal,0.0,0.0,0.0,0.0,0.01701,0.0144,0.06171
1670,234,Amygdaloid complex,neuronal,0.00313,0.00104,0.0,0.0,0.29952,0.0,0.03625
1671,221,Amygdaloid complex,neuronal,0.01097,0.0,0.00236,0.00236,0.43731,0.0,0.03058
1672,90,Amygdaloid complex,neuronal,0.02189,0.0,0.0,0.0,0.34419,0.0,0.0671
1673,154,Amygdaloid complex,neuronal,0.02276,0.0,0.0,0.0,0.06301,0.0,0.02646
1674,89,Thalamus,neuronal,0.02994,0.0,0.0,0.0,0.05217,0.0,0.0383
1675,56,Thalamus,neuronal,0.01066,0.0,0.0,0.01749,0.02515,0.0,0.02682
1676,238,Hypothalamus,neuronal,0.00318,0.0,0.0,0.00876,0.00354,0.0,0.01306
1677,484,Hypothalamus,neuronal,0.00504,0.0,0.0,0.00933,0.00152,0.0,0.02762
1678,492,Hypothalamus,neuronal,0.01647,0.0,0.0,0.00705,0.00174,0.00166,0.02477
1679,359,Hypothalamus,neuronal,0.01674,0.0,0.0,0.00515,0.00394,0.00116,0.02663
168,897,Basal nuclei,neuronal,0.00253,0.00307,0.0,0.00315,0.007,0.01484,0.03242
1680,178,Hypothalamus,neuronal,0.10825,0.0,0.00166,0.00994,0.01033,0.0,0.08672
1681,280,Hypothalamus,neuronal,0.01,0.0,0.0,0.0091,0.0103,0.0,0.0682
1682,314,Hypothalamus,neuronal,0.02295,0.0,0.0,0.01144,0.0,0.0195,0.09209
1683,252,Hypothalamus,neuronal,0.05181,0.0,0.0,0.01115,0.00361,0.0031,0.09573
1684,585,Hypothalamus,neuronal,0.08015,0.0,0.0,0.01563,0.00977,0.00553,0.07673
1685,655,Hypothalamus,neuronal,0.02129,0.00052,0.0,0.0108,0.01582,0.00171,0.10358
1686,1549,Hypothalamus,neuronal,0.20058,0.00047,0.0,0.01188,0.00874,0.01129,0.09327
1687,173,Amygdaloid complex,neuronal,0.002,0.0,0.0,0.0041,1.04531,0.0,0.02784
1688,210,Amygdaloid complex,neuronal,0.0,0.0,0.0,0.00076,0.16636,0.0,0.02304
169,319,Amygdaloid complex,neuronal,0.0,0.0,0.0,0.00448,0.00158,0.01649,0.03708
1690,123,Hypothalamus,neuronal,0.01036,0.00417,0.00266,0.0053,0.0,0.00207,0.08391
1691,334,Thalamus,neuronal,0.00059,0.00396,0.0,0.00936,0.00165,0.0,0.06694
1692,182,Thalamus,neuronal,0.0,0.0,0.0,0.0,0.05112,0.0,0.11135
1693,267,Thalamus,neuronal,0.00209,0.0,0.0,0.0061,0.06695,0.0,0.07721
1694,129,Hypothalamus,neuronal,0.00428,0.0,0.0,0.00446,0.0,0.00696,0.11744
1695,245,Amygdaloid complex,neuronal,0.00198,0.00147,0.0,0.004,0.07712,0.00564,0.03657
1696,75,Amygdaloid complex,neuronal,0.02173,0.0,0.0,0.01294,0.0,0.00239,0.04742
1697,311,Hypothalamus,neuronal,0.01725,0.0,0.0,0.00329,0.00194,0.00065,0.0397
1698,216,Hypothalamus,neuronal,0.0,0.0,0.0,0.00214,0.20041,0.00205,0.01687
1699,198,Amygdaloid complex,neuronal,0.02838,0.0,0.0,0.00052,0.46862,0.01018,0.02064
17,728,Myelencephalon,neuronal,0.00242,0.0,0.0,0.00452,0.0,0.022,0.00197
170,1033,Amygdaloid complex,neuronal,0.00161,0.0038,0.0,0.00277,0.00054,0.0137,0.02372
1700,111,Amygdaloid complex,neuronal,0.03999,0.00853,0.0,0.0,0.00146,0.00433,0.01799
1701,171,Extended amygdala,neuronal,0.00492,0.0,0.00213,0.00135,0.00483,0.00683,0.03568
1702,95,Extended amygdala,neuronal,0.00564,0.0,0.0,0.0,0.0,0.00171,0.0353
1703,119,Amygdaloid complex,neuronal,0.0065,0.00391,0.0,0.00174,0.01104,0.0,0.0239
1704,205,Amygdaloid complex,neuronal,0.14399,0.0,0.0,0.00063,0.00909,0.01224,0.03462
1705,210,Extended amygdala,neuronal,0.03842,0.0,0.0,0.0,0.00471,0.00279,0.02896
1706,143,Extended amygdala,neuronal,0.01254,0.0,0.0,0.00352,0.00943,0.02247,0.03292
1707,215,Extended amygdala,neuronal,0.00663,0.00469,0.00263,0.00469,0.0,0.00177,0.02621
1708,288,Extended amygdala,neuronal,0.04169,0.0,0.0,0.00294,0.0236,0.00647,0.04538
1709,138,Thalamus,neuronal,0.19697,0.0,0.0,0.00791,0.05435,0.0,0.03546
171,1588,Basal nuclei,neuronal,0.00233,0.00015,0.00021,0.00741,0.00406,0.03561,0.0411
1710,131,Extended amygdala,neuronal,0.00929,0.0,0.0,0.00103,0.00998,0.0,0.02193
1711,247,Hypothalamus,neuronal,0.0,0.0,0.0,0.00527,0.04064,0.0,0.02403
1712,146,Extended amygdala,neuronal,0.0111,0.00404,0.0,0.0,0.0065,0.0,0.0201
1713,233,Extended amygdala,neuronal,0.0,0.0,0.0,0.00247,0.07495,0.0,0.02644
1714,435,Thalamus,neuronal,0.00431,0.00072,0.0,0.00197,0.05644,0.0011,0.0186
1715,91,Extended amygdala,neuronal,0.01281,0.00178,0.0,0.00508,0.00378,0.01037,0.08313
1717,79,Hypothalamus,neuronal,0.00822,0.00817,0.0,0.0,0.02483,0.0,0.05555
1718,284,Extended amygdala,neuronal,0.00114,0.0,0.0,0.00152,0.24708,0.0012,0.01621
1719,191,Extended amygdala,neuronal,0.0,0.0,0.0,0.0028,0.40441,0.0,0.0328
172,1074,Basal forebrain,neuronal,0.0,0.0007,0.0,0.00123,0.00215,0.03287,0.03992
1720,143,Extended amygdala,neuronal,0.0,0.0,0.0,0.00317,0.11108,0.0,0.02771
1723,274,Amygdaloid complex,neuronal,0.00607,0.0,0.0,0.0,0.01063,0.0017,0.01447
1724,160,Amygdaloid complex,neuronal,0.0,0.00252,0.0,0.00604,0.02979,0.0,0.0192
1725,102,Amygdaloid complex,neuronal,0.0,0.0025,0.0,0.0,0.02897,0.01056,0.05451
1726,127,Amygdaloid complex,neuronal,0.00472,0.0,0.0,0.00152,0.02528,0.00725,0.01608
1727,111,Amygdaloid complex,neuronal,0.0,0.0,0.0,0.00439,0.03278,0.0,0.01586
1728,169,Amygdaloid complex,neuronal,0.0,0.0,0.0,0.00456,0.09126,0.00609,0.01253
1729,148,Amygdaloid complex,neuronal,0.00583,0.00457,0.0,0.0,0.01682,0.01718,0.03415
173,1402,Basal nuclei,neuronal,0.00214,0.00138,0.00015,0.00472,0.00315,0.03753,0.03658
1730,221,Basal forebrain,neuronal,0.03028,0.0,0.0,0.0,0.04569,0.00232,0.05534
1731,98,Amygdaloid complex,neuronal,0.01112,0.00197,0.0,0.0,0.01582,0.0,0.01432
1732,103,Cerebral cortex,neuronal,0.0,0.0,0.0,0.01341,0.01019,0.02314,0.02166
1733,126,Amygdaloid complex,neuronal,0.0,0.0,0.0,0.0,0.0,0.0,0.00351
1734,275,Amygdaloid complex,neuronal,0.0,0.00145,0.0,0.00212,0.00947,0.0,0.00104
1735,109,Amygdaloid complex,neuronal,0.0,0.0,0.0,0.0,0.09196,0.0,0.00175
1736,118,Amygdaloid complex,neuronal,0.0,0.0,0.0,0.00926,0.00144,0.00583,0.01587
1737,63,Amygdaloid complex,neuronal,0.0,0.0,0.0,0.0,0.01781,0.0,0.01061
1738,120,Amygdaloid complex,neuronal,0.0,0.0,0.0,0.00227,0.0,0.0,0.00458
1739,177,Amygdaloid complex,neuronal,0.0,0.0,0.0,0.00289,0.0,0.0,0.0108
174,81,Basal nuclei,neuronal,0.0,0.0,0.0,0.00355,0.00634,0.03169,0.03422
1740,295,Amygdaloid complex,neuronal,0.0,0.0,0.0,0.00258,0.00441,0.0,0.01038
1741,218,Amygdaloid complex,neuronal,0.0,0.0,0.0,0.00155,0.00662,0.00086,0.01908
1742,100,Amygdaloid complex,neuronal,0.0,0.0,0.0,0.0,0.04068,0.0,0.00281
1743,486,Extended amygdala,neuronal,0.01481,0.0,0.0,0.02001,0.00161,0.00783,0.05249
1744,174,Extended amygdala,neuronal,0.01174,0.0,0.0,0.00158,0.01442,0.01492,0.03106
1745,250,Thalamus,neuronal,0.00491,0.0,0.0,0.0,0.00511,0.00624,0.06256
1746,224,Hypothalamus,neuronal,0.0,0.0,0.0,0.00144,0.0,0.0,0.04394
1747,147,Thalamus,neuronal,0.00336,0.0,0.0,0.03338,0.0559,0.0,0.046
1748,224,Amygdaloid complex,neuronal,0.0,0.0,0.0,0.00126,0.0,0.0,0.04836
1749,152,Amygdaloid complex,neuronal,0.01311,0.0,0.0,0.00651,0.08026,0.0,0.01676
175,128,Basal forebrain,neuronal,0.0,0.0,0.0,0.00874,0.02005,0.02245,0.03379
1750,151,Hypothalamus,neuronal,0.00354,0.0,0.0,0.0,1.80642,0.00281,0.06051
1751,123,Hypothalamus,neuronal,0.00653,0.0,0.0,0.0,0.55135,0.0,0.08899
1752,145,Hypothalamus,neuronal,0.00392,0.0,0.0,0.00631,0.61336,0.0,0.06583
1753,292,Hypothalamus,neuronal,0.16578,0.0,0.0,0.00552,0.05392,0.00372,0.041
1754,249,Thalamus,neuronal,0.07906,0.00123,0.0,0.00367,0.57463,0.0,0.02458
1755,207,Amygdaloid complex,neuronal,0.0024,0.0,0.0,0.0,0.2803,0.00121,0.03695
1756,179,Hypothalamus,neuronal,0.01107,0.0,0.0,0.00496,0.14396,0.0,0.04352
1757,78,Hypothalamus,neuronal,0.0,0.0,0.0,0.0,0.37141,0.0,0.09091
1758,85,Hypothalamus,neuronal,0.0,0.0,0.0,0.01236,0.89321,0.0,0.04262
1759,151,Thalamus,neuronal,0.0,0.0,0.0,0.00435,1.57366,0.0,0.03812
176,759,Amygdaloid complex,neuronal,0.00126,0.00339,0.0,0.00076,0.00593,0.00558,0.03489
1760,179,Thalamus,neuronal,0.00804,0.0,0.0,0.00524,1.25382,0.0,0.03383
1761,256,Thalamus,neuronal,0.35211,0.0,0.0,0.00109,1.13383,0.0,0.047
1762,299,Thalamus,neuronal,0.17037,0.0,0.0,0.00318,0.87516,0.00385,0.05371
1763,265,Thalamus,neuronal,1.16965,0.0,0.0,0.0028,0.31525,0.00248,0.06747
1764,308,Thalamus,neuronal,0.04526,0.00192,0.0,0.00486,0.53563,0.00136,0.04901
1765,144,Amygdaloid complex,neuronal,0.0,0.0,0.0,0.0,0.33121,0.0,0.02066
1766,177,Thalamus,neuronal,0.00356,0.0,0.0,0.0,0.61458,0.0,0.02091
1767,246,Thalamus,neuronal,0.0045,0.0,0.0,0.00318,0.60672,0.0015,0.02564
1768,112,Thalamus,neuronal,0.0,0.0,0.0,0.0,0.45157,0.0,0.03496
1769,184,Amygdaloid complex,neuronal,0.0,0.0,0.0,0.0,0.17934,0.0,0.03885
177,118,Amygdaloid complex,neuronal,0.0037,0.0,0.0,0.0,0.01142,0.00436,0.0299
1770,166,Amygdaloid complex,neuronal,0.0,0.0,0.0,0.0,0.11082,0.0,0.01733
1771,269,Amygdaloid complex,neuronal,0.01056,0.0,0.0,0.01191,0.37359,0.0,0.06789
1772,241,Thalamus,neuronal,0.00938,0.0,0.0,0.00591,0.25939,0.00538,0.04004
1773,102,Thalamus,neuronal,0.0,0.0,0.0,0.0,0.04805,0.0,0.04598
1774,317,Hypothalamus,neuronal,1.17685,0.0,0.0,0.02308,0.2171,0.0,0.05363
1775,165,Thalamus,neuronal,1.98402,0.0,0.0031,0.02176,0.55045,0.00505,0.06455
1776,296,Thalamus,neuronal,1.90772,0.0,0.0,0.0086,0.58012,0.00064,0.04261
1777,66,Thalamus,neuronal,0.0,0.0,0.0,0.0,1.2414,0.0,0.02586
1778,246,Thalamus,neuronal,0.0,0.0,0.0,0.00801,0.96298,0.00085,0.02386
1779,255,Thalamus,neuronal,0.00063,0.0,0.0,0.00222,0.60369,0.0,0.02225
178,370,Extended amygdala,neuronal,0.00235,0.0,0.0,0.00505,0.00722,0.00708,0.03951
1780,191,Thalamus,neuronal,0.0,0.00243,0.0,0.01049,1.01522,0.0,0.09044
1781,83,Amygdaloid complex,neuronal,0.0,0.0,0.0,0.0,0.75675,0.0,0.03492
1782,51,Thalamus,neuronal,0.0,0.0,0.0,0.00401,0.28016,0.0,0.0305
1783,103,Thalamus,neuronal,0.00399,0.0,0.0,0.00322,0.1889,0.0,0.0491
1784,126,Hypothalamus,neuronal,0.03364,0.0,0.0,0.00788,0.17493,0.0,0.0849
1785,136,Hypothalamus,neuronal,0.00388,0.0,0.0,0.0,0.19678,0.00394,0.04296
1786,204,Hypothalamus,neuronal,5.58868,0.01223,0.0,0.01569,0.10937,0.00148,0.09638
1787,428,Hypothalamus,neuronal,5.59819,0.00585,0.0,0.00387,0.37218,0.0,0.03981
1788,219,Hypothalamus,neuronal,4.14221,0.0,0.0,0.01157,0.04209,0.0,0.04089
1789,284,Hypothalamus,neuronal,3.06626,0.0,0.0,0.00445,0.10325,0.00112,0.05587
179,212,Amygdaloid complex,neuronal,0.0,0.00149,0.0,0.0,0.00979,0.0,0.02695
1790,468,Hypothalamus,neuronal,3.40973,0.0013,0.0,0.00359,0.04247,0.00065,0.0432
1791,407,Hypothalamus,neuronal,3.59086,0.00156,0.0,0.00332,0.16997,0.00042,0.03123
1792,431,Hypothalamus,neuronal,1.12578,0.0,0.0,0.00609,0.13393,0.00071,0.0625
1793,274,Hypothalamus,neuronal,1.43469,0.00142,0.0,0.00671,0.06211,0.00166,0.04849
1794,718,Hypothalamus,neuronal,0.16991,0.0,0.0,0.00535,0.09341,0.00172,0.09057
1795,539,Hypothalamus,neuronal,0.4565,0.00105,0.0,0.00864,0.02651,0.00932,0.06774
1796,542,Hypothalamus,neuronal,0.46375,0.00169,0.00077,0.00287,0.16924,0.00611,0.05683
1797,451,Hypothalamus,neuronal,0.0342,0.00098,0.0,0.00381,0.11774,0.00494,0.10152
1798,290,Hypothalamus,neuronal,0.17644,0.00146,0.0,0.01116,0.06657,0.00201,0.0729
1799,135,Hypothalamus,neuronal,0.11236,0.0,0.00318,0.0,0.08843,0.0013,0.05747
18,1007,Myelencephalon,neuronal,0.01306,0.0,0.0,0.01716,0.0,0.0348,0.01461
180,159,Amygdaloid complex,neuronal,0.00474,0.0,0.0,0.0,0.0025,0.0,0.03001
1800,371,Basal forebrain,neuronal,0.0,0.0,0.0,0.00145,0.00302,0.02826,0.03541
1801,136,Basal forebrain,neuronal,0.0,0.0,0.0,0.0,0.0,0.00519,0.02111
1802,296,Basal forebrain,neuronal,0.01463,0.0,0.0,0.00323,0.01024,0.0,0.00824
1803,137,Basal forebrain,neuronal,0.0,0.0,0.0,0.0,0.01499,0.00974,0.02256
1804,122,Basal forebrain,neuronal,0.00465,0.0,0.0,0.0,0.01024,0.03343,0.04329
1805,554,Extended amygdala,neuronal,0.0092,0.0,0.0,0.0044,0.08056,0.00912,0.03618
1806,386,Basal forebrain,neuronal,0.00609,0.0,0.0,0.004,0.02751,0.0079,0.02617
1807,496,Extended amygdala,neuronal,0.0,0.0,0.0,0.00114,0.06145,0.00757,0.03567
1808,484,Extended amygdala,neuronal,0.00024,0.0,0.0,0.0017,0.08981,0.00146,0.02258
1809,542,Extended amygdala,neuronal,0.00282,0.0,0.0,0.00175,0.09942,0.00259,0.02617
181,317,Cerebral cortex,neuronal,0.0,0.0,0.0,0.00098,0.00096,0.01217,0.05448
1810,965,Basal forebrain,neuronal,0.00616,0.0,0.00071,0.00634,0.00529,0.0052,0.01423
1811,284,Extended amygdala,neuronal,0.0,0.0,0.0,0.00072,0.00587,0.00256,0.01635
1812,741,Basal forebrain,neuronal,0.0,0.0,0.0,0.00455,0.00398,0.02577,0.0161
1813,466,Basal forebrain,neuronal,0.0027,0.0,0.00157,0.00206,0.0068,0.0201,0.01234
1814,952,Basal forebrain,neuronal,0.00085,0.0,0.0,0.00203,0.00086,0.01827,0.00624
1815,546,Basal forebrain,neuronal,0.00078,0.0,0.0,0.00985,0.00235,0.01284,0.02357
1816,596,Basal forebrain,neuronal,0.00051,0.0,0.0,0.00175,0.00091,0.03244,0.02311
1817,352,Basal forebrain,neuronal,0.00285,0.0,0.0,0.00648,0.01132,0.01493,0.00639
1818,504,Basal forebrain,neuronal,0.14342,0.0,0.0,0.00565,0.03678,0.03648,0.02871
182,303,Amygdaloid complex,neuronal,0.00213,0.0,0.0,0.00117,0.0,0.00247,0.0549
1820,397,Basal forebrain,neuronal,0.0,0.0,0.0,0.00393,0.00311,0.02306,0.02654
1821,377,Basal forebrain,neuronal,0.00474,0.0,0.0,0.00161,0.01058,0.00342,0.01531
1822,388,Basal forebrain,neuronal,0.0,0.0,0.0,0.00226,0.01565,0.00592,0.01965
1823,217,Basal forebrain,neuronal,0.0,0.0,0.0,0.00612,0.00782,0.01143,0.02479
1824,496,Basal forebrain,neuronal,0.00364,0.0,0.0,0.00307,0.00287,0.0,0.0
1826,464,Hypothalamus,neuronal,0.00097,0.00865,0.00137,0.0014,0.00205,0.01067,0.0462
1827,143,Hypothalamus,neuronal,0.0,0.00329,0.0,0.00264,0.00289,0.02126,0.05417
1828,127,Hypothalamus,neuronal,0.0,0.00196,0.00134,0.00409,0.01987,0.02954,0.08156
1829,118,Hypothalamus,neuronal,0.0,0.00106,0.0,0.00479,0.0054,0.02204,0.0514
183,237,Amygdaloid complex,neuronal,0.0,0.0,0.0,0.0049,0.0033,0.00245,0.04321
1830,80,Hypothalamus,neuronal,0.03035,0.0,0.0,0.00159,0.0,0.01157,0.07127
1831,158,Hypothalamus,neuronal,0.00186,0.00295,0.0,0.01087,0.00709,0.00556,0.04343
1832,245,Hypothalamus,neuronal,0.01265,0.00106,0.0,0.00578,0.01803,0.00719,0.07381
1833,264,Hypothalamus,neuronal,0.00885,0.0,0.0,0.00551,0.0,0.00185,0.05452
1834,218,Hypothalamus,neuronal,0.01545,0.0,0.0,0.00187,0.00182,0.00309,0.02492
1835,437,Hypothalamus,neuronal,0.0109,0.00034,0.00054,0.0,0.001,0.00916,0.02129
1836,323,Hypothalamus,neuronal,0.01404,0.00171,0.0,0.00065,0.00212,0.00756,0.02559
1837,496,Hypothalamus,neuronal,0.00163,0.00174,0.00043,0.00169,0.00178,0.00504,0.06192
1838,224,Hypothalamus,neuronal,0.0,0.00371,0.00052,0.00089,0.00235,0.00176,0.04685
1839,289,Hypothalamus,neuronal,0.00271,0.00156,0.0,0.00087,0.0042,0.01232,0.04152
184,419,Amygdaloid complex,neuronal,0.0,0.00253,0.0,0.0016,0.0,0.00233,0.02913
1840,65,Hypothalamus,neuronal,0.0,0.0,0.0,0.0,0.0,0.0,0.03047
1841,185,Hypothalamus,neuronal,0.00091,0.00051,0.0,0.00314,0.00486,0.00937,0.05174
1842,376,Hypothalamus,neuronal,0.00293,0.00967,0.00068,0.0,0.00526,0.01442,0.06481
1843,173,Hypothalamus,neuronal,0.0,0.00758,0.00677,0.00716,0.0,0.01604,0.02738
1844,252,Hypothalamus,neuronal,0.00048,0.00088,0.0,0.00371,0.00217,0.00198,0.04814
1845,241,Hypothalamus,neuronal,0.0051,0.00216,0.0,0.00396,0.00229,0.00439,0.04454
1846,242,Hypothalamus,neuronal,0.00061,0.00165,0.0,0.00288,0.00347,0.00781,0.01954
1847,554,Hypothalamus,neuronal,0.00482,0.00018,0.00073,0.00052,0.00192,0.0112,0.0174
1848,1550,Hypothalamus,neuronal,0.0025,0.0001,0.00011,0.00059,0.00267,0.01259,0.02677
1849,610,Hypothalamus,neuronal,0.00144,0.02235,0.00409,0.00547,0.00046,0.0079,0.03097
185,150,Hypothalamus,neuronal,0.00161,0.00513,0.0,0.0,0.0,0.0,0.0346
1850,493,Hypothalamus,neuronal,0.00407,0.01266,0.00209,0.00381,0.00408,0.00707,0.02669
1851,596,Hypothalamus,neuronal,0.00166,0.00933,0.00193,0.00332,0.00037,0.00479,0.04179
1852,464,Hypothalamus,neuronal,0.00193,0.00339,0.00276,0.00294,0.00043,0.00845,0.04114
1853,280,Hypothalamus,neuronal,0.0006,0.01141,0.00122,0.00067,0.00041,0.01247,0.03283
1854,1264,Hypothalamus,neuronal,0.00143,0.00344,0.00143,0.00168,0.0011,0.01237,0.02807
1855,1198,Hypothalamus,neuronal,0.00327,0.01199,0.00159,0.00344,0.00215,0.01161,0.05746
1856,2007,Hypothalamus,neuronal,0.0019,0.00759,0.00109,0.00526,0.00173,0.00819,0.04477
1857,454,Hypothalamus,neuronal,0.00184,0.00945,0.0023,0.00323,0.00191,0.01233,0.06466
1859,234,Midbrain,neuronal,0.0,0.00265,0.0,0.0,0.00562,0.0,0.04966
186,139,Hypothalamus,neuronal,0.06585,0.0,0.0,0.00754,0.13581,0.0,0.03726
1860,347,Midbrain,neuronal,0.0,0.00755,0.00131,0.0,0.0,0.00383,0.01533
1861,285,Midbrain,neuronal,0.0,0.02055,0.00123,0.00365,0.00081,0.00149,0.05377
1862,380,Midbrain,neuronal,0.0,0.02861,0.00068,0.0,0.0,0.00089,0.03952
1863,84,Thalamus,neuronal,0.00055,0.04723,0.0089,0.0026,0.00701,0.01021,0.01816
1864,178,Midbrain,neuronal,0.02614,0.00366,0.00199,0.0,0.00497,0.01469,0.04623
1866,230,Midbrain,neuronal,0.00116,0.02545,0.0,0.0009,0.00699,0.00246,0.06473
1867,629,Midbrain,neuronal,0.01426,0.00329,0.0005,0.00229,0.00528,0.00526,0.06297
1869,253,Midbrain,neuronal,0.01079,0.00492,0.0,0.0,0.0,0.00392,0.09569
187,103,Amygdaloid complex,neuronal,0.0,0.0,0.0,0.00149,0.05966,0.0,0.02853
1870,107,Midbrain,neuronal,0.01288,0.0,0.0,0.0,0.0,0.0,0.09222
1871,107,Midbrain,neuronal,0.03007,0.00125,0.0,0.00137,0.00292,0.0039,0.02289
1872,87,Midbrain,neuronal,0.0,0.0,0.0,0.0,0.0,0.00313,0.06893
1873,88,Midbrain,neuronal,0.0,0.0,0.0,0.01367,0.0,0.00973,0.04245
1874,130,Midbrain,neuronal,0.0652,0.0,0.0,0.0,0.00368,0.00689,0.04292
1875,114,Midbrain,neuronal,0.22624,0.00161,0.0,0.00161,0.0,0.00622,0.03671
1876,112,Midbrain,neuronal,0.31397,0.0,0.0,0.00103,0.0,0.01143,0.02457
1877,98,Midbrain,neuronal,0.07041,0.0,0.0,0.0,0.0,0.0194,0.06409
1878,178,Midbrain,neuronal,0.00166,0.00082,0.00323,0.00152,0.00201,0.03415,0.08191
1879,161,Midbrain,neuronal,0.0,0.00801,0.0,0.00442,0.00055,0.01525,0.05674
188,306,Amygdaloid complex,neuronal,0.0,0.00114,0.0,0.0,0.03685,0.0,0.02503
1880,112,Thalamus,neuronal,0.00747,0.00957,0.00543,0.0,0.0,0.0,0.04574
1881,94,Thalamus,neuronal,0.0,0.00721,0.0,0.0,0.00186,0.03036,0.16416
1882,53,Thalamus,neuronal,0.04207,0.0,0.0,0.0,0.0,0.0,0.13945
1883,54,Thalamus,neuronal,0.03252,0.0,0.0,0.0,0.0,0.0,0.08222
1884,74,Thalamus,neuronal,0.02636,0.0,0.0,0.0,0.0,0.00676,0.07508
1885,133,Thalamus,neuronal,0.05997,0.00536,0.0,0.01385,0.00517,0.00607,0.14198
1886,93,Midbrain,neuronal,0.0,0.00821,0.0,0.0,0.0,0.00205,0.05766
1887,98,Midbrain,neuronal,0.00647,0.0,0.0,0.00721,0.00808,0.0,0.08267
1888,50,Midbrain,neuronal,0.0,0.0,0.0,0.0,0.0,0.0,0.09864
1889,202,Midbrain,neuronal,0.0,0.0,0.00213,0.0,0.00352,0.02002,0.04713
189,181,Amygdaloid complex,neuronal,0.0,0.0,0.0,0.00161,0.11919,0.0,0.01752
1890,80,Midbrain,neuronal,0.00956,0.007,0.0,0.0,0.0,0.0,0.10921
1891,145,Midbrain,neuronal,0.00214,0.0,0.0,0.00731,0.00536,0.00181,0.08964
1892,322,Midbrain,neuronal,0.0,0.00063,0.0,0.0,0.00523,0.0,0.1022
1893,125,Midbrain,neuronal,0.0,0.0,0.0,0.0,0.00594,0.01239,0.14772
1894,129,Midbrain,neuronal,0.00219,0.0,0.0,0.0,0.00187,0.0,0.13226
1895,64,Midbrain,neuronal,0.0,0.0,0.0,0.0,0.00817,0.0,0.03194
1896,103,Midbrain,neuronal,0.0,0.0,0.0,0.00935,0.0,0.0,0.08423
1897,89,Midbrain,neuronal,0.00195,0.0,0.0,0.0,0.0,0.0,0.08553
1898,253,Midbrain,neuronal,0.03796,0.0,0.0,0.00102,0.00245,0.02273,0.1003
1899,129,Midbrain,neuronal,0.02858,0.0,0.0,0.0,0.0,0.02363,0.1563
19,839,Myelencephalon,neuronal,0.00244,0.0,0.0,0.02338,0.00866,0.01155,0.00675
1900,312,Midbrain,neuronal,0.01819,0.0,0.0,0.00283,0.0093,0.00553,0.10268
1901,224,Midbrain,neuronal,0.0031,0.00274,0.0026,0.0016,0.0414,0.0,0.09947
1902,349,Midbrain,neuronal,0.00151,0.00444,0.0,0.0,0.0,0.00217,0.09013
1903,286,Midbrain,neuronal,0.04878,0.0,0.0,0.00767,0.0,0.00811,0.08853
1904,237,Midbrain,neuronal,0.00484,0.0,0.0,0.00355,0.00263,0.04533,0.12965
1905,316,Midbrain,neuronal,0.08879,0.0,0.0,0.0,0.0,0.04095,0.12417
1907,169,Midbrain,neuronal,0.04671,0.00417,0.0,0.00926,0.00984,0.00328,0.12329
1908,89,Midbrain,neuronal,0.0,0.0,0.0,0.00478,0.0,0.0,0.04809
1909,106,Midbrain,neuronal,0.0,0.0,0.0,0.03421,0.0,0.0,0.05302
191,358,Extended amygdala,neuronal,0.00175,0.0006,0.0,0.00314,0.00695,0.0,0.02929
1910,128,Midbrain,neuronal,0.0,0.0051,0.0,0.0,0.01074,0.0,0.0528
1911,106,Midbrain,neuronal,0.0,0.0,0.0,0.00771,0.0,0.0,0.16517
1912,78,Midbrain,neuronal,0.0,0.0,0.0,0.0,0.0,0.02211,0.20302
1913,56,Midbrain,neuronal,0.0,0.0,0.0,0.01734,0.0,0.0,0.21729
1914,174,Midbrain,neuronal,0.0,0.0,0.0,0.00285,0.0,0.00342,0.05827
1915,98,Midbrain,neuronal,0.0,0.0,0.0,0.0,0.0,0.0,0.1175
1916,104,Midbrain,neuronal,0.0,0.0,0.0,0.00499,0.0,0.01339,0.03219
1917,182,Midbrain,neuronal,0.00365,0.0,0.0,0.0,0.00468,0.01984,0.02835
1918,351,Midbrain,neuronal,0.0,0.0,0.0,0.003,0.00065,0.0028,0.07769
1919,527,Midbrain,neuronal,0.0,0.00747,0.0,0.00289,0.00063,0.00356,0.06876
192,251,Basal forebrain,neuronal,0.00448,0.0,0.0,0.0,0.03916,0.0,0.04757
1920,131,Midbrain,neuronal,0.0,0.0,0.0,0.0,0.0,0.0,0.05923
1921,385,Midbrain,neuronal,0.0,0.00707,0.0,0.00835,0.0,0.00371,0.04665
1922,92,Midbrain,neuronal,0.01974,0.0,0.0,0.0,0.0,0.0,0.02152
1923,341,Midbrain,neuronal,0.0,0.0,0.0,0.00469,0.00274,0.0,0.00763
1924,383,Midbrain,neuronal,0.0,0.00379,0.0,0.0,0.00908,0.00982,0.0312
1925,210,Midbrain,neuronal,0.0,0.00222,0.0,0.00887,0.0,0.0,0.01833
1926,673,Midbrain,neuronal,0.00052,0.0,0.0,0.0,0.00225,0.00213,0.04948
1927,239,Midbrain,neuronal,0.00352,0.0,0.0,0.0,0.01239,0.00584,0.0612
1928,341,Midbrain,neuronal,0.00121,0.00745,0.0,0.0,0.00548,0.01084,0.07438
1929,139,Midbrain,neuronal,0.0,0.0,0.0,0.00899,0.0,0.01054,0.01298
193,350,Basal nuclei,neuronal,0.0,0.0,0.00097,0.00741,0.01314,0.0,0.02518
1930,131,Midbrain,neuronal,0.03915,0.0,0.0,0.00531,0.0,0.02712,0.12299
1931,235,Midbrain,neuronal,0.0,0.00646,0.0,0.0,0.0,0.0,0.06404
1932,485,Midbrain,neuronal,0.00232,0.0,0.0,0.00419,0.00534,0.01517,0.07587
1933,177,Midbrain,neuronal,0.0,0.0,0.0,0.0,0.00461,0.00853,0.06693
1934,151,Midbrain,neuronal,0.0,0.0,0.0,0.0,0.0,0.0,0.07075
1935,209,Midbrain,neuronal,0.0,0.00678,0.0,0.00167,0.00329,0.0,0.03555
1936,199,Midbrain,neuronal,0.0,0.0,0.0,0.00836,0.0,0.0,0.07394
1937,164,Midbrain,neuronal,0.0,0.0,0.0,0.0,0.00259,0.0,0.05762
1938,517,Amygdaloid complex,neuronal,0.0011,0.0,0.0,0.00678,0.0,0.00151,0.01243
1939,533,Cerebral cortex,neuronal,0.00025,0.01285,0.00284,0.00629,0.00118,0.00076,0.01376
194,264,Basal forebrain,neuronal,0.0,0.0,0.0,0.00168,0.02745,0.0,0.02332
1940,377,Amygdaloid complex,neuronal,0.0,0.00729,0.0,0.00735,0.0,0.00129,0.01022
1941,532,Amygdaloid complex,neuronal,0.0,0.00258,0.0,0.00148,0.00215,0.00105,0.01246
1942,506,Amygdaloid complex,neuronal,0.0016,0.00069,0.0,0.00027,0.00116,0.00065,0.00811
1943,468,Cerebral cortex,neuronal,0.00558,0.00326,0.00103,0.00067,0.00082,0.0,0.01001
1944,232,Cerebral cortex,neuronal,0.00122,0.0,0.0,0.00282,0.00052,0.00208,0.01216
1945,624,Hypothalamus,neuronal,0.00105,0.0,0.0,0.00501,0.00457,0.0,0.01009
1946,101,Cerebral cortex,neuronal,0.0,0.00288,0.0,0.0,0.0,0.0,0.01094
1947,182,Cerebral cortex,neuronal,0.0,0.0,0.0,0.0,0.00326,0.0,0.01738
1948,734,Cerebral cortex,neuronal,0.00206,0.0,0.00041,0.00362,0.00419,0.00115,0.01305
1949,830,Cerebral cortex,neuronal,0.00165,0.0,0.0,0.00719,0.0061,0.00128,0.01047
195,384,Amygdaloid complex,neuronal,0.00064,0.00109,0.0,0.00221,0.0015,0.00114,0.02411
1950,572,Cerebral cortex,neuronal,0.0,0.00156,0.00132,0.00658,0.004,0.00148,0.00836
1951,504,Amygdaloid complex,neuronal,0.00294,0.00322,0.0,0.00492,0.00214,0.0,0.01904
1952,252,Cerebral cortex,neuronal,0.01332,0.0014,0.0,0.001,0.02019,0.00173,0.00581
1953,147,Cerebral cortex,neuronal,0.0,0.01559,0.0,0.01125,0.00792,0.0,0.02105
1954,379,Cerebral cortex,neuronal,0.00444,0.01584,0.0,0.0092,0.00194,0.0,0.01441
1955,665,Amygdaloid complex,neuronal,0.0023,0.00519,0.0,0.00559,0.00077,0.00166,0.01643
1956,551,Cerebral cortex,neuronal,0.00232,0.00839,0.0,0.00768,0.00374,0.00087,0.01237
1957,234,Amygdaloid complex,neuronal,0.00091,0.0145,0.0047,0.00481,0.01402,0.0,0.01878
1958,691,Amygdaloid complex,neuronal,0.0,0.0,0.0,0.00447,0.00432,0.0005,0.00717
1959,139,Amygdaloid complex,neuronal,0.0,0.0,0.0,0.0,0.02032,0.0,0.01233
196,85,Amygdaloid complex,neuronal,0.0,0.0,0.0,0.0,0.00366,0.00613,0.04439
1960,326,Cerebral cortex,neuronal,0.00295,0.0,0.0,0.01204,0.0134,0.0,0.00218
1962,285,Amygdaloid complex,neuronal,0.0,0.0,0.0,0.01951,0.00418,0.0,0.01471
1963,265,Cerebral cortex,neuronal,0.0,0.0,0.0,0.01113,0.00453,0.0,0.0
1964,190,Cerebral cortex,neuronal,0.01238,0.0,0.0,0.02048,0.01119,0.0,0.00606
1965,177,Cerebral cortex,neuronal,0.0,0.0,0.0,0.00262,0.0,0.0,0.00819
1966,197,Cerebral cortex,neuronal,0.0,0.0,0.0,0.0,0.0,0.0,0.00246
1967,150,Cerebral cortex,neuronal,0.0,0.0,0.0,0.0,0.0,0.00517,0.02188
1968,211,Cerebral cortex,neuronal,0.0,0.0,0.0,0.0,0.0,0.0,0.01897
1969,280,Cerebral cortex,neuronal,0.00217,0.0,0.0,0.00859,0.0,0.0,0.00751
197,190,Amygdaloid complex,neuronal,0.0,0.00348,0.0,0.00286,0.01338,0.0,0.02124
1970,304,Cerebral cortex,neuronal,0.0,0.0,0.0,0.01892,0.0,0.0,0.0
1971,74,Cerebral cortex,neuronal,0.0,0.0,0.0,0.00551,0.0,0.0,0.02929
1973,353,Basal forebrain,neuronal,0.0,0.0,0.0,0.0,0.02501,0.0,0.00829
1974,353,Basal nuclei,neuronal,0.0,0.0,0.0,0.00209,0.01197,0.00255,0.00834
1975,521,Basal nuclei,neuronal,0.00108,0.0,0.0,0.00967,0.00633,0.00225,0.00968
1976,479,Basal forebrain,neuronal,0.00211,0.0,0.0,0.00469,0.02433,0.00262,0.00981
1977,521,Basal forebrain,neuronal,0.0,0.0,0.0,0.00337,0.00841,0.0,0.01105
1978,339,Basal nuclei,neuronal,0.0037,0.0,0.0,0.00784,0.00092,0.0,0.01103
1979,622,Basal forebrain,neuronal,0.0,0.0,0.0,0.00702,0.01169,0.00076,0.00812
198,487,Cerebral cortex,neuronal,0.00062,0.00093,0.0,0.00158,0.00456,0.0,0.02599
1980,291,Basal nuclei,neuronal,0.0,0.0,0.0,0.00242,0.01823,0.0,0.01016
1981,654,Basal nuclei,neuronal,0.00341,0.0,0.0,0.00399,0.00346,0.00109,0.00734
1982,213,Basal nuclei,neuronal,0.00477,0.0,0.0,0.00208,0.0,0.0,0.00134
1983,791,Basal nuclei,neuronal,0.00089,0.0,0.0,0.00665,0.00199,0.00068,0.00741
1984,446,Basal nuclei,neuronal,0.00166,0.0,0.0,0.00295,0.00108,0.00132,0.01022
1985,308,Basal nuclei,neuronal,0.0,0.0,0.0,0.00132,0.00063,0.0,0.00693
1986,452,Basal nuclei,neuronal,0.00067,0.00076,0.00093,0.00193,0.00088,0.00055,0.0
1987,753,Basal nuclei,neuronal,0.00211,0.00087,0.0,0.00594,0.00158,0.00073,0.00617
1988,348,Basal nuclei,neuronal,0.0,0.0,0.0,0.00927,0.0,0.0,0.012
1989,304,Basal nuclei,neuronal,0.00122,0.0,0.0,0.00602,0.0,0.00289,0.00704
199,634,Cerebral cortex,neuronal,0.00124,0.00081,0.00165,0.00341,0.003,0.00041,0.03095
1990,512,Basal nuclei,neuronal,0.00097,0.00098,0.0,0.00225,0.00177,0.00052,0.00809
1991,191,Basal nuclei,neuronal,0.0,0.0,0.0,0.00171,0.0,0.0,0.00696
1992,290,Basal nuclei,neuronal,0.0,0.0,0.0,0.00598,0.0,0.00105,0.01043
1993,292,Basal nuclei,neuronal,0.0,0.0,0.0,0.0,0.00321,0.0,0.00585
1994,302,Basal nuclei,neuronal,0.0017,0.0,0.0,0.00244,0.00572,0.0,0.00417
1995,300,Extended amygdala,neuronal,0.0,0.0,0.0,0.00449,0.01627,0.0,0.01342
1996,311,Amygdaloid complex,neuronal,0.0,0.0,0.0,0.00756,0.00881,0.0,0.01197
1997,316,Amygdaloid complex,neuronal,0.0,0.0,0.0,0.00246,0.00419,0.0,0.00662
1998,195,Basal nuclei,neuronal,0.0,0.0,0.0,0.00629,0.0,0.0,0.01561
1999,244,Amygdaloid complex,neuronal,0.0,0.00412,0.0,0.01023,0.00287,0.0,0.00884
2,187,Cerebellum,neuronal,0.0,0.0,0.0,0.02785,0.0,0.0636,0.01071
20,1465,Myelencephalon,neuronal,0.0,0.0,0.0,0.0246,0.00667,0.00661,0.01392
200,371,Amygdaloid complex,neuronal,0.0,0.00291,0.0,0.00335,0.00119,0.00321,0.01802
2000,344,Basal forebrain,neuronal,0.00454,0.00106,0.0,0.00623,0.00204,0.0,0.01389
2001,451,Amygdaloid complex,neuronal,0.0,0.0,0.0,0.00381,0.00599,0.0,0.00959
2002,510,Amygdaloid complex,neuronal,0.0008,0.0,0.0,0.00275,0.00437,0.0,0.01259
2003,252,Amygdaloid complex,neuronal,0.0,0.0,0.0,0.00138,0.02433,0.0,0.00221
2004,467,Amygdaloid complex,neuronal,0.00203,0.0,0.0,0.00104,0.00696,0.0014,0.0076
2005,1324,Basal forebrain,neuronal,0.00096,0.0,0.0,0.00103,0.0204,0.00172,0.01251
2006,891,Basal forebrain,neuronal,0.00027,0.0,0.00036,0.00183,0.00515,0.0,0.00595
2007,800,Basal forebrain,neuronal,0.00169,0.0,0.0,0.00386,0.01971,0.0,0.01405
2008,1032,Basal forebrain,neuronal,0.00056,0.0,0.0,0.00434,0.03122,0.00035,0.00833
2009,678,Extended amygdala,neuronal,0.00076,0.00059,0.0,0.0033,0.0149,0.0,0.01137
201,405,Cerebral cortex,neuronal,0.00115,0.0,0.0,0.0008,0.00722,0.0,0.0497
2010,735,Basal forebrain,neuronal,0.00086,0.0,0.0,0.00241,0.01557,0.00173,0.00814
2011,133,Amygdaloid complex,neuronal,0.0,0.0067,0.0,0.0,0.0,0.0,0.01488
2013,57,Hypothalamus,neuronal,0.0,0.0,0.0,0.0,0.0,0.0,0.005
2014,165,Amygdaloid complex,neuronal,0.0,0.0,0.0,0.0,0.0144,0.0,0.00513
2015,90,Hypothalamus,neuronal,0.0,0.0,0.0,0.0107,0.068,0.00248,0.00971
2016,881,Hypothalamus,neuronal,0.00044,0.0,0.0,0.00436,0.11043,0.00039,0.01372
2017,280,Hypothalamus,neuronal,0.00103,0.0,0.0,0.00724,0.08207,0.0,0.01632
2018,1475,Basal forebrain,neuronal,0.00051,0.00075,0.00026,0.00384,0.10128,0.00065,0.01719
2019,1041,Basal nuclei,neuronal,0.0011,0.00017,0.00019,0.0036,0.032,0.00045,0.0119
202,644,Cerebral cortex,neuronal,0.00192,0.00088,0.0,0.00169,0.0238,0.00032,0.07186
2020,1520,Basal nuclei,neuronal,0.00102,0.00074,0.0,0.00601,0.00981,0.00067,0.01903
2021,950,Basal forebrain,neuronal,0.0,0.00504,0.00062,0.00705,0.04028,0.00124,0.01534
2022,394,Basal nuclei,neuronal,0.00048,0.00183,0.0,0.00429,0.00036,0.00115,0.01465
2023,6453,Basal nuclei,neuronal,0.00093,0.00119,0.00025,0.0047,0.00144,0.00112,0.02274
2024,1438,Basal nuclei,neuronal,0.00069,0.00122,0.00068,0.00453,0.00235,0.00145,0.0253
2025,3307,Basal nuclei,neuronal,0.00032,0.00074,0.00039,0.00351,0.00073,0.00044,0.01968
2026,2989,Basal nuclei,neuronal,0.00092,0.0013,0.00012,0.00452,0.00217,0.00099,0.01709
2027,1324,Basal nuclei,neuronal,0.00073,0.00234,0.00096,0.00623,0.00201,0.00021,0.01867
2028,2905,Basal nuclei,neuronal,0.00109,0.00109,0.00013,0.00362,0.00128,0.00095,0.01735
2029,2964,Basal nuclei,neuronal,0.00136,0.0013,0.0,0.00453,0.00247,0.00044,0.02276
203,994,Cerebral cortex,neuronal,0.00067,0.0,0.0,0.00132,0.02977,0.00058,0.06915
2030,1963,Basal nuclei,neuronal,0.00061,0.001,0.00035,0.00461,0.00154,0.00056,0.02024
2031,473,Basal nuclei,neuronal,0.0,0.0,0.0,0.00243,0.00348,0.00157,0.01196
2032,459,Basal forebrain,neuronal,0.00232,0.00233,0.0,0.00272,0.00145,0.0,0.01677
2033,2538,Basal nuclei,neuronal,0.00113,0.00197,0.00012,0.00426,0.00102,0.00218,0.02472
2034,1062,Basal nuclei,neuronal,0.00117,0.0015,0.0,0.00478,0.00116,0.0,0.01548
2035,2642,Basal nuclei,neuronal,0.00144,0.00264,0.00032,0.00448,0.00105,0.00149,0.02358
2036,834,Basal nuclei,neuronal,0.00145,0.00196,0.00087,0.0064,0.00131,0.0,0.02087
2037,2407,Basal forebrain,neuronal,0.001,0.00061,0.0,0.00382,0.00301,0.00114,0.02717
2038,1260,Basal forebrain,neuronal,0.00217,0.00077,0.00029,0.00424,0.01076,0.0,0.02534
2039,2004,Basal forebrain,neuronal,0.00195,0.00058,0.00036,0.00322,0.01928,0.00015,0.02142
204,89,Cerebral cortex,neuronal,0.0,0.0,0.0,0.00282,0.0,0.0,0.04606
2040,1785,Basal forebrain,neuronal,0.00075,0.00056,0.0,0.00524,0.00099,0.00055,0.0289
2041,749,Basal nuclei,neuronal,0.0,0.00355,0.00074,0.00544,0.01237,0.00053,0.02649
2042,581,Basal forebrain,neuronal,0.00468,0.0017,0.0,0.00201,0.01242,0.00247,0.01388
2043,1512,Basal nuclei,neuronal,0.00085,0.00132,0.00017,0.00536,0.0045,0.00018,0.01636
2044,1743,Basal nuclei,neuronal,0.00245,0.00372,0.0,0.00478,0.00078,0.00124,0.02014
2045,2553,Basal forebrain,neuronal,0.00169,0.00144,0.0,0.00415,0.01875,0.00017,0.01888
2046,1939,Basal forebrain,neuronal,0.00083,0.00034,0.0,0.00726,0.03083,0.00014,0.01992
2047,1899,Hypothalamus,neuronal,0.00095,0.00211,7e-05,0.00193,0.02098,0.00135,0.0231
2048,1775,Basal forebrain,neuronal,0.00089,0.00143,0.0,0.00831,0.00078,0.00036,0.02001
2049,605,Basal forebrain,neuronal,0.00083,0.0,0.0,0.00669,0.00821,0.0,0.02666
205,1121,Cerebral cortex,neuronal,0.00173,0.0,0.0,0.00203,0.0145,0.0,0.05941
2050,606,Hypothalamus,neuronal,0.00387,0.00088,0.0,0.00662,0.02127,0.0,0.01911
2051,617,Basal forebrain,neuronal,0.00082,0.00043,0.0,0.00624,0.0083,0.00105,0.01724
2052,127,Extended amygdala,neuronal,0.0,0.0,0.0,0.00742,0.00903,0.0,0.05646
2053,759,Extended amygdala,neuronal,0.00094,0.00303,0.0,0.00479,0.01749,0.00138,0.02292
2054,392,Amygdaloid complex,neuronal,0.00121,0.0,0.00042,0.0033,0.01112,0.00154,0.01615
2055,459,Basal forebrain,neuronal,0.0,0.0,0.0,0.00111,0.03052,0.0,0.01511
2056,580,Basal nuclei,neuronal,0.0,0.00194,0.0,0.00257,0.00594,0.00167,0.02251
2057,647,Basal forebrain,neuronal,0.00036,0.00083,0.00042,0.00237,0.01145,0.00231,0.01485
2058,329,Hypothalamus,neuronal,0.0,0.0,0.0,0.00536,0.0299,0.0,0.01658
2059,863,Hypothalamus,neuronal,0.00121,0.00087,0.0,0.00661,0.01264,0.0004,0.01397
206,1144,Cerebral cortex,neuronal,0.00251,0.00024,0.0,0.00165,0.02929,0.00161,0.04101
2060,316,Basal forebrain,neuronal,0.00234,0.0,0.0,0.00879,0.04199,0.00057,0.00888
2061,1084,Basal nuclei,neuronal,0.00087,0.0,0.0,0.00434,0.00184,0.00082,0.01143
2062,958,Basal nuclei,neuronal,0.00044,0.00123,0.0,0.0049,0.00333,0.00082,0.01328
2063,514,Basal nuclei,neuronal,0.0015,0.00037,0.0,0.00616,0.00335,0.00103,0.00846
2064,1346,Basal nuclei,neuronal,0.00124,0.0014,0.0,0.00272,0.00068,0.00117,0.00811
2065,676,Basal nuclei,neuronal,0.00028,0.00117,0.0,0.00229,0.00081,0.00157,0.00797
2066,151,Basal nuclei,neuronal,0.0,0.0,0.0,0.01021,0.0,0.0,0.03073
2067,1558,Basal nuclei,neuronal,0.0001,0.00115,0.00021,0.00494,0.00279,0.00018,0.01621
2068,743,Basal nuclei,neuronal,0.00038,0.00069,0.00036,0.00555,0.00391,0.00018,0.01299
2069,1067,Basal nuclei,neuronal,0.00016,0.00122,0.00036,0.00418,0.00278,0.00062,0.00954
207,797,Cerebral cortex,neuronal,0.0,0.00165,0.0,0.00335,0.01859,0.00124,0.0407
2070,857,Basal nuclei,neuronal,0.0,0.00096,0.0006,0.0028,0.00209,0.0004,0.00719
2071,1457,Basal nuclei,neuronal,0.00029,0.00196,0.0,0.0048,0.00265,0.0,0.00926
2072,1458,Basal nuclei,neuronal,0.00036,0.00239,0.00071,0.00536,0.00032,0.00125,0.00984
2073,12273,Basal nuclei,neuronal,0.00055,0.00085,0.00029,0.00351,0.00105,0.00065,0.01016
2074,7149,Basal nuclei,neuronal,0.00035,0.00059,0.00023,0.00261,0.00147,0.00102,0.01069
2075,1147,Basal nuclei,neuronal,0.00033,0.00098,0.0,0.00351,0.00025,0.00061,0.01921
2076,879,Basal nuclei,neuronal,0.0003,0.00096,0.0,0.00181,0.00057,0.00171,0.02142
2077,1525,Basal nuclei,neuronal,0.0006,0.00171,0.0,0.00172,0.00055,0.00144,0.01388
2078,2934,Basal nuclei,neuronal,0.00028,0.00038,0.00022,0.00287,0.00055,0.00104,0.01266
2079,2646,Basal nuclei,neuronal,0.00059,0.00087,0.00018,0.0028,0.00062,0.00066,0.01303
208,861,Cerebral cortex,neuronal,0.00092,0.0,0.0,0.00407,0.01387,0.00115,0.04228
2080,1676,Basal nuclei,neuronal,0.00108,0.00086,0.00056,0.00221,0.00144,0.00033,0.0111
2081,3342,Basal nuclei,neuronal,0.00123,0.00148,0.00052,0.00321,0.00106,0.0015,0.01279
2082,2084,Basal nuclei,neuronal,0.0007,0.00067,0.0,0.00456,0.00067,0.00061,0.01072
2083,772,Basal nuclei,neuronal,0.00046,0.0,0.00046,0.0033,0.00104,0.00066,0.01279
2084,1084,Basal nuclei,neuronal,0.00039,0.00016,0.0,0.0032,0.00034,0.00125,0.01054
2085,4359,Basal nuclei,neuronal,0.00065,0.00077,0.00013,0.00201,0.00115,0.00015,0.00993
2086,1159,Basal nuclei,neuronal,0.00036,0.00117,0.00041,0.00524,0.00017,0.00143,0.01447
2087,3697,Basal nuclei,neuronal,0.00106,0.00112,9e-05,0.00372,0.00056,0.00115,0.01134
2088,890,Basal nuclei,neuronal,0.0,0.00305,0.0,0.00391,0.00249,0.00053,0.00922
2089,172,Hippocampus,neuronal,0.0,0.0,0.0,0.00252,0.00256,0.00644,0.02087
209,553,Cerebral cortex,neuronal,0.0,0.00175,0.0,0.00154,0.02138,0.00026,0.04198
2090,194,Basal nuclei,neuronal,0.0,0.00313,0.0,0.00486,0.00171,0.0,0.00682
2091,258,Basal nuclei,neuronal,0.0,0.00163,0.0,0.0077,0.0,0.00052,0.00702
2092,411,Basal nuclei,neuronal,0.00036,0.00084,0.0,0.00363,0.00146,0.0004,0.00388
2093,689,Basal nuclei,neuronal,0.00107,0.00082,0.0,0.00794,0.00864,0.0,0.01156
2094,297,Basal forebrain,neuronal,0.00461,0.00189,0.0,0.0,0.03688,0.0,0.01755
2095,372,Basal forebrain,neuronal,0.0,0.00109,0.0,0.01021,0.04517,0.00383,0.01061
2096,350,Basal nuclei,neuronal,0.00027,0.00093,0.0,0.00767,0.04198,0.00094,0.0154
2097,960,Hypothalamus,neuronal,0.00919,0.0,0.0,0.0042,0.14363,0.00162,0.00882
2098,776,Extended amygdala,neuronal,0.00062,0.0,0.0,0.00501,0.06703,0.00227,0.00723
2099,1354,Extended amygdala,neuronal,0.0016,0.0,0.0,0.00298,0.02017,0.00072,0.01167
210,678,Cerebral cortex,neuronal,0.00045,0.0,0.0,0.00513,0.05483,0.00043,0.06552
2100,718,Basal forebrain,neuronal,0.0,0.0,0.0,0.00463,0.04526,0.00117,0.00702
2101,896,Cerebral cortex,neuronal,0.00022,0.0,0.0,0.00122,0.11159,0.00065,0.00946
2102,57,Amygdaloid complex,neuronal,0.0,0.0,0.0,0.0,0.14871,0.00696,0.01634
2103,122,Amygdaloid complex,neuronal,0.0,0.0,0.0,0.0,0.02209,0.00198,0.02863
2105,51,Amygdaloid complex,neuronal,0.15331,0.0,0.0,0.0,0.06609,0.0,0.01623
2106,76,Amygdaloid complex,neuronal,0.00674,0.0,0.0,0.0,0.15756,0.0,0.01464
2107,56,Amygdaloid complex,neuronal,0.0,0.0,0.0,0.0,0.14818,0.0,0.02005
2108,415,Hypothalamus,neuronal,0.00067,0.0,0.0,0.0113,0.13031,0.00101,0.01003
2109,366,Extended amygdala,neuronal,0.00193,0.0,0.0,0.00423,0.07586,0.0,0.00489
211,755,Cerebral cortex,neuronal,0.00038,0.00112,0.0,0.00037,0.07309,0.00041,0.09618
2110,636,Basal forebrain,neuronal,0.00062,0.0,0.0,0.00333,0.16557,0.0,0.00688
2111,792,Basal forebrain,neuronal,0.0007,0.0,0.0,0.00266,0.14694,0.0,0.01035
2112,417,Extended amygdala,neuronal,0.01177,0.0,0.0,0.00242,0.04936,0.0013,0.01465
2113,562,Hypothalamus,neuronal,0.00158,0.0,0.0,0.00301,0.08026,0.00126,0.02022
2114,279,Basal forebrain,neuronal,0.0,0.0,0.0,0.00338,0.07827,0.0,0.01007
2115,532,Basal forebrain,neuronal,0.00422,0.0,0.0,0.00594,0.06567,0.0012,0.01864
2116,624,Basal forebrain,neuronal,0.00167,0.0,0.0,0.00788,0.08358,0.00221,0.01282
2117,749,Basal forebrain,neuronal,0.00145,0.0,0.0,0.00564,0.02816,0.00056,0.01812
2118,910,Basal forebrain,neuronal,0.00167,0.0,0.00072,0.00178,0.12119,0.0,0.01615
2119,504,Extended amygdala,neuronal,0.00432,0.0,0.0,0.00375,0.06701,0.0,0.02263
212,637,Cerebral cortex,neuronal,0.0018,0.00086,0.0,0.00448,0.01792,0.00018,0.05672
2120,928,Basal forebrain,neuronal,0.0,0.0,0.0,0.00237,0.17183,0.00139,0.01214
2121,949,Basal forebrain,neuronal,0.00135,0.0,0.0,0.00466,0.0897,0.00072,0.01487
2122,505,Extended amygdala,other,0.00383,0.0,0.0,0.00066,0.07484,0.0,0.01518
2123,838,Amygdaloid complex,neuronal,0.0,0.0,0.0,0.00281,0.05503,0.00046,0.00932
2124,163,Amygdaloid complex,neuronal,0.0,0.0,0.0,0.0,0.17067,0.0,0.01663
2125,548,Amygdaloid complex,neuronal,0.0,0.0,0.0,0.0093,0.22457,0.00042,0.02102
2126,572,Amygdaloid complex,neuronal,0.0,0.0,0.0,0.00091,0.23758,0.0,0.00706
2127,1020,Amygdaloid complex,neuronal,0.0,0.0,0.0,0.00051,0.06557,0.00214,0.01042
2128,184,Amygdaloid complex,neuronal,0.0,0.0,0.0,0.0,0.26021,0.0,0.0076
2129,246,Amygdaloid complex,neuronal,0.0,0.0,0.0,0.00276,0.05823,0.00079,0.01434
213,722,Cerebral cortex,neuronal,0.0,0.00041,0.0,0.00107,0.00224,0.0,0.0393
2130,392,Extended amygdala,neuronal,0.0,0.0,0.0,0.00277,0.02017,0.00206,0.01846
2131,565,Extended amygdala,neuronal,0.0,0.0,0.0,0.00208,0.07012,0.0,0.01417
2132,374,Amygdaloid complex,neuronal,0.0,0.00094,0.0,0.00094,0.05722,0.0,0.02538
2133,384,Amygdaloid complex,neuronal,0.00384,0.0,0.0,0.00203,0.00413,0.00175,0.01752
2134,323,Amygdaloid complex,neuronal,0.0,0.0,0.00107,0.0,0.00263,0.00047,0.02076
2135,170,Cerebral cortex,neuronal,0.0,0.0,0.0,0.00696,0.00463,0.00189,0.0
2136,174,Amygdaloid complex,neuronal,0.0,0.0,0.0,0.0,0.0,0.00141,0.0
2137,354,Amygdaloid complex,neuronal,0.0041,0.0,0.0,0.00244,0.0,0.0,0.01092
2139,261,Amygdaloid complex,neuronal,0.0,0.0,0.0,0.0,0.00933,0.0,0.0
214,779,Cerebral cortex,neuronal,0.00056,0.0,0.0,0.00154,0.00942,0.0,0.03176
2140,265,Amygdaloid complex,neuronal,0.0,0.0011,0.0,0.00158,0.00747,0.0,0.00287
2141,205,Amygdaloid complex,neuronal,0.0,0.0,0.0,0.00519,0.00192,0.0,0.00356
2142,197,Basal nuclei,neuronal,0.0,0.0,0.0,0.00418,0.0,0.0,0.00669
2143,193,Claustrum,neuronal,0.00308,0.0,0.0,0.01171,0.00407,0.00272,0.0
2144,922,Amygdaloid complex,neuronal,0.0,0.0,0.0,0.00626,0.00668,0.00031,0.01251
2145,439,Amygdaloid complex,neuronal,0.00056,0.00106,0.0,0.00543,0.00554,0.00213,0.00771
2146,350,Cerebral cortex,neuronal,0.0,0.00332,0.0,0.00871,0.00557,0.0,0.00488
2147,809,Basal forebrain,neuronal,0.00327,0.0,0.0,0.00217,0.01979,0.00026,0.01637
2148,670,Hypothalamus,neuronal,0.00077,0.0,0.0,0.00808,0.01339,0.00069,0.01215
2149,515,Basal forebrain,neuronal,0.00283,0.0,0.0,0.00328,0.01948,0.00102,0.00714
215,237,Cerebral cortex,neuronal,0.00132,0.0,0.0,0.00093,0.00565,0.0,0.03181
2150,899,Basal forebrain,neuronal,0.00065,0.0,0.00053,0.00387,0.01068,0.00072,0.00961
2151,1450,Amygdaloid complex,neuronal,0.00117,0.0,0.0,0.00555,0.01302,0.00221,0.01073
2152,381,Amygdaloid complex,neuronal,0.0,0.00101,0.0,0.00348,0.0125,0.0,0.00578
2153,820,Amygdaloid complex,neuronal,0.0,0.0,0.0,0.00376,0.01188,0.00053,0.00545
2154,1282,Basal forebrain,neuronal,0.0011,0.0,0.0,0.0103,0.00752,0.00153,0.01033
2155,640,Basal forebrain,neuronal,0.00044,0.0,0.0,0.00757,0.01942,0.00201,0.00996
2156,704,Amygdaloid complex,neuronal,0.00108,0.0,0.0,0.00111,0.09516,0.00191,0.00613
2157,446,Amygdaloid complex,neuronal,0.00173,0.0,0.0,0.0053,0.06541,0.0,0.00359
2158,662,Amygdaloid complex,neuronal,0.00051,0.0,0.0,0.00813,0.03249,0.0,0.00243
2159,228,Amygdaloid complex,neuronal,0.0,0.0,0.0,0.01268,0.00217,0.0,0.00879
216,627,Cerebral cortex,neuronal,0.0,0.00042,0.0,0.00107,0.00965,0.0,0.04342
2160,597,Amygdaloid complex,neuronal,0.00166,0.0,0.0,0.00343,0.00349,0.00166,0.01296
2161,246,Amygdaloid complex,neuronal,0.0,0.0,0.0,0.00342,0.00969,0.00203,0.01065
2162,372,Amygdaloid complex,neuronal,0.0,0.0,0.0,0.00283,0.01125,0.0,0.00557
2163,879,Amygdaloid complex,neuronal,0.00029,0.0,0.0,0.00406,0.01195,0.0,0.00439
2164,781,Amygdaloid complex,neuronal,0.00093,0.00129,0.0,0.00431,0.01763,0.00075,0.00508
2165,352,Amygdaloid complex,neuronal,0.0,0.0,0.0,0.00266,0.02062,0.0,0.00498
2166,114,Amygdaloid complex,neuronal,0.00303,0.0,0.0,0.02386,0.00477,0.0,0.01039
2167,987,Amygdaloid complex,neuronal,0.00063,0.00044,0.0,0.00475,0.01849,0.0028,0.00342
2168,265,Amygdaloid complex,neuronal,0.00225,0.0,0.0,0.01623,0.02003,0.0,0.0111
2169,470,Amygdaloid complex,neuronal,0.00147,0.00145,0.0,0.00778,0.01543,0.00122,0.00868
217,669,Cerebral cortex,neuronal,0.0,0.00069,0.0,0.00192,0.01032,0.00262,0.02326
2170,341,Amygdaloid complex,neuronal,0.0,0.0,0.0,0.01055,0.01599,0.0,0.00367
2171,336,Amygdaloid complex,neuronal,0.0,0.0,0.0,0.00296,0.00727,0.0,0.00886
2172,248,Amygdaloid complex,neuronal,0.0,0.0,0.00112,0.00779,0.00227,0.0,0.01103
2173,222,Amygdaloid complex,neuronal,0.0,0.0,0.0,0.00502,0.01084,0.0,0.01426
2174,556,Amygdaloid complex,neuronal,0.00259,0.0,0.00053,0.0104,0.01218,0.00115,0.00638
2175,295,Amygdaloid complex,neuronal,0.0,0.00111,0.0,0.0013,0.02975,0.0,0.00771
2176,125,Amygdaloid complex,neuronal,0.0,0.0,0.0,0.0,0.128,0.0,0.01978
2177,112,Amygdaloid complex,neuronal,0.0,0.0,0.0,0.0,0.00104,0.0,0.00834
2178,316,Extended amygdala,neuronal,0.00158,0.0,0.0,0.00639,0.00483,0.00054,0.01696
2179,133,Amygdaloid complex,neuronal,0.00446,0.0,0.0,0.00432,0.0,0.00122,0.00545
218,1104,Cerebral cortex,neuronal,0.0,0.0,0.0,0.00273,0.01213,0.0,0.04657
2180,230,Amygdaloid complex,neuronal,0.00293,0.0,0.0,0.00488,0.01294,0.0,0.00701
2181,302,Amygdaloid complex,neuronal,0.00293,0.0,0.0,0.00601,0.00501,0.00116,0.01723
2182,224,Amygdaloid complex,other,0.0,0.0,0.0,0.00544,0.01936,0.0,0.01012
2183,61,Amygdaloid complex,neuronal,0.0,0.0,0.0,0.01307,0.0574,0.00374,0.02409
2184,308,Amygdaloid complex,neuronal,0.0,0.0,0.0,0.003,0.0315,0.0,0.01894
2185,360,Extended amygdala,neuronal,0.0,0.0,0.0,0.00522,0.03184,0.00126,0.01092
2186,499,Extended amygdala,neuronal,0.00085,0.0,0.0,0.00091,0.11026,0.0,0.01708
2187,341,Extended amygdala,neuronal,0.0,0.0,0.0,0.00245,0.00528,0.0,0.00696
2188,54,Midbrain,neuronal,0.08417,0.0,0.0,0.0,0.04327,0.0,0.04283
2189,185,Hypothalamus,neuronal,0.0037,0.00402,0.0,0.0,0.08831,0.0,0.01071
219,425,Cerebral cortex,neuronal,0.00144,0.0,0.0,0.00162,0.01694,0.0013,0.05437
2190,274,Midbrain,neuronal,0.0,0.0,0.0,0.0033,0.04223,0.00025,0.02214
2191,243,Hypothalamus,neuronal,0.00116,0.0,0.0,0.00668,0.10182,0.0026,0.01732
2192,278,Hypothalamus,neuronal,0.00268,0.0,0.0,0.0,0.13481,0.0,0.00651
2193,212,Midbrain,neuronal,0.0,0.0,0.0,0.00766,0.10239,0.0,0.02167
2194,486,Midbrain,neuronal,0.00228,0.0,0.0,0.00843,0.03526,0.00234,0.01143
2196,277,Hippocampus,neuronal,0.00284,0.0,0.0,0.00292,0.00117,0.0,0.0
2197,3210,Hippocampus,neuronal,0.00056,0.00106,0.00019,0.00231,0.00179,0.00106,0.00508
2198,1721,Hippocampus,neuronal,0.00175,0.00414,0.0,0.00552,0.00374,0.00157,0.00532
2199,1792,Hippocampus,neuronal,0.0012,0.00035,0.0,0.00465,0.0015,0.00028,0.00787
22,421,Basal forebrain,neuronal,0.0,0.0,0.0,0.00773,0.0,0.00329,0.04137
220,931,Cerebral cortex,neuronal,0.0,0.00059,0.0,0.00133,0.06331,0.0,0.05215
2200,1353,Hippocampus,neuronal,0.00315,0.00079,0.00119,0.00421,0.00469,0.00127,0.00607
2201,6020,Hippocampus,neuronal,0.00121,0.00527,0.00011,0.00226,0.00677,0.00176,0.01261
2202,3270,Hippocampus,neuronal,0.00078,0.00352,0.0006,0.00423,0.00356,0.00144,0.01114
2203,260,Hippocampus,neuronal,0.0,0.0,0.0,0.00278,0.00151,0.0,0.00195
2205,90,Hippocampus,neuronal,0.0,0.0,0.0,0.0,0.0,0.0,0.0
2206,14227,Hippocampus,neuronal,0.0013,0.00067,0.00015,0.00191,0.00288,0.00084,0.00535
2207,2376,Hippocampus,neuronal,0.00033,0.00032,0.00018,0.0013,0.00319,0.00084,0.00445
2208,6323,Hippocampus,neuronal,0.00061,0.00066,0.00037,0.00142,0.00285,0.00057,0.00468
2209,3889,Hippocampus,neuronal,0.00047,0.0004,0.0,0.00273,0.00201,0.00017,0.00426
221,675,Hippocampus,neuronal,0.00199,0.00131,0.0,0.00197,0.01932,0.0,0.03191
2210,8784,Hippocampus,neuronal,0.00067,0.00056,0.0003,0.00248,0.00235,0.00068,0.00386
2211,547,Hippocampus,neuronal,0.00178,0.00497,0.00065,0.00355,0.01067,0.0,0.00526
2212,3485,Hippocampus,neuronal,0.00099,0.00256,0.00018,0.00296,0.00642,0.00135,0.01278
2213,1781,Hippocampus,neuronal,0.00199,0.00378,0.00055,0.00129,0.00896,0.00117,0.0068
2214,1574,Hippocampus,neuronal,0.00098,0.00027,0.0,0.0011,0.00329,0.00038,0.00474
2215,5116,Hippocampus,neuronal,0.00238,0.00023,0.00019,0.00248,0.00128,0.00062,0.00362
2216,366,Hippocampus,neuronal,0.00409,0.0,0.0,0.00422,0.00145,0.0,0.01019
2217,103,Hippocampus,neuronal,0.0,0.0,0.0,0.0,0.00916,0.00515,0.0
2218,316,Hippocampus,neuronal,0.00233,0.0,0.0,0.00227,0.00364,0.0,0.00742
2219,250,Hippocampus,neuronal,0.00814,0.0,0.0,0.00252,0.00188,0.0,0.00665
222,841,Hippocampus,neuronal,0.00054,0.0,0.0,0.0031,0.00165,0.0,0.03712
2220,330,Hippocampus,neuronal,0.00327,0.00524,0.0,0.00349,0.00798,0.0,0.00807
2221,339,Hippocampus,neuronal,0.00222,0.01083,0.0,0.00705,0.00653,0.0,0.01197
2222,696,Hippocampus,neuronal,0.00277,0.0,0.0,0.01355,0.0,0.0,0.04409
2223,1003,Hippocampus,neuronal,0.0,0.0,0.0,0.01564,0.0,0.0,0.03143
2224,59,Hippocampus,neuronal,0.0,0.0,0.0,0.0,0.01623,0.00373,0.01512
2225,77,Midbrain,neuronal,0.0,0.00198,0.0,0.0,0.13451,0.0,0.01499
2226,219,Hippocampus,neuronal,0.0,0.00383,0.0,0.00071,0.00069,0.00589,0.00845
2227,62,Hippocampus,neuronal,0.0,0.0,0.0,0.0,0.04637,0.00593,0.00439
2228,74,Hippocampus,neuronal,0.0,0.0,0.0,0.0,0.00568,0.0,0.01319
2229,66,Hippocampus,neuronal,0.0,0.0,0.0,0.0,0.00845,0.00529,0.00658
223,1726,Cerebral cortex,neuronal,0.00042,0.0,0.0,0.0041,0.02063,0.0018,0.06623
2230,228,Hippocampus,neuronal,0.00141,0.00117,0.0,0.00158,0.00765,0.00685,0.00253
2231,164,Hippocampus,neuronal,0.00196,0.0,0.0,0.00192,0.01535,0.01054,0.00597
2232,344,Hippocampus,neuronal,0.0,0.00057,0.0,0.00321,0.0135,0.00436,0.01482
2233,649,Hippocampus,neuronal,0.00169,0.00189,0.0,0.00424,0.02321,0.00158,0.01239
2234,166,Hippocampus,neuronal,0.00214,0.00244,0.0,0.00213,0.00543,0.0012,0.00883
2235,156,Hippocampus,neuronal,0.0,0.00721,0.0,0.0,0.02562,0.00307,0.01177
2236,195,Hippocampus,neuronal,0.00335,0.00457,0.0,0.0,0.00567,0.00338,0.00881
2237,272,Hippocampus,neuronal,0.00091,0.00307,0.0,0.00382,0.01271,0.00951,0.00934
2238,229,Hippocampus,neuronal,0.003,0.00358,0.0,0.00072,0.03543,0.00121,0.00877
2239,199,Hippocampus,neuronal,0.00076,0.00193,0.00264,0.00068,0.00749,0.0017,0.00293
224,1791,Cerebral cortex,neuronal,0.00113,0.00019,0.00023,0.00352,0.01181,0.00092,0.07542
2240,475,Hippocampus,neuronal,0.00094,0.00202,0.00026,0.00196,0.01774,0.00057,0.00622
2241,375,Hippocampus,neuronal,0.00031,0.00032,0.00086,0.00068,0.00904,0.0005,0.0053
2242,595,Hippocampus,neuronal,0.0004,0.0,0.0,0.00077,0.00559,0.00054,0.00695
2243,206,Hippocampus,neuronal,0.00076,0.0,0.0,0.00484,0.00341,0.00089,0.01174
2244,213,Hippocampus,neuronal,0.0,0.0,0.0,0.0,0.00265,0.00099,0.00553
2245,165,Hippocampus,neuronal,0.0,0.0,0.0,0.00151,0.00589,0.00084,0.00843
2246,257,Hippocampus,neuronal,0.00299,0.0,0.0,0.0,0.00397,0.00632,0.00938
2247,269,Hippocampus,neuronal,0.0,0.0,0.0,0.00116,0.0198,0.0,0.01347
2248,166,Hippocampus,neuronal,0.0,0.0,0.0,0.0,0.00679,0.00249,0.00631
2249,754,Hippocampus,neuronal,0.00111,0.00316,0.0,0.00147,0.01398,0.00795,0.01143
225,1821,Cerebral cortex,neuronal,0.002,0.0,0.0,0.00545,0.01554,0.0002,0.05065
2250,290,Hippocampus,neuronal,0.00205,0.0,0.0,0.0,0.01463,0.0,0.00757
2251,412,Hippocampus,neuronal,0.0,0.0,0.0006,0.00095,0.00862,0.00516,0.00539
2252,716,Hippocampus,neuronal,0.00144,0.00444,0.00032,0.0035,0.03982,0.0018,0.01462
2253,136,Hippocampus,neuronal,0.00209,0.00273,0.0,0.0,0.02646,0.00184,0.01898
2254,124,Hippocampus,neuronal,0.00213,0.00381,0.0,0.00186,0.02463,0.00378,0.01332
2255,76,Hippocampus,neuronal,0.0023,0.00756,0.0,0.01097,0.03963,0.00335,0.01257
2257,129,Hippocampus,neuronal,0.00138,0.00369,0.00098,0.00371,0.01575,0.0,0.01037
2258,169,Hippocampus,neuronal,0.0009,0.00107,0.0,0.00971,0.0136,0.0,0.01002
2259,285,Hippocampus,neuronal,0.00622,0.00442,0.00067,0.00918,0.00493,0.00327,0.00881
226,1403,Cerebral cortex,neuronal,0.00061,0.0,0.0,0.00349,0.01313,0.0019,0.059
2260,192,Hippocampus,neuronal,0.0,0.00129,0.0,0.0,0.00827,0.00073,0.00998
2261,713,Hippocampus,neuronal,0.00022,0.00105,0.0,0.00137,0.00873,0.00166,0.00968
2262,228,Hippocampus,neuronal,0.00173,0.00333,0.0,0.00125,0.01012,0.00156,0.00814
2263,502,Hippocampus,neuronal,0.0,0.00262,0.0,0.00065,0.00193,0.00128,0.0108
2264,271,Hippocampus,neuronal,0.00814,0.0,0.0,0.00386,0.00523,0.0,0.00826
2265,213,Hippocampus,neuronal,0.02639,0.0,0.0,0.00409,0.0,0.0,0.00675
2266,184,Hippocampus,neuronal,0.00454,0.00821,0.0,0.00461,0.00757,0.0,0.0
2267,715,Hippocampus,neuronal,0.00092,0.00114,0.00016,0.00235,0.00295,0.00059,0.02023
2268,615,Hippocampus,neuronal,0.00021,0.0052,0.00143,0.00344,0.00234,0.00107,0.0136
2269,543,Hippocampus,neuronal,0.0,0.00303,0.00065,0.00136,0.00394,0.00152,0.01681
227,1414,Cerebral cortex,neuronal,0.00046,0.0,0.0,0.00906,0.0244,0.0,0.05332
2270,1321,Hippocampus,neuronal,0.00131,0.00387,0.00027,0.00386,0.00361,0.00163,0.01411
2271,90,Hippocampus,neuronal,0.0,0.0,0.0,0.00614,0.00245,0.00115,0.00705
2272,1262,Hippocampus,neuronal,0.00058,0.00146,0.00052,0.00421,0.00449,0.00104,0.0165
2273,395,Hippocampus,neuronal,0.00165,0.00093,0.00186,0.00247,0.00317,0.00027,0.0109
2274,584,Hippocampus,neuronal,0.00075,0.0005,0.0,0.00113,0.00576,0.00049,0.00932
2275,2480,Hippocampus,neuronal,0.00168,0.00246,0.0003,0.00298,0.00913,0.00113,0.01201
2276,1721,Hippocampus,neuronal,0.00172,0.00103,0.00065,0.00492,0.00681,0.00113,0.01292
2277,1389,Hippocampus,neuronal,0.00024,0.00064,0.00051,0.00128,0.00436,0.00088,0.00958
2278,1037,Hippocampus,neuronal,0.00013,0.00123,0.00046,0.00195,0.00741,0.00096,0.00822
2279,677,Hippocampus,neuronal,0.00018,0.00132,0.0,0.00132,0.00404,0.0012,0.01129
228,2278,Cerebral cortex,neuronal,0.0,0.0,0.0,0.00419,0.01484,0.00035,0.03594
2280,1684,Hippocampus,neuronal,0.00038,0.00031,0.00074,0.00206,0.00225,0.00056,0.01242
2281,1071,Hippocampus,neuronal,0.00165,0.00079,0.00055,0.00316,0.00473,0.00021,0.0096
2282,1995,Hippocampus,neuronal,0.00026,0.00048,0.00066,0.00104,0.00334,0.00163,0.00357
2283,526,Hippocampus,neuronal,0.0,0.00077,0.0,0.00199,0.00316,0.00021,0.00901
2284,553,Hippocampus,neuronal,0.0003,0.00137,0.00046,0.00312,0.0026,0.0,0.01264
2285,859,Hippocampus,neuronal,0.00041,0.00099,0.00017,0.0021,0.00163,0.00192,0.01441
2286,1273,Hippocampus,neuronal,0.00068,0.00096,0.00046,0.00361,0.00426,0.00129,0.01369
2287,642,Hippocampus,neuronal,0.0,0.0,0.00049,0.00286,0.00205,0.00103,0.0157
2288,604,Hippocampus,neuronal,0.00089,0.00058,0.0,0.00194,0.00504,0.00107,0.00956
2289,1694,Hippocampus,neuronal,0.0009,0.00118,0.00086,0.00364,0.00334,0.00067,0.01277
229,1776,Cerebral cortex,neuronal,0.00117,0.0,0.0,0.00248,0.00421,0.00145,0.06169
2290,729,Hippocampus,neuronal,0.00162,0.00107,0.00036,0.00187,0.00425,0.00075,0.01195
2291,792,Hippocampus,neuronal,0.00023,0.0005,0.0002,0.00272,0.00336,0.00211,0.01152
2292,314,Hippocampus,neuronal,0.00185,0.00389,0.00039,0.00515,0.00814,0.00366,0.01361
2293,561,Hippocampus,neuronal,0.0,0.00034,0.0,0.00702,0.00244,0.0,0.00713
2294,318,Hippocampus,neuronal,0.0,0.00787,0.0,0.0001,0.00587,0.00128,0.00296
2295,472,Hippocampus,neuronal,0.00287,0.0,0.0,0.00228,0.01419,0.00611,0.01006
2296,1433,Hippocampus,neuronal,0.0008,0.00025,0.0,0.00397,0.00635,0.00048,0.01453
2297,1542,Hippocampus,neuronal,0.00122,0.0,0.00013,0.00386,0.00172,0.0001,0.01051
2298,2164,Hippocampus,neuronal,0.0006,0.00062,0.00031,0.00138,0.00104,0.00081,0.01051
2299,1362,Hippocampus,neuronal,0.00011,0.0,0.00038,0.00258,0.00244,0.00105,0.0094
23,195,Thalamus,neuronal,0.00273,0.0,0.0,0.00593,0.0047,0.0,0.01616
230,174,Cerebral cortex,neuronal,0.0,0.0016,0.0,0.0016,0.00681,0.0,0.02951
2300,1145,Hippocampus,neuronal,0.00124,0.0,0.00021,0.0013,0.00264,0.00045,0.01178
2301,1658,Hippocampus,neuronal,0.00063,0.00102,0.00074,0.00361,0.00278,0.00043,0.01438
2302,4388,Hippocampus,neuronal,0.00087,0.00022,0.0004,0.00257,0.00312,0.00065,0.01076
2303,150,Hippocampus,neuronal,0.0,0.00104,0.0,0.00621,0.0016,0.00259,0.00721
2304,1264,Hippocampus,neuronal,0.00017,0.0003,0.00012,0.00274,0.00271,0.00065,0.00728
2305,3169,Hippocampus,neuronal,0.00088,0.00027,7e-05,0.00218,0.00129,0.0008,0.00782
2306,4707,Hippocampus,neuronal,0.00054,0.00047,0.00018,0.00224,0.00155,0.00049,0.01144
2307,756,Hippocampus,neuronal,0.0,0.0,0.0,0.00128,0.0,0.0,0.00791
2308,1949,Hippocampus,neuronal,0.0004,0.0,0.00048,0.00179,0.00176,0.00106,0.0106
2309,1654,Hippocampus,neuronal,0.00058,0.00011,0.00037,0.00397,0.00114,0.0018,0.00998
231,170,Cerebral cortex,neuronal,0.00438,0.0,0.00206,0.01226,0.0,0.0,0.02708
2310,455,Hippocampus,neuronal,0.00169,0.0,0.0,0.00789,0.00127,0.00126,0.0109
2311,809,Hippocampus,neuronal,0.0,0.00054,0.0,0.00202,0.00098,0.0,0.01098
2312,1592,Hippocampus,neuronal,8e-05,0.0,0.00012,0.00224,0.00127,8e-05,0.01174
2313,671,Hippocampus,neuronal,0.0,0.0,0.00092,0.00021,0.00145,0.00151,0.00368
2314,1151,Hippocampus,neuronal,0.00023,0.0,0.00043,0.00059,0.00129,0.00036,0.00791
2315,859,Hippocampus,neuronal,0.0,0.0,0.0,0.00286,0.00073,0.00023,0.01373
2316,2590,Hippocampus,neuronal,0.00324,0.00085,0.0,0.00151,0.00314,0.00101,0.01082
2318,83,Amygdaloid complex,neuronal,0.0,0.00322,0.0,0.01404,0.02304,0.0,0.01396
2319,133,Hippocampus,neuronal,0.0,0.00144,0.0,0.00361,0.00919,0.001,0.00849
232,245,Cerebral cortex,neuronal,0.00359,0.0062,0.0,0.00287,0.00094,0.00904,0.04284
2320,89,Hippocampus,neuronal,0.0,0.00187,0.00149,0.001,0.00214,0.0,0.01482
2321,149,Hippocampus,neuronal,0.00092,0.00191,0.0,0.00236,0.00189,0.00154,0.00431
2322,1057,Hippocampus,neuronal,0.00106,0.00136,0.00025,0.00183,0.00817,0.00069,0.02197
2323,396,Hippocampus,neuronal,0.00253,0.00142,0.00024,0.00153,0.00393,0.00211,0.01686
2324,900,Hippocampus,neuronal,0.00064,0.00035,0.00032,0.00423,0.00334,0.00162,0.01955
2325,4736,Hippocampus,neuronal,0.00099,0.00083,0.00036,0.00367,0.00319,0.00092,0.02373
2326,250,Cerebral cortex,neuronal,0.0,0.00225,0.0,0.00594,0.0,0.0,0.01068
2327,55,Cerebral cortex,neuronal,0.00688,0.0,0.0,0.00486,0.0,0.0025,0.01747
2328,80,Cerebral cortex,neuronal,0.0,0.00171,0.0,0.00251,0.00218,0.0,0.0074
2329,142,Cerebral cortex,neuronal,0.0,0.00531,0.0,0.00786,0.0,0.0,0.01359
233,184,Hippocampus,neuronal,0.0013,0.0,0.0,0.00654,0.0,0.00347,0.03
2330,104,Cerebral cortex,neuronal,0.00296,0.00361,0.00299,0.0,0.0,0.0,0.0087
2331,1503,Cerebral cortex,neuronal,0.00067,0.00971,0.00131,0.00209,0.00393,0.00185,0.01554
2332,1506,Cerebral cortex,neuronal,0.00127,0.00467,0.00078,0.0032,0.00654,0.00113,0.0132
2333,1114,Cerebral cortex,neuronal,0.00112,0.00318,0.00096,0.00478,0.01813,0.00207,0.01299
2334,631,Cerebral cortex,neuronal,0.00023,0.00157,0.00072,0.00575,0.01386,0.00084,0.01614
2335,2685,Cerebral cortex,neuronal,0.0011,0.0063,0.00178,0.00203,0.00705,0.00097,0.01191
2336,792,Cerebral cortex,neuronal,0.0004,0.00375,0.00042,0.00356,0.00898,0.00125,0.01653
2337,54,Cerebral cortex,neuronal,0.0,0.0,0.0,0.0,0.0,0.00505,0.01803
2339,93,Amygdaloid complex,neuronal,0.0,0.00438,0.0,0.00174,0.13203,0.0,0.02303
234,202,Hippocampus,neuronal,0.00048,0.00106,0.0,0.00162,0.00221,0.0,0.01944
2340,69,Hippocampus,neuronal,0.0,0.00173,0.0,0.00209,0.03795,0.0,0.01055
2342,803,Hippocampus,neuronal,0.00107,0.00053,0.0002,0.00324,0.04163,0.0004,0.01475
2343,1766,Cerebral cortex,neuronal,0.00115,0.00091,0.00044,0.00392,0.01395,0.0,0.01574
2344,1330,Cerebral cortex,neuronal,0.00146,0.00214,0.00015,0.00523,0.02143,0.00012,0.01678
2345,76,Hippocampus,neuronal,0.0022,0.0027,0.0,0.0,0.01669,0.0,0.01674
2346,104,Hippocampus,neuronal,0.0,0.0,0.0,0.00693,0.03243,0.0,0.02908
2347,125,Hippocampus,neuronal,0.0,0.00198,0.0,0.00135,0.02441,0.0,0.01636
2349,1762,Cerebral cortex,neuronal,0.00145,0.00207,0.0,0.00286,0.01194,0.0009,0.02062
235,274,Hippocampus,neuronal,0.0014,0.00204,0.0,0.00557,0.00236,0.00072,0.00809
2350,1472,Cerebral cortex,neuronal,0.00106,0.00084,0.00023,0.00247,0.00623,0.00138,0.01444
2351,1704,Cerebral cortex,neuronal,0.00089,0.00146,0.00025,0.0039,0.00806,0.00094,0.01725
2352,1023,Cerebral cortex,neuronal,0.0013,0.00099,0.00027,0.00456,0.00852,0.00086,0.01936
2353,62,Cerebral cortex,neuronal,0.0075,0.0,0.0,0.00919,0.0,0.0,0.0
2354,150,Hippocampus,neuronal,0.00258,0.0,0.0,0.00084,0.01264,0.0,0.00541
2355,225,Cerebral cortex,neuronal,0.00072,0.00043,0.0,0.00095,0.01052,0.00146,0.00985
2356,310,Cerebral cortex,neuronal,0.00123,0.0005,0.0014,0.00142,0.00527,0.00037,0.00736
2357,62,Cerebral cortex,neuronal,0.0,0.0,0.0,0.00361,0.00223,0.0,0.02012
2358,197,Cerebral cortex,neuronal,0.0016,0.00079,0.0,0.00127,0.01015,0.0,0.00941
236,121,Hippocampus,neuronal,0.01874,0.00174,0.0,0.0,0.00116,0.0,0.03958
2360,202,Cerebral cortex,neuronal,0.00291,0.0,0.0,0.00077,0.00637,0.0,0.00461
2361,395,Cerebral cortex,neuronal,0.00311,0.00185,0.0,0.00598,0.01361,0.00141,0.0136
2362,539,Cerebral cortex,neuronal,0.00326,0.0,0.0,0.00115,0.00981,0.00049,0.00813
2363,136,Cerebral cortex,neuronal,0.00114,0.0,0.0,0.00215,0.00958,0.0,0.00269
2364,656,Cerebral cortex,neuronal,0.00286,0.0,0.0,0.00217,0.008,0.00094,0.01088
2365,90,Cerebral cortex,neuronal,0.00465,0.0,0.0,0.0,0.00961,0.00155,0.00923
2366,332,Cerebral cortex,neuronal,0.0074,0.0,0.0,0.0,0.04042,0.00159,0.00864
2367,75,Cerebral cortex,neuronal,0.01073,0.0,0.0,0.00965,0.04553,0.00496,0.02693
2368,811,Amygdaloid complex,neuronal,0.00273,0.00928,0.00207,0.0044,0.00394,0.0005,0.01372
2369,888,Amygdaloid complex,neuronal,0.00389,0.00432,0.00031,0.00161,0.00344,0.00229,0.01217
237,178,Hippocampus,neuronal,0.0,0.0,0.0,0.0,0.0,0.0,0.02559
2370,193,Amygdaloid complex,neuronal,0.00245,0.00983,0.0,0.00801,0.0141,0.00124,0.01168
2371,312,Amygdaloid complex,neuronal,0.00071,0.00714,0.0,0.0,0.00393,0.00077,0.00659
2372,367,Amygdaloid complex,neuronal,0.00213,0.00373,0.0,0.00212,0.00602,0.00275,0.01407
2373,342,Amygdaloid complex,neuronal,0.0,0.00314,0.00073,0.00314,0.00059,0.0,0.01274
2374,139,Amygdaloid complex,neuronal,0.00147,0.00467,0.0,0.00089,0.00923,0.00555,0.01677
2376,806,Cerebral cortex,neuronal,0.00103,0.00557,0.00084,0.00341,0.00458,0.00076,0.01116
2377,766,Cerebral cortex,neuronal,0.00046,0.00813,0.00145,0.00505,0.00286,0.00094,0.01549
2378,508,Cerebral cortex,neuronal,0.00047,0.00493,0.00069,0.00598,0.00088,0.00181,0.01474
2379,277,Hippocampus,neuronal,0.001,0.00522,0.0,0.00211,0.00278,0.00196,0.01846
238,272,Hippocampus,neuronal,0.00474,0.0,0.0,0.01127,0.00401,0.00048,0.0316
2380,144,Amygdaloid complex,neuronal,0.00503,0.00084,0.0,0.00315,0.0,0.0,0.01431
2381,697,Cerebral cortex,neuronal,0.00052,0.00578,0.00129,0.00458,0.00294,0.00071,0.01265
2382,218,Cerebral cortex,neuronal,0.00123,0.00163,0.00258,0.00331,0.00854,0.0,0.01295
2383,640,Cerebral cortex,neuronal,0.00064,0.00337,0.00032,0.00402,0.0008,0.00104,0.00904
2384,859,Amygdaloid complex,neuronal,0.00074,0.00164,0.0009,0.00322,0.00093,7e-05,0.0099
2385,730,Cerebral cortex,neuronal,0.00058,0.00337,0.00109,0.00176,0.00261,0.00077,0.01366
2387,823,Amygdaloid complex,neuronal,0.00137,0.00274,0.00106,0.00206,0.00727,0.0019,0.01483
2388,1169,Amygdaloid complex,neuronal,0.00143,0.00467,0.00072,0.00193,0.00284,0.00111,0.00945
2389,876,Amygdaloid complex,neuronal,0.00495,0.01633,0.00199,0.00393,0.00233,0.00263,0.01529
239,70,Hippocampus,neuronal,0.0,0.0,0.0,0.0334,0.0,0.0,0.08423
2390,442,Amygdaloid complex,neuronal,0.0,0.00036,0.0,0.00247,0.00594,0.00095,0.00029
2391,1150,Amygdaloid complex,neuronal,0.00139,0.00848,0.00363,0.00242,0.00639,0.00041,0.02018
2392,1055,Amygdaloid complex,neuronal,0.00029,0.00564,0.0005,0.00356,0.00247,0.00085,0.01696
2393,2459,Cerebral cortex,neuronal,0.00095,0.00912,0.00115,0.01166,0.00297,0.00076,0.02177
2394,2720,Amygdaloid complex,neuronal,0.00164,0.01124,0.00467,0.00829,0.00311,0.00019,0.01999
2395,2161,Amygdaloid complex,neuronal,0.00076,0.01053,0.00118,0.00605,0.00219,0.00056,0.01864
2396,773,Amygdaloid complex,neuronal,0.00146,0.01068,0.0018,0.00446,0.0039,0.00036,0.01637
2397,2057,Amygdaloid complex,neuronal,0.00066,0.00862,0.00035,0.00596,0.00271,0.00081,0.01955
2398,1510,Amygdaloid complex,neuronal,0.00064,0.01089,0.00103,0.00858,0.00168,0.00033,0.0196
2399,1413,Amygdaloid complex,neuronal,0.00129,0.01068,0.00154,0.00551,0.00169,0.00104,0.02131
24,112,Thalamus,neuronal,0.00161,0.0,0.0,0.02409,0.0,0.00838,0.1159
240,206,Hippocampus,neuronal,0.0,0.00299,0.0,0.00156,0.00058,0.0018,0.02676
2400,1762,Amygdaloid complex,neuronal,0.00103,0.00591,0.00083,0.00729,0.00191,0.00044,0.02019
2401,4436,Amygdaloid complex,neuronal,0.00092,0.00344,0.00028,0.00591,0.00461,0.00105,0.01502
2402,997,Amygdaloid complex,neuronal,0.0026,0.00225,0.0009,0.00179,0.00404,0.00083,0.01483
2403,626,Amygdaloid complex,neuronal,0.00187,0.00556,0.00065,0.0057,0.00269,0.00081,0.01886
2404,397,Amygdaloid complex,neuronal,0.00225,0.02237,0.00543,0.00332,0.00548,0.0,0.00968
2405,940,Amygdaloid complex,neuronal,0.00027,0.01649,0.00268,0.00634,0.00269,0.00097,0.01671
2406,431,Amygdaloid complex,neuronal,0.0011,0.01604,0.00277,0.00654,0.00396,0.00042,0.01408
2407,966,Amygdaloid complex,neuronal,0.00137,0.00958,0.00093,0.00257,0.00463,0.00129,0.01086
2408,1720,Cerebral cortex,neuronal,0.00156,0.00412,0.0,0.00319,0.03889,0.00042,0.01382
2409,534,Amygdaloid complex,neuronal,0.02471,0.00376,0.00058,0.00277,0.01665,0.00065,0.01392
241,117,Hippocampus,neuronal,0.0,0.0,0.0,0.0,0.01354,0.0023,0.05518
2410,546,Amygdaloid complex,neuronal,0.14398,0.0,0.00022,0.00127,0.0502,0.00147,0.01016
2411,896,Amygdaloid complex,neuronal,0.00716,0.00257,0.0,0.00153,0.01753,0.00061,0.01386
2412,445,Amygdaloid complex,neuronal,0.10028,0.0,0.0,0.0,0.02248,0.0,0.01172
2413,882,Amygdaloid complex,neuronal,0.05061,0.00071,0.0,0.00161,0.01171,0.00088,0.01477
2414,545,Amygdaloid complex,neuronal,0.01267,0.00148,0.00067,0.00533,0.01838,0.0,0.01549
2415,76,Amygdaloid complex,neuronal,0.03143,0.0,0.0,0.00684,0.13688,0.0,0.01267
2416,669,Amygdaloid complex,neuronal,0.00306,0.00251,0.00021,0.00109,0.03325,0.0,0.00848
2417,138,Amygdaloid complex,neuronal,0.0,0.0,0.0,0.0033,0.00183,0.0,0.01343
2418,777,Amygdaloid complex,neuronal,0.00379,0.00284,0.00063,0.00197,0.00522,0.0,0.02336
2419,298,Amygdaloid complex,neuronal,0.00422,0.00774,0.00041,0.00401,0.00519,0.00066,0.0177
242,138,Hippocampus,neuronal,0.00081,0.0,0.0,0.00191,0.0,0.0,0.02475
2420,335,Amygdaloid complex,neuronal,0.02595,0.0008,0.00098,0.00057,0.03097,0.00307,0.0069
2421,349,Amygdaloid complex,neuronal,0.00528,0.00206,0.0,0.002,0.00404,0.00063,0.01165
2422,250,Amygdaloid complex,neuronal,0.00188,0.00122,0.0,0.0,0.00499,0.0,0.00731
2423,518,Hippocampus,neuronal,0.00082,0.00202,0.0,0.00283,0.00277,0.00017,0.0119
2424,509,Hippocampus,neuronal,0.00058,0.0029,0.0,0.00159,0.00427,0.0,0.014
2425,210,Hippocampus,neuronal,0.0,0.0,0.00125,0.00198,0.00191,0.00353,0.01508
2427,56,Amygdaloid complex,neuronal,0.00409,0.0,0.0,0.01058,0.01358,0.0,0.01191
2428,105,Amygdaloid complex,neuronal,0.0,0.0,0.0,0.00731,0.03102,0.0,0.00624
243,149,Hippocampus,neuronal,0.00305,0.00101,0.0,0.00169,0.00712,0.0,0.03672
2430,68,Amygdaloid complex,neuronal,0.00645,0.0,0.0,0.00874,0.0,0.0,0.03086
2431,72,Amygdaloid complex,neuronal,0.05468,0.0,0.0,0.0,0.01286,0.0,0.00825
2432,185,Amygdaloid complex,neuronal,0.00608,0.00143,0.00138,0.00308,0.02953,0.0,0.00864
2433,112,Hypothalamus,neuronal,0.00421,0.0,0.0,0.0019,0.00299,0.00376,0.0
2434,52,Hippocampus,neuronal,0.0,0.0,0.0,0.0,0.00332,0.0,0.023
2435,85,Hippocampus,neuronal,0.0,0.0,0.0,0.00434,0.00428,0.0,0.00654
2437,94,Hippocampus,neuronal,0.00497,0.0,0.0,0.00739,0.0,0.0,0.00662
2438,129,Hippocampus,neuronal,0.00666,0.00483,0.0,0.01295,0.01085,0.0,0.01156
2439,79,Amygdaloid complex,neuronal,0.01159,0.0,0.0,0.0057,0.00859,0.0,0.01149
244,116,Hippocampus,neuronal,0.0,0.0,0.0,0.00138,0.0,0.0,0.04268
2441,124,Hippocampus,neuronal,0.0,0.00654,0.0,0.00445,0.0,0.0,0.02225
2442,198,Hippocampus,neuronal,0.00273,0.00255,0.0,0.00569,0.00304,0.00591,0.01733
2443,187,Hippocampus,neuronal,0.0,0.00554,0.0,0.00173,0.0,0.00207,0.02016
2444,182,Hippocampus,neuronal,0.0,0.00374,0.0,0.00436,0.0046,0.0,0.01844
2445,177,Hippocampus,neuronal,0.00092,0.00286,0.0,0.00301,0.0,0.00279,0.00474
2446,714,Hippocampus,neuronal,0.00335,0.00265,0.0,0.0081,0.00083,0.00021,0.02353
2447,1331,Cerebral cortex,neuronal,0.00166,0.01088,0.00122,0.00488,0.00471,0.00038,0.01297
2448,1144,Hippocampus,neuronal,0.00088,0.00909,0.00218,0.00333,0.02394,0.00031,0.01474
2449,864,Cerebral cortex,neuronal,0.00129,0.00941,0.00209,0.00331,0.00655,0.00048,0.01848
245,244,Hippocampus,neuronal,0.0,0.00094,0.0,0.00189,0.0,0.0,0.03208
2450,1288,Cerebral cortex,neuronal,0.0007,0.00763,0.00115,0.00398,0.00562,0.00114,0.01416
2451,1489,Cerebral cortex,neuronal,0.00022,0.01119,0.00258,0.00469,0.00963,0.00112,0.0156
2452,928,Cerebral cortex,neuronal,0.00019,0.01096,0.00165,0.00397,0.00736,0.0007,0.01685
2453,1942,Cerebral cortex,neuronal,0.00108,0.00968,0.00252,0.0054,0.00746,0.00172,0.01841
2454,1021,Cerebral cortex,neuronal,0.0019,0.00836,0.00156,0.00284,0.01767,0.0,0.01943
2455,938,Amygdaloid complex,neuronal,0.00261,0.00717,0.00052,0.00117,0.06538,0.00134,0.0066
2456,936,Amygdaloid complex,neuronal,0.00241,0.00816,0.00173,0.00153,0.04301,0.00097,0.014
2457,806,Amygdaloid complex,neuronal,0.00053,0.00111,0.00022,0.00257,0.00212,0.00112,0.01548
2458,667,Amygdaloid complex,neuronal,0.00168,0.00049,0.0022,0.00099,0.02013,0.00033,0.00768
2459,1011,Amygdaloid complex,neuronal,0.00105,0.0095,0.00101,0.00312,0.02308,0.00143,0.01095
246,140,Hippocampus,neuronal,0.00105,0.0,0.0,0.00308,0.00364,0.00464,0.09892
2460,851,Amygdaloid complex,neuronal,0.00038,0.00038,0.0,0.00048,0.0022,0.00053,0.00791
2461,525,Amygdaloid complex,neuronal,0.00153,0.00041,0.0,0.00031,0.00546,0.00115,0.00525
2462,500,Amygdaloid complex,neuronal,0.0,0.00319,0.0,0.0,0.00134,0.00093,0.01051
2463,241,Amygdaloid complex,neuronal,0.0,0.00558,0.0,0.0,0.0043,0.0,0.01746
2464,71,Amygdaloid complex,neuronal,0.0,0.01946,0.0,0.01626,0.0,0.0,0.0074
2465,343,Amygdaloid complex,neuronal,0.0,0.04711,0.00261,0.0014,0.0113,0.0,0.01113
2466,547,Amygdaloid complex,neuronal,0.00189,0.00763,0.0,0.00324,0.0,0.0,0.00923
2467,1059,Amygdaloid complex,neuronal,0.00475,0.00759,0.0,0.00239,0.00603,0.00026,0.00803
2468,624,Amygdaloid complex,neuronal,0.00076,0.00527,0.00045,0.00132,0.02917,0.00402,0.01295
2469,443,Amygdaloid complex,neuronal,0.00283,0.00994,0.0,0.00764,0.00358,0.00092,0.01549
247,314,Cerebral cortex,neuronal,0.00167,0.0,0.0,0.00346,0.01968,0.00228,0.05308
2470,1399,Amygdaloid complex,neuronal,0.0002,0.00053,0.0,0.00096,0.00124,0.00042,0.00229
2471,771,Amygdaloid complex,neuronal,0.0,0.0014,0.0,0.00196,0.01365,0.0,0.00466
2472,1185,Amygdaloid complex,neuronal,0.00264,0.00353,0.00082,0.00258,0.00431,0.00124,0.00727
2473,1814,Amygdaloid complex,neuronal,0.00149,0.0035,0.00038,0.0034,0.00592,0.00073,0.00472
2474,1563,Amygdaloid complex,neuronal,0.00019,0.0002,0.00051,0.00092,0.00653,0.00276,0.00286
2475,2717,Amygdaloid complex,neuronal,0.00113,0.00034,0.0,0.00109,0.00464,0.002,0.00287
2476,1602,Amygdaloid complex,neuronal,0.00074,8e-05,0.00072,0.00093,0.00558,0.00159,0.00359
2477,1290,Amygdaloid complex,neuronal,0.00123,0.00071,0.00035,0.00022,0.0235,0.0,0.00482
2478,1047,Amygdaloid complex,neuronal,0.00294,0.00572,0.0,0.002,0.01815,0.00047,0.01252
2479,837,Amygdaloid complex,neuronal,0.0,0.00091,0.00045,0.00593,0.11668,0.0,0.01294
248,358,Cerebral cortex,neuronal,0.0,0.0,0.0,0.01182,0.02014,0.0,0.0627
2480,383,Cerebral cortex,neuronal,0.00069,0.01055,0.00245,0.00521,0.00121,0.00037,0.02474
2481,936,Cerebral cortex,neuronal,0.00081,0.00552,0.0,0.0049,0.00075,0.0005,0.01107
2482,19009,Cerebral cortex,neuronal,0.00098,0.0056,0.00064,0.00409,0.00073,0.00128,0.01601
2483,2559,Cerebral cortex,neuronal,0.00169,0.00778,0.00126,0.00275,0.00151,0.00134,0.01022
2484,1799,Cerebral cortex,neuronal,0.00015,0.0083,0.00132,0.00765,0.00127,0.00092,0.01606
2485,2350,Cerebral cortex,neuronal,0.00079,0.00769,0.00069,0.00297,0.0011,0.00199,0.01478
2486,1563,Cerebral cortex,neuronal,0.00067,0.00626,0.00131,0.0019,0.00186,0.00069,0.01185
2487,2475,Cerebral cortex,neuronal,0.00123,0.00679,0.00134,0.00363,0.00096,0.00102,0.01448
2488,1402,Cerebral cortex,neuronal,0.00022,0.00785,0.00125,0.00281,0.00074,0.00149,0.01539
2489,1977,Cerebral cortex,neuronal,0.00077,0.00986,0.00151,0.00522,0.00084,0.00057,0.0117
249,164,Cerebral cortex,neuronal,0.0,0.0,0.0,0.0,0.02801,0.0,0.03682
2490,3007,Cerebral cortex,neuronal,0.00079,0.01431,0.00178,0.0048,0.00141,0.00128,0.01495
2491,333,Cerebral cortex,neuronal,0.0,0.00354,0.0,0.00081,0.00032,0.00111,0.01159
2492,356,Cerebral cortex,neuronal,0.00166,0.00171,0.00052,0.0064,0.00115,0.00148,0.01384
2493,1403,Cerebral cortex,neuronal,0.00071,0.00575,0.00053,0.0069,0.00222,0.00173,0.01694
2494,600,Cerebral cortex,neuronal,0.0,0.00953,0.00189,0.00848,0.00126,0.00301,0.01616
2495,1714,Cerebral cortex,neuronal,0.00155,0.00249,0.0002,0.00571,0.00117,0.00077,0.01483
2496,1298,Cerebral cortex,neuronal,0.00068,0.00733,0.00055,0.00393,0.00149,0.00078,0.01162
2497,1477,Cerebral cortex,neuronal,0.00112,0.00137,0.00116,0.00378,0.00124,0.00119,0.01356
2498,1541,Cerebral cortex,neuronal,0.00029,0.00625,0.0013,0.00257,0.00079,0.00233,0.01758
2499,1223,Amygdaloid complex,neuronal,0.00217,0.0027,0.00098,0.00208,0.0026,0.00193,0.01381
25,133,Thalamus,neuronal,0.0,0.0,0.0,0.0,0.0,0.00704,0.07914
250,412,Cerebral cortex,neuronal,0.0,0.0,0.0,0.00517,0.00856,0.0,0.048
2500,1418,Cerebral cortex,neuronal,0.00191,0.00147,0.0,0.00409,0.00088,0.00054,0.01204
2501,646,Cerebral cortex,neuronal,0.00029,0.0024,0.00021,0.00212,0.00126,0.00145,0.01383
2502,692,Amygdaloid complex,neuronal,0.00101,0.00281,0.00049,0.00311,0.00061,0.0,0.01172
2503,461,Amygdaloid complex,neuronal,0.0,0.01425,0.0,0.00442,0.00097,0.00066,0.00501
2504,268,Amygdaloid complex,neuronal,0.0006,0.00419,0.00122,0.00489,0.00057,0.00112,0.00857
2505,775,Amygdaloid complex,neuronal,0.00066,0.00857,0.00037,0.00373,0.00064,0.00048,0.00601
2506,630,Amygdaloid complex,neuronal,0.00018,0.00439,0.00133,0.00386,0.00167,0.00152,0.01475
2507,1245,Amygdaloid complex,neuronal,0.00132,0.00491,0.0,0.00291,0.00072,0.00094,0.01318
2508,520,Amygdaloid complex,neuronal,0.00263,0.00483,0.0,0.00241,0.0011,0.00085,0.01269
2509,324,Amygdaloid complex,neuronal,0.00095,0.0056,0.0,0.00368,0.00041,0.0,0.00624
251,123,Cerebral cortex,neuronal,0.00299,0.0,0.0,0.00199,0.03252,0.00435,0.03601
2511,73,Cerebral cortex,neuronal,0.0,0.0,0.0,0.00488,0.0,0.0,0.015
2512,941,Amygdaloid complex,neuronal,0.0,0.00685,0.00012,0.00422,0.00098,0.0,0.00842
2513,608,Hypothalamus,neuronal,0.00199,0.00093,0.0,0.00273,0.00057,0.00317,0.00983
2514,675,Cerebral cortex,neuronal,0.00115,0.0,0.0,0.00732,0.00491,0.00122,0.0122
2517,69,Hippocampus,neuronal,0.0,0.00912,0.0,0.0,0.0,0.0,0.01237
2518,64,Cerebral cortex,neuronal,0.0,0.00582,0.0,0.01614,0.00136,0.00971,0.02174
2519,177,Cerebral cortex,neuronal,0.00126,0.00701,0.0017,0.00334,0.0,0.00146,0.01327
252,261,Cerebral cortex,neuronal,0.00366,0.0,0.0,0.00085,0.01993,0.0,0.05517
2520,82,Cerebral cortex,neuronal,0.0,0.01816,0.0,0.00138,0.00194,0.0,0.01471
2521,203,Cerebral cortex,neuronal,0.00029,0.00796,0.00355,0.00215,0.0,0.0026,0.01794
2522,519,Cerebral cortex,neuronal,0.00025,0.0082,0.00166,0.00409,0.00044,0.00025,0.02168
2523,682,Cerebral cortex,neuronal,0.00124,0.00861,0.00089,0.00524,0.00102,0.00017,0.02351
2524,451,Cerebral cortex,neuronal,0.00136,0.01144,0.00105,0.00638,0.00119,0.00072,0.02715
2525,477,Cerebral cortex,neuronal,0.00104,0.00772,0.00025,0.00908,0.00284,0.00091,0.01225
2526,186,Cerebral cortex,neuronal,0.0,0.00993,0.0,0.00463,0.0,0.0,0.02065
2527,186,Cerebral cortex,neuronal,0.0,0.0069,0.0,0.00401,0.0,0.0,0.02687
2528,209,Cerebral cortex,neuronal,0.0,0.01185,0.00164,0.00312,0.00161,0.00124,0.02255
2529,239,Cerebral cortex,neuronal,0.0,0.00627,0.00067,0.00499,0.0,0.00078,0.02153
253,228,Cerebral cortex,neuronal,0.0,0.0,0.0,0.00421,0.01616,0.00374,0.05379
2530,250,Cerebral cortex,neuronal,0.00551,0.00142,0.00391,0.00204,0.0,0.0,0.025
2531,129,Cerebral cortex,neuronal,0.00134,0.00632,0.00228,0.00413,0.00101,0.0,0.02362
2532,112,Cerebral cortex,neuronal,0.0,0.00114,0.0,0.00504,0.0,0.0,0.01945
2533,113,Cerebral cortex,neuronal,0.00407,0.00614,0.0,0.00232,0.00098,0.0,0.03447
2534,108,Cerebral cortex,neuronal,0.0,0.00406,0.0,0.0096,0.0,0.002,0.03059
2535,117,Cerebral cortex,neuronal,0.0,0.00782,0.0,0.00315,0.00107,0.0,0.03981
2536,147,Cerebral cortex,neuronal,0.0,0.00848,0.00257,0.01381,0.00044,0.00223,0.02902
2537,119,Cerebral cortex,neuronal,0.0,0.0,0.0,0.00218,0.00659,0.00146,0.02364
2539,64,Cerebral cortex,neuronal,0.0,0.0051,0.0,0.00389,0.0,0.0,0.02377
254,203,Hippocampus,neuronal,0.00085,0.0041,0.0,0.00658,0.00741,0.0,0.0577
2540,199,Cerebral cortex,neuronal,0.00075,0.00235,0.00314,0.0,0.00078,0.00398,0.03173
2542,142,Cerebral cortex,neuronal,0.0,0.00463,0.00174,0.0023,0.00516,0.00286,0.03079
2543,134,Cerebral cortex,neuronal,0.0,0.00317,0.0,0.0,0.00091,0.00194,0.02713
2544,674,Hippocampus,neuronal,0.00136,0.00158,0.0,0.00128,0.00245,0.00157,0.02149
2545,121,Cerebral cortex,neuronal,0.0,0.00122,0.0,0.00128,0.0,0.00181,0.03142
2546,126,Cerebral cortex,neuronal,0.00118,0.00455,0.0,0.0,0.00615,0.0011,0.03188
2547,192,Cerebral cortex,neuronal,0.0,0.0026,0.0,0.00398,0.0018,0.00198,0.02932
2548,127,Cerebral cortex,neuronal,0.00184,0.00823,0.00237,0.00315,0.0,0.00315,0.01142
2549,81,Cerebral cortex,neuronal,0.00722,0.01563,0.0,0.00298,0.0,0.00292,0.01823
255,234,Cerebral cortex,neuronal,0.0011,0.0,0.0,0.0,0.01768,0.0,0.0436
2550,64,Cerebral cortex,neuronal,0.0025,0.0,0.0,0.00355,0.0,0.00632,0.0305
2551,164,Cerebral cortex,neuronal,0.0,0.01915,0.0,0.0169,0.0,0.0,0.03972
2552,70,Cerebral cortex,neuronal,0.0,0.01886,0.00854,0.00548,0.0,0.0,0.01264
2553,4685,Cerebral cortex,neuronal,0.00067,0.00246,0.00015,0.00756,0.00222,0.00135,0.01742
2554,4283,Cerebral cortex,neuronal,0.00076,0.00976,0.00202,0.00558,0.00067,0.00061,0.02083
2555,2492,Cerebral cortex,neuronal,0.00083,0.01016,0.00069,0.00463,0.0007,0.00032,0.01663
2556,1664,Cerebral cortex,neuronal,0.00118,0.00735,0.00134,0.00705,0.0009,0.00085,0.02366
2557,1403,Cerebral cortex,neuronal,0.00015,0.00652,0.00107,0.00378,0.00067,0.00036,0.01915
2558,2615,Cerebral cortex,neuronal,0.00064,0.0083,0.00074,0.00577,0.00088,0.00053,0.02043
2559,5446,Cerebral cortex,neuronal,0.00101,0.0034,0.00041,0.00562,0.00059,0.00116,0.02421
256,322,Cerebral cortex,neuronal,0.0,0.0,0.0,0.00643,0.00567,0.00152,0.06801
2560,22915,Cerebral cortex,neuronal,0.00144,0.00561,0.00033,0.00837,0.00102,0.00112,0.02288
2561,7668,Cerebral cortex,neuronal,0.00095,0.00449,0.00096,0.00737,0.00114,0.00125,0.02292
2562,11534,Cerebral cortex,neuronal,0.00106,0.00465,0.0005,0.00841,0.0012,0.00087,0.02222
2563,3183,Cerebral cortex,neuronal,0.00015,0.00427,0.0,0.00594,0.00123,0.00112,0.02631
2564,5443,Cerebral cortex,neuronal,0.00117,0.00913,0.00134,0.00767,0.00141,0.00136,0.02197
2565,3631,Cerebral cortex,neuronal,0.00062,0.00751,0.00142,0.00946,0.00142,0.00235,0.02056
2566,20360,Cerebral cortex,neuronal,0.00055,0.00596,0.00052,0.00803,0.00133,0.00128,0.02283
2567,3885,Cerebral cortex,neuronal,0.00114,0.00415,0.00061,0.00733,0.00128,0.00046,0.01154
2568,906,Cerebral cortex,neuronal,0.00104,0.01326,0.00055,0.00254,0.00126,0.00036,0.01818
2569,1018,Cerebral cortex,neuronal,0.00118,0.01581,0.0011,0.00605,0.00086,0.00184,0.01941
257,1854,Cerebral cortex,neuronal,0.0,0.00138,0.0,0.00374,0.01491,0.0,0.05509
2570,1599,Cerebral cortex,neuronal,0.0019,0.00913,0.00112,0.0028,0.00088,0.00155,0.0188
2571,5379,Cerebral cortex,neuronal,0.00129,0.00542,0.00053,0.00358,0.00201,0.00087,0.02242
2572,1118,Cerebral cortex,neuronal,0.00321,0.00619,0.00086,0.0033,0.00156,0.00029,0.02162
2573,1652,Cerebral cortex,neuronal,0.00089,0.00719,0.00028,0.00254,0.00067,0.00163,0.02298
2574,2289,Cerebral cortex,neuronal,0.00016,0.00653,0.00095,0.00505,0.0004,0.00181,0.01746
2575,4090,Cerebral cortex,neuronal,0.00041,0.00709,0.00117,0.00529,0.00055,0.00217,0.02268
2576,2742,Cerebral cortex,neuronal,0.00105,0.00553,0.00108,0.00301,0.00163,0.00323,0.027
2577,2479,Cerebral cortex,neuronal,0.00142,0.00443,0.00025,0.00336,0.00071,0.00161,0.02775
2578,1097,Cerebral cortex,neuronal,0.00121,0.00631,0.00213,0.00598,0.00072,0.001,0.0182
2579,675,Cerebral cortex,neuronal,0.00176,0.00925,0.0005,0.00306,0.00053,0.00083,0.02138
258,315,Cerebral cortex,neuronal,0.0,0.00082,0.0,0.00201,0.00038,0.0,0.04019
2580,1455,Cerebral cortex,neuronal,0.00088,0.0083,0.00084,0.00414,0.00294,0.0008,0.01351
2581,501,Cerebral cortex,neuronal,0.00056,0.00997,0.00024,0.00459,0.00365,0.00022,0.01677
2582,339,Cerebral cortex,neuronal,0.0,0.00855,0.00326,0.00223,0.00204,0.00254,0.01296
2583,1455,Cerebral cortex,neuronal,0.00048,0.00961,0.00192,0.00425,0.00198,0.00086,0.01888
2584,650,Cerebral cortex,neuronal,0.00133,0.0054,0.00142,0.00191,0.00149,0.00026,0.0096
2585,1154,Cerebral cortex,neuronal,0.00049,0.00233,0.00089,0.00425,0.00319,0.00049,0.01615
2586,1916,Cerebral cortex,neuronal,0.00117,0.01662,0.00145,0.00594,0.00223,0.00079,0.0162
2587,1188,Cerebral cortex,neuronal,0.00197,0.01027,0.0011,0.00552,0.00225,0.00119,0.01424
2588,4578,Cerebral cortex,neuronal,0.00133,0.01104,0.00178,0.00397,0.00215,0.00074,0.01748
2589,15595,Cerebral cortex,neuronal,0.00081,0.00936,0.00086,0.00407,0.00148,0.00121,0.0167
259,702,Cerebral cortex,neuronal,0.00091,0.0,0.0,0.00169,0.00181,0.0,0.02523
2590,2107,Cerebral cortex,neuronal,0.00066,0.00451,0.00038,0.00347,0.00248,0.00073,0.01309
2591,3056,Cerebral cortex,neuronal,0.00066,0.00948,0.00108,0.00379,0.00142,0.00131,0.01765
2592,974,Cerebral cortex,neuronal,0.00105,0.00647,0.00069,0.00455,0.00331,0.00151,0.01623
2593,3677,Cerebral cortex,neuronal,0.00114,0.0072,0.00061,0.00617,0.00121,0.00017,0.01805
2594,3491,Cerebral cortex,neuronal,0.00107,0.0062,0.00057,0.00564,0.00134,0.00064,0.01788
2595,7452,Cerebral cortex,neuronal,0.0012,0.00897,0.00057,0.00545,0.00161,0.00085,0.02174
2596,3684,Cerebral cortex,neuronal,0.00086,0.01007,0.00093,0.00476,0.00146,0.00093,0.01854
2597,4018,Cerebral cortex,neuronal,0.00128,0.01004,0.00104,0.00494,0.00096,0.00148,0.02085
2598,5600,Cerebral cortex,neuronal,0.00107,0.00842,0.00098,0.00368,0.00149,0.00086,0.02134
2599,3932,Cerebral cortex,neuronal,0.00102,0.00808,0.00071,0.0047,0.00066,0.0012,0.01807
26,95,Thalamus,neuronal,0.0,0.0,0.0,0.00796,0.01455,0.0,0.06154
260,628,Cerebral cortex,neuronal,0.00203,0.00028,0.0,0.00301,0.00513,0.0018,0.03543
2600,5602,Cerebral cortex,neuronal,0.00134,0.00583,0.00034,0.00417,0.00137,0.00117,0.0202
2601,4727,Cerebral cortex,neuronal,0.00112,0.00619,0.00068,0.0046,0.00156,0.00075,0.02115
2602,3062,Cerebral cortex,neuronal,0.00143,0.00793,0.00044,0.00518,0.00144,0.00098,0.01826
2603,3261,Cerebral cortex,neuronal,0.0007,0.00946,0.00116,0.0038,0.00156,0.00088,0.01801
2604,2918,Cerebral cortex,neuronal,0.00155,0.00967,0.00065,0.00454,0.00147,0.00035,0.02301
2605,1907,Cerebral cortex,neuronal,0.00106,0.01392,0.00198,0.003,0.00132,0.00103,0.01715
2606,1011,Cerebral cortex,neuronal,0.00138,0.01071,0.00131,0.00743,0.00233,0.00169,0.02757
2607,2294,Cerebral cortex,neuronal,0.00076,0.00826,0.00056,0.00416,0.00165,0.00161,0.02071
2608,2383,Cerebral cortex,neuronal,0.00081,0.01035,0.00093,0.00492,0.00125,0.0015,0.02144
2609,4538,Cerebral cortex,neuronal,0.00096,0.00999,0.00083,0.0041,0.00123,0.001,0.0221
261,751,Cerebral cortex,neuronal,0.00116,0.0,0.0,0.00293,0.00164,0.0,0.02979
2610,903,Cerebral cortex,neuronal,0.00044,0.00493,0.00055,0.0027,0.00028,0.00061,0.02386
2611,2814,Cerebral cortex,neuronal,0.00122,0.01088,0.0014,0.00345,0.00171,0.00069,0.01921
2612,2140,Cerebral cortex,neuronal,0.00283,0.0085,0.00029,0.00474,0.00173,0.00026,0.0141
2613,2068,Cerebral cortex,neuronal,0.00099,0.00613,0.00052,0.00435,0.00014,0.00109,0.01671
2614,1031,Cerebral cortex,neuronal,0.00047,0.01434,0.00085,0.00278,0.00046,0.0005,0.01714
2615,2469,Cerebral cortex,neuronal,0.00067,0.01182,0.00141,0.00499,0.00118,0.00085,0.0204
2616,1855,Cerebral cortex,neuronal,0.00024,0.00996,0.00153,0.00463,0.00126,0.00091,0.02039
2617,1331,Cerebral cortex,neuronal,0.00087,0.00936,0.00081,0.0043,0.00137,0.00067,0.02202
2618,5312,Cerebral cortex,neuronal,0.00117,0.01116,0.00123,0.00549,0.00193,0.00119,0.0182
2619,2547,Cerebral cortex,neuronal,0.00162,0.01154,0.00266,0.00444,0.00128,0.00034,0.0157
262,209,Cerebral cortex,neuronal,0.0,0.0,0.0,0.00679,0.00288,0.0,0.04779
2620,10613,Cerebral cortex,neuronal,0.00111,0.01168,0.00117,0.00597,0.00074,0.00093,0.01984
2621,3595,Cerebral cortex,neuronal,0.00101,0.0087,0.00092,0.00674,0.00081,0.00079,0.02003
2622,1907,Cerebral cortex,neuronal,0.00099,0.00813,0.0004,0.00583,0.00246,0.00059,0.02114
2623,2948,Cerebral cortex,neuronal,0.00097,0.01017,0.00057,0.0059,0.00156,0.001,0.01765
2624,3268,Cerebral cortex,neuronal,0.00037,0.00965,0.00023,0.00398,0.00082,0.00047,0.02125
2625,2733,Cerebral cortex,neuronal,0.00094,0.00759,0.00158,0.00541,0.00094,0.00058,0.01969
2626,5956,Cerebral cortex,neuronal,0.00106,0.00635,0.00099,0.00723,0.00091,0.00137,0.02133
2627,5399,Cerebral cortex,neuronal,0.00112,0.00659,0.0005,0.00854,0.00074,0.00046,0.01938
2628,6013,Cerebral cortex,neuronal,0.00119,0.00802,0.00046,0.00484,0.00093,0.00083,0.02014
2629,4249,Cerebral cortex,neuronal,0.00136,0.00945,0.00214,0.0037,0.00207,0.00123,0.01598
263,704,Cerebral cortex,neuronal,0.0,0.0,0.0,0.0017,0.00355,0.0,0.03243
2630,3516,Cerebral cortex,neuronal,0.00024,0.01375,0.00172,0.00563,0.00082,0.00059,0.01967
2631,3289,Cerebral cortex,neuronal,0.00101,0.01259,0.00164,0.00571,0.00201,0.00099,0.01922
2632,3187,Cerebral cortex,neuronal,0.00101,0.00981,0.00145,0.00449,0.00131,0.001,0.02121
2633,1518,Cerebral cortex,neuronal,0.0005,0.0069,0.00042,0.00364,0.00067,0.00105,0.01856
2634,2290,Cerebral cortex,neuronal,0.00139,0.00556,0.00112,0.00373,0.00121,0.00157,0.01291
2635,1387,Cerebral cortex,neuronal,0.00044,0.00526,0.00066,0.00572,0.00142,0.00064,0.01638
2636,2831,Cerebral cortex,neuronal,0.00115,0.00382,0.00038,0.00522,0.00096,0.00075,0.01391
2637,2013,Cerebral cortex,neuronal,0.00117,0.00556,0.00036,0.00434,0.00108,0.0004,0.01288
2638,729,Cerebral cortex,neuronal,0.00219,0.00153,0.00204,0.00766,0.00194,0.00231,0.01877
2639,747,Cerebral cortex,neuronal,0.00049,0.01411,0.0,0.01292,0.00186,0.00107,0.02713
264,308,Cerebral cortex,neuronal,0.0,0.0,0.0,0.00551,0.00292,0.0,0.03325
2640,2568,Cerebral cortex,neuronal,0.00046,0.01711,0.00282,0.01182,0.00233,0.00105,0.0274
2641,1578,Cerebral cortex,neuronal,0.00047,0.01786,0.0009,0.00969,0.00277,0.00246,0.02922
2642,1227,Cerebral cortex,neuronal,0.00148,0.01361,0.00244,0.00585,0.00236,0.00104,0.02706
2643,240,Cerebral cortex,neuronal,0.0,0.02174,0.0,0.02037,0.00322,0.00121,0.01523
2644,884,Cerebral cortex,neuronal,0.00172,0.02395,0.00356,0.00321,0.00085,0.00251,0.0133
2645,1885,Cerebral cortex,neuronal,0.00186,0.02072,0.00295,0.0066,0.00085,0.00128,0.01646
2646,1191,Cerebral cortex,neuronal,0.00068,0.01796,0.00072,0.0034,0.00179,0.00194,0.02047
2647,1700,Cerebral cortex,neuronal,0.0003,0.0143,0.00115,0.0018,0.00023,0.00042,0.02025
2648,287,Cerebral cortex,neuronal,0.0,0.01393,0.0,0.0099,0.00109,0.00769,0.02561
2649,486,Amygdaloid complex,neuronal,0.00329,0.01017,0.0,0.00418,0.00284,0.00451,0.01925
265,347,Cerebral cortex,neuronal,0.00301,0.00071,0.0,0.00448,0.00388,0.00187,0.0256
2650,1803,Amygdaloid complex,neuronal,0.00019,0.00624,0.00041,0.00146,0.00125,0.00031,0.01197
2651,1884,Amygdaloid complex,neuronal,0.0,0.00457,0.00087,0.00177,0.00074,0.00015,0.00892
2652,118,Amygdaloid complex,neuronal,0.0,0.00274,0.00254,0.00162,0.0,0.0,0.01077
2653,467,Amygdaloid complex,neuronal,0.00134,0.00706,0.0,0.00251,0.00035,0.00119,0.0069
2654,1738,Amygdaloid complex,neuronal,0.00108,0.01101,0.00056,0.00127,0.00091,0.00087,0.01178
2655,1330,Amygdaloid complex,neuronal,0.00057,0.01245,0.00225,0.00216,0.0034,0.00095,0.01192
2656,2010,Amygdaloid complex,neuronal,0.00088,0.01606,0.0021,0.00236,0.00122,0.00147,0.01471
2657,1595,Cerebral cortex,neuronal,0.00072,0.023,0.00356,0.00417,0.0024,0.00183,0.02254
2658,1533,Cerebral cortex,neuronal,0.00036,0.00999,0.00109,0.00422,0.00088,0.00012,0.0239
2659,2328,Claustrum,neuronal,0.00105,0.01461,0.00047,0.0036,0.00117,0.00132,0.01963
266,1287,Cerebral cortex,neuronal,0.00147,0.0,0.0,0.00104,0.00275,0.00307,0.03328
2660,1387,Claustrum,neuronal,0.00015,0.02216,0.00708,0.0045,0.00117,0.00103,0.02631
2661,1184,Claustrum,neuronal,0.00111,0.02688,0.00328,0.00483,0.00079,0.00191,0.03195
2662,2538,Cerebral cortex,neuronal,0.00098,0.02018,0.00158,0.0079,0.00054,0.00116,0.0288
2663,649,Claustrum,neuronal,0.0,0.02406,0.0026,0.00911,0.0,0.00207,0.03243
2664,765,Amygdaloid complex,neuronal,0.00088,0.02142,0.00129,0.00541,0.00089,0.00251,0.03236
2665,498,Amygdaloid complex,neuronal,0.00063,0.00557,0.00236,0.00645,0.00264,0.00184,0.02383
2666,404,Claustrum,neuronal,0.0,0.01666,0.00361,0.00164,0.00084,0.00056,0.01476
2667,367,Claustrum,neuronal,0.00058,0.01359,0.00106,0.0054,0.0,0.00181,0.02501
2668,886,Claustrum,neuronal,0.00127,0.00567,0.00064,0.00711,0.00095,0.0,0.01584
2669,540,Cerebral cortex,neuronal,0.00076,0.00223,0.0,0.00612,0.0052,0.0,0.01497
267,604,Cerebral cortex,neuronal,0.00109,0.0,0.0,0.00417,0.00582,0.00058,0.04899
2670,1508,Cerebral cortex,neuronal,0.00019,0.00216,0.0,0.00404,0.01046,0.0005,0.01282
2671,1014,Cerebral cortex,neuronal,0.00135,0.00158,0.00031,0.00229,0.0018,0.00301,0.02344
2672,1701,Cerebral cortex,neuronal,0.00047,0.00207,0.0,0.00544,0.00362,0.00246,0.02084
2673,592,Cerebral cortex,neuronal,0.0005,0.00094,0.0,0.00587,0.0052,0.0,0.02098
2674,2259,Cerebral cortex,neuronal,0.0,0.00433,0.0,0.00502,0.00138,0.00027,0.01955
2675,2281,Cerebral cortex,neuronal,0.0008,0.00313,0.00024,0.00259,0.00153,0.0005,0.01849
2676,426,Cerebral cortex,neuronal,0.00053,0.00361,0.0,0.00314,0.00268,0.00075,0.02546
2677,3102,Cerebral cortex,neuronal,0.00057,0.00479,0.00105,0.00522,0.00135,0.00161,0.01823
2678,1761,Cerebral cortex,neuronal,0.00065,0.00396,0.00138,0.0062,0.00188,0.00061,0.01868
2679,1384,Cerebral cortex,neuronal,0.00036,0.00563,0.0,0.00392,0.00107,0.0006,0.01595
268,1206,Cerebral cortex,neuronal,0.00347,0.0,0.0,0.00735,0.00183,0.0005,0.03703
2680,1414,Cerebral cortex,neuronal,0.00099,0.0017,0.00017,0.00677,0.00026,0.00247,0.01752
2681,1178,Cerebral cortex,neuronal,0.00038,0.00464,0.0009,0.00487,0.00125,0.0,0.0204
2682,1565,Cerebral cortex,neuronal,0.0006,0.00341,0.00024,0.00476,0.00021,0.00058,0.01891
2683,1507,Cerebral cortex,neuronal,0.00089,0.00369,0.0,0.00219,0.00052,0.00046,0.02344
2684,885,Cerebral cortex,neuronal,0.00102,0.00432,0.0,0.00094,0.00072,0.00037,0.01701
2685,1537,Cerebral cortex,neuronal,0.00048,0.00208,0.00013,0.00644,0.00254,0.00089,0.02091
2686,1186,Cerebral cortex,neuronal,0.00035,0.00292,0.00066,0.00347,0.0005,0.00018,0.01935
2687,804,Cerebral cortex,neuronal,0.00061,0.00217,0.0,0.00195,0.00148,0.00093,0.01608
2688,1266,Cerebral cortex,neuronal,0.00034,0.00336,0.00122,0.00268,0.0011,0.00055,0.02178
2689,3785,Cerebral cortex,neuronal,0.00098,0.00491,0.00082,0.00394,0.00113,0.0008,0.01876
269,1454,Cerebral cortex,neuronal,0.00022,0.00051,0.0,0.00198,0.00084,0.0,0.03955
2690,1724,Cerebral cortex,neuronal,0.0007,0.00654,0.00022,0.00697,0.00243,0.00065,0.02513
2691,110,Cerebral cortex,neuronal,0.0,0.01046,0.0,0.00436,0.00508,0.0,0.04015
2692,237,Cerebral cortex,neuronal,0.0,0.0055,0.0013,0.00503,0.00438,0.0,0.03728
2693,1335,Cerebral cortex,neuronal,0.0008,0.00557,0.00124,0.00345,0.00031,0.00086,0.02652
2694,1670,Cerebral cortex,neuronal,0.00113,0.00834,0.00093,0.00247,0.00103,0.00123,0.02503
2695,2373,Cerebral cortex,neuronal,0.00074,0.00582,0.0,0.00502,0.00062,0.00105,0.02694
2696,2634,Cerebral cortex,neuronal,0.0026,0.00859,0.00166,0.00531,0.00162,0.00386,0.02661
2697,2901,Cerebral cortex,neuronal,0.00114,0.00383,0.00111,0.00272,0.00082,0.00768,0.03044
2698,113,Cerebral cortex,neuronal,0.00644,0.0,0.0,0.01526,0.04238,0.0236,0.02752
2699,82,Cerebral cortex,neuronal,0.00557,0.01635,0.0,0.0034,0.00381,0.00298,0.00846
27,342,Pons,neuronal,0.00575,0.00243,0.0,0.0,0.00041,0.0439,0.06115
270,1751,Cerebral cortex,neuronal,0.0,0.00027,0.0,0.00485,0.00478,0.0,0.04413
2700,56,Amygdaloid complex,neuronal,0.00357,0.0,0.0,0.00708,0.0,0.01051,0.00968
2701,1276,Cerebral cortex,neuronal,0.01081,0.00452,0.0027,0.0022,0.00368,0.00055,0.01492
2702,182,Cerebral cortex,neuronal,0.00359,0.00661,0.0,0.01116,0.00266,0.00514,0.01705
2703,90,Cerebral cortex,neuronal,0.01072,0.0,0.0,0.0254,0.0,0.00648,0.01547
2704,194,Cerebral cortex,neuronal,0.0,0.00086,0.0,0.00596,0.00092,0.00195,0.02061
2705,1222,Cerebral cortex,neuronal,0.00071,0.00273,0.0004,0.0044,0.00214,0.00087,0.01279
2706,2306,Cerebral cortex,neuronal,0.00057,0.00607,0.00059,0.00443,0.00148,0.00117,0.01277
2707,1845,Cerebral cortex,neuronal,0.00105,0.00782,0.00119,0.00543,0.00252,0.00056,0.01132
2708,2158,Cerebral cortex,neuronal,0.00036,0.00616,0.00067,0.00437,0.00146,0.0015,0.01169
2709,808,Cerebral cortex,neuronal,0.00146,0.0043,0.0002,0.00406,0.00224,0.00241,0.01482
271,1246,Cerebral cortex,neuronal,0.0,0.0,0.0,0.00445,0.0,0.00091,0.03557
2710,1558,Cerebral cortex,neuronal,0.00113,0.00327,0.00044,0.00467,0.00031,0.00089,0.01496
2711,639,Cerebral cortex,neuronal,0.00249,0.00323,0.00143,0.00407,0.00048,0.00135,0.01223
2712,860,Cerebral cortex,neuronal,0.00196,0.00233,0.00078,0.0054,0.0014,0.00062,0.01608
2713,2193,Cerebral cortex,neuronal,0.00305,0.00273,0.0,0.00481,0.00162,0.00102,0.01363
2714,1360,Cerebral cortex,neuronal,0.00086,0.00301,0.00054,0.0038,0.00159,0.00076,0.01729
2715,1626,Cerebral cortex,neuronal,0.00117,0.00288,0.0004,0.00149,0.00109,0.00145,0.01616
2716,2183,Cerebral cortex,neuronal,0.0006,0.00223,0.00019,0.00555,0.00113,0.00147,0.01564
2717,276,Cerebral cortex,neuronal,0.00811,0.00236,0.0,0.00644,0.00207,0.0,0.01863
2718,5443,Cerebral cortex,neuronal,0.00087,0.00412,0.00059,0.00444,0.00161,0.00071,0.01137
2719,19177,Cerebral cortex,neuronal,0.00075,0.00226,0.00024,0.00644,0.00166,0.00108,0.0135
272,2576,Cerebral cortex,neuronal,0.00134,0.0,0.0,0.00307,0.00242,0.00023,0.04896
2720,67,Cerebral cortex,neuronal,0.0,0.00665,0.0,0.00833,0.00312,0.00568,0.01004
2721,2079,Cerebral cortex,neuronal,0.00092,0.00619,0.00065,0.00519,0.00126,0.00156,0.01305
2722,1358,Cerebral cortex,neuronal,0.00121,0.00236,0.00032,0.00697,0.00087,0.00027,0.01299
2723,1733,Cerebral cortex,neuronal,0.00142,0.00206,0.00016,0.00732,0.00105,0.00033,0.01013
2724,611,Cerebral cortex,neuronal,0.00173,0.00246,0.0004,0.00646,0.00276,0.00155,0.01298
2725,1756,Cerebral cortex,neuronal,0.00144,0.00186,8e-05,0.00665,0.00247,0.00137,0.01266
2726,420,Cerebral cortex,neuronal,0.00242,0.00121,0.0,0.006,0.00042,0.00143,0.01029
2727,1441,Cerebral cortex,neuronal,0.00121,0.00361,0.00063,0.00346,0.00283,0.00036,0.0105
2728,3103,Cerebral cortex,neuronal,0.00153,0.00576,0.00042,0.00668,0.00382,0.00158,0.02013
2729,1927,Cerebral cortex,neuronal,0.00201,0.00788,0.00035,0.00905,0.00453,0.00125,0.01749
273,2252,Cerebral cortex,neuronal,0.00045,0.0,0.0,0.00295,0.00144,0.0,0.053
2730,1909,Cerebral cortex,neuronal,0.00179,0.00433,0.0,0.02028,0.02527,0.00063,0.01571
2731,2827,Cerebral cortex,neuronal,0.00089,0.00452,0.00058,0.01149,0.00925,0.0007,0.01584
2732,3808,Cerebral cortex,neuronal,0.00169,0.00525,0.00107,0.01834,0.00252,0.00103,0.02213
2733,4390,Cerebral cortex,neuronal,0.00052,0.00493,0.00065,0.01321,0.00166,0.00149,0.0218
2734,1759,Cerebral cortex,neuronal,0.00069,0.00902,0.00034,0.00547,0.00325,0.00156,0.02702
2735,1295,Claustrum,neuronal,0.00144,0.00519,0.00019,0.00407,0.00231,0.00223,0.01399
2736,5268,Cerebral cortex,neuronal,0.00087,0.00689,0.00034,0.00398,0.00095,0.00107,0.01948
2737,1021,Cerebral cortex,neuronal,0.0,0.0086,0.00084,0.00317,0.00261,0.00177,0.01578
2738,3571,Cerebral cortex,neuronal,0.00056,0.0021,0.00013,0.00618,0.00151,0.00098,0.01354
2739,837,Cerebral cortex,neuronal,0.00051,0.0018,0.00072,0.00805,0.00079,0.00172,0.01557
274,1034,Cerebral cortex,neuronal,0.0,0.0,0.00079,0.00192,0.00285,0.00022,0.02942
2740,723,Cerebral cortex,neuronal,0.00203,0.00461,0.0,0.00787,0.00266,0.00057,0.01624
2741,839,Cerebral cortex,neuronal,0.00066,0.00247,0.00168,0.00599,0.00181,0.00257,0.0214
2742,2678,Cerebral cortex,neuronal,0.00101,0.00341,0.00025,0.01204,0.00104,0.00184,0.02003
2744,77,Cerebral cortex,neuronal,0.0,0.0,0.0,0.00381,0.0,0.0,0.00756
2746,970,Cerebral cortex,neuronal,0.00116,0.00396,0.0,0.00566,0.00147,0.00238,0.02873
2747,4298,Cerebral cortex,neuronal,0.00147,0.00268,0.00035,0.00744,0.00526,0.00143,0.01752
2748,170,Cerebral cortex,neuronal,0.0,0.0,0.0,0.00664,0.00409,0.00187,0.01786
2749,5837,Cerebral cortex,neuronal,0.00136,0.00035,0.0,0.00832,0.00248,0.00142,0.01942
275,2024,Cerebral cortex,neuronal,0.00012,0.0,0.0,0.00338,0.00159,0.00083,0.04767
2750,2158,Cerebral cortex,neuronal,0.00105,0.00147,0.0004,0.01158,0.00105,0.00131,0.01671
2751,2839,Cerebral cortex,neuronal,0.00041,0.00378,8e-05,0.01083,0.00216,0.00088,0.01804
2752,1372,Cerebral cortex,neuronal,0.00044,0.00229,0.00041,0.00954,0.00403,0.00015,0.01808
2753,93,Cerebral cortex,neuronal,0.0,0.0,0.00217,0.00353,0.00702,0.0,0.00848
2754,952,Cerebral cortex,neuronal,0.00031,0.00317,0.0,0.01281,0.00165,0.00298,0.01599
2755,762,Cerebral cortex,neuronal,0.00186,0.0021,0.0,0.00774,0.00143,0.00312,0.01927
2756,1004,Cerebral cortex,neuronal,0.0008,0.00196,0.0,0.01084,0.0,0.0,0.01277
2757,1179,Cerebral cortex,neuronal,0.0012,0.00065,0.0,0.01171,0.00125,0.0,0.0131
2758,2861,Cerebral cortex,neuronal,0.00056,0.00123,0.0,0.00478,0.0008,9e-05,0.02557
2759,1839,Cerebral cortex,neuronal,0.00069,0.00018,0.00056,0.00853,0.00222,0.00128,0.01681
276,767,Cerebral cortex,neuronal,0.00129,0.0,0.0,0.00854,0.00336,0.00066,0.05295
2760,1305,Cerebral cortex,neuronal,0.00046,0.00064,0.0,0.00732,0.0015,0.00097,0.02221
2761,2258,Cerebral cortex,neuronal,0.002,0.0,0.0,0.00435,0.00071,0.00035,0.02629
2762,1124,Cerebral cortex,neuronal,0.00145,0.00076,0.0,0.01067,0.00156,0.0,0.01631
2763,789,Cerebral cortex,neuronal,0.00131,0.00064,0.0,0.00443,0.00131,0.00041,0.01497
2764,1597,Cerebral cortex,neuronal,0.00129,0.00201,0.0,0.00702,0.00178,0.00094,0.02347
2765,1254,Cerebral cortex,neuronal,0.00027,0.0,0.0,0.00418,0.0,0.00069,0.03884
2766,2432,Cerebral cortex,neuronal,0.00095,0.00042,0.0,0.0048,0.00227,0.00061,0.02794
2767,1414,Cerebral cortex,neuronal,0.00131,0.00082,0.00015,0.00462,0.00039,0.00079,0.01859
2768,1587,Cerebral cortex,neuronal,0.00147,0.00084,0.0,0.00704,0.00228,0.00013,0.01941
2769,4813,Cerebral cortex,neuronal,0.00074,0.00136,0.00024,0.0064,0.00108,0.00095,0.01944
277,533,Cerebral cortex,neuronal,0.00098,0.0,0.0,0.00226,0.00965,0.0,0.03978
2770,3295,Cerebral cortex,neuronal,0.00187,0.00017,5e-05,0.00677,0.0013,0.00173,0.01729
2771,2847,Cerebral cortex,neuronal,0.00074,0.0006,0.00031,0.0039,0.00114,0.0009,0.01531
2772,3580,Cerebral cortex,neuronal,0.00095,0.00115,0.0,0.00735,0.00121,0.00112,0.01769
2773,9588,Cerebral cortex,neuronal,0.00119,0.00063,0.0,0.00524,0.00118,0.00065,0.02033
2774,534,Cerebral cortex,neuronal,0.00044,0.00328,0.0,0.00447,0.00113,0.00066,0.01911
2775,3830,Cerebral cortex,neuronal,0.00058,0.00172,0.0,0.00371,0.00289,0.00061,0.0166
2776,11163,Cerebral cortex,neuronal,0.00078,0.00372,0.00022,0.00409,0.0016,0.0005,0.02525
2777,12358,Cerebral cortex,neuronal,0.00097,0.00231,0.00029,0.00527,0.00207,0.00076,0.02424
2778,26989,Cerebral cortex,neuronal,0.00085,0.0035,0.00056,0.00605,0.00141,0.00074,0.02158
2779,3923,Cerebral cortex,neuronal,0.00129,0.00521,0.0006,0.00735,0.00303,0.00184,0.02087
278,1178,Cerebral cortex,neuronal,0.00111,0.0,0.0,0.00475,0.01889,0.00052,0.0498
2780,1783,Cerebral cortex,neuronal,0.00187,0.00531,0.00019,0.00098,0.00107,0.00126,0.02423
2781,2750,Cerebral cortex,neuronal,0.00152,0.01106,0.00074,0.0023,0.00189,0.00257,0.02434
2782,2410,Cerebral cortex,neuronal,0.00208,0.0141,0.0016,0.00484,0.00067,0.00163,0.02213
2783,1441,Cerebral cortex,neuronal,0.00072,0.00909,0.00084,0.00312,0.00018,0.00026,0.02071
2784,2556,Cerebral cortex,neuronal,0.0009,0.00691,0.0,0.00365,0.00246,0.00051,0.02453
2785,1961,Cerebral cortex,neuronal,0.00319,0.00709,0.00066,0.00264,0.00024,0.00022,0.01948
2786,820,Cerebral cortex,neuronal,0.00069,0.00724,0.00104,0.00326,0.0003,0.00046,0.02307
2787,78,Cerebral cortex,neuronal,0.0,0.0,0.0,0.01548,0.0,0.0,0.0
2788,414,Cerebral cortex,neuronal,0.0,0.0,0.0,0.00225,0.0,0.0015,0.01689
2789,552,Hippocampus,neuronal,0.00767,0.0,0.0,0.00055,0.00606,0.0,0.03157
279,1752,Cerebral cortex,neuronal,0.00082,0.0,0.0,0.00636,0.01478,0.0,0.0722
2790,171,Hippocampus,neuronal,0.0,0.00383,0.0,0.01774,0.00239,0.00412,0.00225
2791,320,Hippocampus,neuronal,0.0,0.00277,0.0,0.00264,0.0,0.0,0.01291
2792,269,Hippocampus,neuronal,0.0,0.00161,0.00119,0.01092,0.00124,0.00199,0.0148
2793,180,Hippocampus,neuronal,0.0,0.0012,0.0,0.01447,0.0,0.0,0.0014
2794,349,Midbrain,neuronal,0.0,0.0,0.0,0.0,0.0,0.0,0.01244
2795,132,Cerebral cortex,neuronal,0.00363,0.0,0.0,0.00416,0.00191,0.0,0.00437
2796,176,Cerebral cortex,neuronal,0.0,0.01133,0.0,0.00467,0.0,0.0,0.00897
2797,515,Hippocampus,neuronal,0.00127,0.00471,0.00178,0.00301,0.00122,0.0,0.01323
2798,111,Cerebral cortex,neuronal,0.0,0.00984,0.00736,0.00805,0.0,0.0,0.0
2799,775,Hippocampus,neuronal,0.00135,0.0068,0.0,0.00555,0.00204,0.0,0.01534
28,214,Cerebellum,neuronal,0.00072,0.01362,0.00699,0.00214,0.0031,0.01055,0.03824
280,7035,Cerebral cortex,neuronal,0.0,0.0,0.0,0.00618,0.0069,0.00174,0.07268
2800,711,Midbrain,neuronal,0.0,0.00255,0.0,0.00244,0.0,0.0,0.00629
2801,823,Hippocampus,neuronal,0.00165,0.00606,0.0,0.00605,0.00234,0.00443,0.01691
2802,844,Hippocampus,neuronal,0.00135,0.00451,0.0012,0.00357,0.00391,0.00057,0.01111
2803,316,Hippocampus,neuronal,0.00096,0.00128,0.0,0.00317,0.00211,0.00069,0.00686
2804,361,Hippocampus,neuronal,0.00699,0.00866,0.00052,0.00498,0.00045,0.00275,0.01455
2805,85,Hippocampus,neuronal,0.0,0.0,0.01786,0.0,0.00246,0.0,0.00851
2806,268,Hippocampus,neuronal,0.01131,0.00202,0.0,0.00756,0.00427,0.0,0.01236
2809,523,Cerebral cortex,neuronal,0.0033,0.0,0.0,0.01301,0.00675,0.00886,0.00412
281,2570,Cerebral cortex,neuronal,0.0,0.0,0.0,0.00683,0.00246,0.0,0.07977
2810,4126,Cerebral cortex,neuronal,0.00098,0.0005,0.00037,0.00703,0.00077,0.00061,0.01642
2811,1195,Cerebral cortex,neuronal,0.00245,0.00123,0.0,0.00874,0.00384,0.00128,0.01748
2812,1428,Cerebral cortex,neuronal,0.00077,0.00051,0.00011,0.00353,0.00209,0.00032,0.01449
2813,589,Cerebral cortex,neuronal,0.00221,0.00043,0.0,0.005,0.00094,0.00047,0.01224
2814,617,Cerebral cortex,neuronal,0.00276,0.00429,0.00064,0.00599,0.00075,0.0,0.01546
2815,371,Cerebral cortex,neuronal,0.00066,0.00046,0.00023,0.00152,0.00377,0.00042,0.01023
2816,299,Cerebral cortex,neuronal,0.00876,0.00048,0.0,0.0012,0.0,0.0,0.01018
2817,716,Cerebral cortex,neuronal,0.00292,0.002,0.00052,0.00523,0.0019,0.00157,0.01508
2818,519,Cerebral cortex,neuronal,0.01193,0.0015,0.0,0.00829,0.0,0.0,0.01107
2819,1059,Cerebral cortex,neuronal,0.00061,0.0,0.0,0.00394,0.00118,0.00025,0.01378
282,1300,Cerebral cortex,neuronal,0.00017,0.0,0.00037,0.00188,0.00088,0.00096,0.07711
2820,1646,Cerebral cortex,neuronal,0.00023,0.00058,0.0,0.0048,0.00193,0.0022,0.01115
2821,2910,Cerebral cortex,neuronal,0.00164,0.0003,0.00031,0.00548,0.00102,0.00119,0.01196
2822,164,Cerebral cortex,neuronal,0.0,0.0,0.0,0.00364,0.00194,0.0,0.00627
2823,494,Cerebral cortex,neuronal,0.0,0.00128,0.0,0.00303,0.0008,0.0,0.00963
2824,603,Cerebral cortex,neuronal,0.00067,0.00161,0.00054,0.01294,0.00113,0.0,0.01674
2825,522,Cerebral cortex,neuronal,0.0,0.00076,0.0,0.00357,0.00074,0.0,0.01431
2826,577,Cerebral cortex,neuronal,0.0012,0.00087,0.0,0.00805,0.00178,0.00205,0.0139
2827,653,Cerebral cortex,neuronal,0.0,0.00167,0.0,0.00783,0.0,0.00036,0.01839
2828,663,Cerebral cortex,neuronal,0.00317,0.00047,0.0,0.00702,0.00141,0.0,0.01265
2829,602,Cerebral cortex,neuronal,0.00269,0.00042,0.0,0.01785,0.00227,0.00058,0.00882
283,1007,Cerebral cortex,neuronal,0.0,0.00073,0.0,0.00568,0.01023,0.0007,0.05459
2830,777,Cerebral cortex,neuronal,0.0003,0.00057,0.0,0.00264,0.00087,0.0006,0.01525
2831,62,Cerebral cortex,neuronal,0.00614,0.0,0.0084,0.00614,0.00614,0.0,0.03078
2832,69,Cerebral cortex,neuronal,0.0,0.0,0.00702,0.00302,0.0,0.0,0.01029
2835,236,Amygdaloid complex,neuronal,0.00169,0.00138,0.0,0.00157,0.00309,0.0,0.01312
2836,726,Cerebral cortex,neuronal,0.00075,0.0,0.0,0.00273,0.00725,0.00049,0.01025
2837,89,Cerebral cortex,neuronal,0.0,0.0,0.0,0.00311,0.0,0.0,0.01155
2838,185,Cerebral cortex,neuronal,0.0,0.00164,0.0,0.0059,0.00137,0.0,0.01272
2839,355,Amygdaloid complex,neuronal,0.0,0.00259,0.0,0.00345,0.00666,0.0,0.01708
284,2320,Cerebral cortex,neuronal,0.00165,0.0,0.0,0.00429,0.00204,0.0,0.05707
2840,168,Amygdaloid complex,neuronal,0.00287,0.0,0.0,0.00587,0.00671,0.00097,0.02345
2841,375,Cerebral cortex,neuronal,0.00053,0.0,0.0,0.00282,0.0021,0.00072,0.00997
2842,310,Amygdaloid complex,neuronal,0.00233,0.00154,0.0,0.00528,0.00876,0.00233,0.01096
2843,271,Amygdaloid complex,neuronal,0.0,0.00116,0.0,0.00155,0.00206,0.00137,0.0123
2844,100,Amygdaloid complex,neuronal,0.0,0.00176,0.0,0.00374,0.0049,0.0,0.01153
2845,323,Amygdaloid complex,neuronal,0.0,0.00041,0.00045,0.00131,0.00236,0.00097,0.00861
2846,447,Cerebral cortex,neuronal,0.00063,0.0,0.0,0.00388,0.00767,0.00167,0.01034
2847,654,Cerebral cortex,neuronal,0.00034,0.00036,0.0,0.00355,0.00883,0.00054,0.0094
2848,1871,Cerebral cortex,neuronal,0.00032,0.00047,0.0,0.00235,0.01075,0.00063,0.01328
2849,292,Cerebral cortex,neuronal,0.00103,0.00029,0.0,0.00191,0.00168,0.0018,0.00753
285,328,Cerebral cortex,neuronal,0.0,0.0,0.0,0.00265,0.00476,0.00494,0.04249
2850,334,Cerebral cortex,neuronal,0.00609,0.0,0.00104,0.00347,0.01051,0.00049,0.01213
2851,301,Cerebral cortex,neuronal,0.00808,0.00166,0.00031,0.00059,0.00745,0.00051,0.00425
2852,206,Hippocampus,neuronal,0.00369,0.0,0.0,0.00749,0.00507,0.0,0.01334
2853,129,Amygdaloid complex,neuronal,0.01193,0.0,0.0,0.01425,0.00911,0.00063,0.01465
2854,431,Hippocampus,neuronal,0.00088,0.0,0.0,0.00464,0.00267,0.0003,0.01386
2855,280,Amygdaloid complex,neuronal,0.00643,0.0,0.0,0.00212,0.00225,0.00123,0.0068
2856,472,Amygdaloid complex,neuronal,0.00967,0.00052,0.0003,0.0014,0.00249,0.00064,0.01092
2857,489,Amygdaloid complex,neuronal,0.00072,0.0,0.0,0.00086,0.00126,0.0,0.00602
2858,721,Cerebral cortex,neuronal,0.00092,0.00042,0.0002,0.00766,0.00204,0.00129,0.00984
2859,181,Cerebral cortex,neuronal,0.0,0.0,0.0,0.00418,0.0,0.0,0.0188
286,151,Cerebral cortex,neuronal,0.0,0.0,0.0,0.00407,0.0092,0.0,0.02851
2860,201,Cerebral cortex,neuronal,0.0017,0.0,0.0,0.00331,0.0,0.0,0.01572
2861,708,Cerebral cortex,neuronal,0.00329,0.0,0.0,0.00894,0.0,0.00045,0.01437
2862,609,Cerebral cortex,neuronal,0.0013,0.0005,0.0,0.00221,0.00178,0.0,0.0109
2863,350,Cerebral cortex,neuronal,0.0,0.0,0.00068,0.00351,0.00126,0.0,0.00725
2864,449,Cerebral cortex,neuronal,0.00524,0.0,0.00069,0.00569,0.00057,0.00085,0.01442
2865,570,Cerebral cortex,neuronal,0.01821,0.0,0.0,0.00499,0.00092,0.0,0.0084
2866,2089,Cerebral cortex,neuronal,0.00195,0.0,0.0,0.00685,0.00121,0.00015,0.02057
2867,654,Cerebral cortex,neuronal,0.0,0.0,0.0,0.00661,0.00216,0.00318,0.01656
2868,1202,Cerebral cortex,neuronal,0.00161,0.0,0.00027,0.00942,0.00307,0.00183,0.01422
2869,1306,Cerebral cortex,neuronal,0.00015,0.00033,0.0,0.00307,0.0029,0.00014,0.01662
287,176,Cerebral cortex,neuronal,0.0,0.0,0.0,0.01097,0.00335,0.0,0.02406
2870,1229,Cerebral cortex,neuronal,0.00121,0.00027,0.0,0.00486,0.0015,0.00069,0.01422
2871,1004,Cerebral cortex,neuronal,0.0033,0.0,0.0,0.00583,0.00089,0.00177,0.01437
2872,931,Cerebral cortex,neuronal,0.0,0.0,0.0,0.00662,0.0022,0.00036,0.01537
2873,1751,Cerebral cortex,neuronal,0.00147,0.00014,0.00016,0.00379,0.00132,0.00165,0.01291
2874,1661,Cerebral cortex,neuronal,0.00116,0.00078,0.00084,0.00523,0.00213,0.00077,0.0175
2875,791,Cerebral cortex,neuronal,0.00089,0.00117,0.0,0.00506,0.00143,0.00075,0.01373
2876,1366,Cerebral cortex,neuronal,0.00024,0.00119,0.00048,0.00534,0.00056,0.00139,0.01316
2877,643,Cerebral cortex,neuronal,0.00173,0.00066,0.0,0.00662,0.00056,0.00141,0.0141
2878,257,Cerebral cortex,neuronal,0.00143,0.0,0.0,0.002,0.0,0.02536,0.01612
2879,309,Cerebral cortex,neuronal,0.0,0.0,0.0,0.00309,0.0,0.00144,0.02319
288,140,Cerebral cortex,neuronal,0.0,0.00428,0.0,0.02301,0.00217,0.0,0.02008
2880,70,Cerebral cortex,neuronal,0.0,0.0,0.0,0.00695,0.0,0.00695,0.01987
2881,51,Cerebral cortex,neuronal,0.0,0.00782,0.0,0.0,0.0,0.0,0.00782
2882,148,Cerebral cortex,neuronal,0.00298,0.0,0.0,0.02023,0.0,0.0,0.00635
2883,222,Cerebral cortex,neuronal,0.0,0.0,0.0,0.00588,0.0,0.00425,0.00827
2884,198,Cerebral cortex,neuronal,0.0,0.0,0.0,0.00641,0.0017,0.0,0.04751
2885,576,Cerebral cortex,neuronal,0.00106,0.0,0.00021,0.00767,0.00212,0.00268,0.01009
2886,482,Cerebral cortex,neuronal,0.00058,0.0,0.0,0.0014,0.00046,0.00224,0.01768
2887,604,Cerebral cortex,neuronal,0.00227,0.0,0.0,0.00509,0.00352,0.00032,0.01222
2888,397,Cerebral cortex,neuronal,0.02925,0.0,0.001,0.0057,0.00476,0.0,0.01968
2889,773,Cerebral cortex,neuronal,0.00162,0.00014,0.0,0.0053,0.00339,0.00059,0.01197
289,194,Cerebral cortex,neuronal,0.00266,0.0,0.0,0.0,0.0,0.0,0.03752
2890,628,Cerebral cortex,neuronal,0.00292,0.00021,0.0,0.00306,0.00057,0.00054,0.01078
2891,80,Claustrum,neuronal,0.00444,0.0,0.0,0.00403,0.0,0.0,0.01957
2892,1376,Cerebral cortex,neuronal,0.003,0.0,0.0,0.00178,0.00558,0.0021,0.0074
2893,830,Cerebral cortex,neuronal,0.00037,0.0,0.0,0.00551,0.00536,0.00272,0.00958
2894,950,Cerebral cortex,neuronal,0.0008,0.0019,0.00033,0.00929,0.00028,0.00088,0.01818
2895,713,Cerebral cortex,neuronal,0.00063,0.00065,0.0,0.00562,0.00164,0.00078,0.01398
2896,1261,Cerebral cortex,neuronal,0.00531,0.0,0.0,0.00616,0.00367,0.00108,0.01115
2897,1053,Cerebral cortex,neuronal,0.04653,0.0,0.00085,0.00674,0.00057,0.00049,0.01489
2898,1202,Cerebral cortex,neuronal,0.00182,0.0,0.0,0.00773,0.0026,0.00105,0.01459
2899,1011,Cerebral cortex,neuronal,0.00302,0.0,0.0,0.00583,0.00244,0.00124,0.01245
29,354,Cerebellum,neuronal,0.00044,0.00161,0.00098,0.00103,0.00399,0.00405,0.01736
290,134,Cerebral cortex,neuronal,0.0,0.0,0.0,0.00839,0.0021,0.00175,0.02795
2900,1349,Cerebral cortex,neuronal,0.00093,0.00029,0.0,0.00365,0.00148,8e-05,0.01035
2901,1501,Cerebral cortex,neuronal,0.00168,0.00023,0.0,0.00561,0.00235,0.00082,0.0134
2902,676,Cerebral cortex,neuronal,0.00341,0.00039,0.0,0.00564,0.00217,0.0,0.01698
2903,52,Cerebral cortex,neuronal,0.0,0.0,0.0,0.0,0.00379,0.0,0.0
2904,219,Cerebral cortex,neuronal,0.00199,0.0,0.0,0.01051,0.0027,0.00334,0.01472
2905,3458,Cerebral cortex,neuronal,0.00117,0.00027,0.00029,0.00262,0.00592,0.00061,0.00898
2906,1893,Cerebral cortex,neuronal,0.00257,0.0,0.0,0.00433,0.00685,0.00052,0.02051
2907,983,Hippocampus,neuronal,0.00211,0.00019,0.0,0.00385,0.00606,0.00082,0.02334
2908,340,Hippocampus,neuronal,0.02818,0.00031,0.0,0.00197,0.00205,0.00341,0.01075
2909,99,Hippocampus,neuronal,0.00253,0.0,0.0,0.00174,0.0,0.0,0.00935
291,81,Cerebral cortex,neuronal,0.01454,0.0,0.0,0.00492,0.0,0.00364,0.02615
2910,175,Hippocampus,neuronal,0.11918,0.0,0.0,0.0,0.00561,0.0,0.0062
2911,150,Hippocampus,neuronal,0.0,0.0,0.0,0.0069,0.00854,0.0,0.024
2912,303,Hippocampus,neuronal,0.04947,0.00103,0.0,0.00527,0.00692,0.0,0.01336
2913,117,Hippocampus,neuronal,0.00185,0.00254,0.0,0.00163,0.01084,0.0,0.00607
2914,69,Hippocampus,neuronal,0.0,0.0,0.0,0.00403,0.0,0.0035,0.02794
2915,512,Hippocampus,neuronal,0.0,0.0003,0.0,0.00412,0.00222,0.00102,0.02023
2916,295,Hippocampus,neuronal,0.00035,0.0,0.0,0.00157,0.00198,0.00188,0.02224
2917,1833,Hippocampus,neuronal,0.00208,0.00018,5e-05,0.00321,0.00072,0.00092,0.02195
2918,963,Hippocampus,neuronal,0.00081,0.00012,0.0,0.00753,0.00104,0.00018,0.0222
2919,361,Hippocampus,neuronal,0.00096,0.00058,0.0,0.00509,0.00164,0.00126,0.01224
292,296,Cerebral cortex,neuronal,0.00283,0.0,0.0,0.0021,0.00478,0.0,0.02579
2920,441,Hippocampus,neuronal,0.00247,0.0,0.0,0.00381,0.00175,0.00489,0.01748
2921,362,Hippocampus,neuronal,0.00029,0.00056,0.0,0.01154,0.0034,0.00501,0.01972
2922,130,Cerebral cortex,neuronal,0.0,0.0,0.0,0.0,0.00141,0.00352,0.01777
2923,157,Hippocampus,neuronal,0.00714,0.0,0.0,0.00427,0.0,0.00328,0.01797
2924,107,Cerebral cortex,neuronal,0.0,0.0,0.0,0.00324,0.0,0.0,0.00912
2925,75,Cerebral cortex,neuronal,0.0,0.0,0.0,0.0,0.0,0.0,0.01373
2926,188,Cerebral cortex,neuronal,0.00206,0.0014,0.0,0.0032,0.00129,0.0,0.0128
2927,138,Basal forebrain,neuronal,0.00215,0.0,0.00371,0.00787,0.0,0.0,0.01065
2928,75,Cerebral cortex,neuronal,0.0,0.0,0.0,0.0,0.0,0.0,0.01509
2929,59,Cerebral cortex,neuronal,0.0,0.0,0.0,0.00968,0.0,0.0,0.0
293,476,Cerebral cortex,neuronal,0.00279,0.0,0.0,0.00243,0.00269,0.00087,0.03538
2930,143,Cerebral cortex,neuronal,0.00232,0.0,0.0,0.00287,0.00416,0.0,0.02912
2931,99,Hypothalamus,neuronal,0.0,0.0,0.0,0.0,0.0,0.0,0.01248
2932,144,Cerebral cortex,neuronal,0.0009,0.00272,0.0,0.00213,0.00343,0.00189,0.01357
2933,150,Cerebral cortex,neuronal,0.0,0.00171,0.0,0.01638,0.00129,0.0,0.01673
2934,103,Cerebral cortex,neuronal,0.0,0.0,0.0,0.00223,0.0,0.00386,0.01864
2935,188,Cerebral cortex,neuronal,0.0,0.0,0.0,0.00577,0.0,0.00727,0.00645
2936,297,Cerebral cortex,neuronal,0.0,0.0,0.0,0.00783,0.0,0.00168,0.01741
2937,187,Cerebral cortex,neuronal,0.0,0.0,0.0,0.00546,0.0,0.0,0.01683
2938,237,Cerebral cortex,neuronal,0.0,0.0,0.0,0.01796,0.0,0.0034,0.01237
2939,272,Cerebral cortex,neuronal,0.00104,0.0,0.00128,0.01505,0.00156,0.00093,0.02055
294,235,Amygdaloid complex,neuronal,0.0,0.00079,0.0,0.00465,0.00417,0.00549,0.02664
2940,102,Cerebral cortex,neuronal,0.00318,0.0,0.0,0.0,0.0,0.01006,0.01471
2941,330,Cerebral cortex,neuronal,0.00475,0.0,0.00138,0.00217,0.00091,0.0,0.0127
2942,206,Cerebral cortex,neuronal,0.00132,0.0,0.0,0.00191,0.00289,0.0,0.0076
2943,263,Cerebral cortex,neuronal,0.0,0.0,0.00086,0.01203,0.00187,0.0014,0.01193
2944,258,Cerebral cortex,neuronal,0.0,0.00283,0.0,0.00854,0.00061,0.00132,0.01747
2945,69,Cerebral cortex,neuronal,0.0,0.0,0.0,0.01053,0.0,0.00438,0.00932
2946,451,Cerebral cortex,neuronal,0.00196,0.0,0.0,0.00976,0.0018,0.0,0.02081
2947,299,Cerebral cortex,neuronal,0.0,0.0,0.0,0.00637,0.0,0.0,0.02149
2948,352,Cerebral cortex,neuronal,0.0018,0.0,0.00199,0.00246,0.00379,0.0,0.01052
2949,435,Cerebral cortex,neuronal,0.00376,0.0,0.0,0.00373,0.00083,0.0,0.02122
295,77,Cerebral cortex,neuronal,0.0,0.0,0.0,0.00435,0.0,0.0,0.03183
2950,354,Cerebral cortex,neuronal,0.00137,0.0,0.0,0.01171,0.00134,0.0,0.01183
2951,495,Cerebral cortex,neuronal,0.00081,0.0,0.0,0.00711,0.00184,0.00229,0.0126
2952,83,Cerebral cortex,neuronal,0.0,0.0,0.0,0.00317,0.0,0.0,0.00658
2953,169,Cerebral cortex,neuronal,0.0,0.0,0.0,0.00348,0.0,0.00556,0.03045
2954,350,Cerebral cortex,neuronal,0.00367,0.0,0.0,0.01719,0.0,0.00203,0.00645
2955,506,Cerebral cortex,neuronal,0.0,0.0,0.0,0.00642,0.00146,0.00092,0.01417
2956,1209,Cerebral cortex,neuronal,0.00098,0.0,0.0,0.00436,0.00024,0.00021,0.01844
2957,450,Cerebral cortex,neuronal,0.0,0.0,0.00135,0.01319,0.00294,0.00159,0.01609
2958,327,Cerebral cortex,neuronal,0.0,0.00252,0.0,0.00243,0.0,0.0,0.02084
2959,316,Cerebral cortex,neuronal,0.0,0.0,0.0,0.01256,0.00199,0.0,0.03601
296,199,Amygdaloid complex,neuronal,0.00322,0.0,0.00083,0.00799,0.01422,0.0,0.05916
2960,346,Cerebral cortex,neuronal,0.00075,0.0,0.00101,0.00375,0.00098,0.0,0.02763
2961,359,Cerebral cortex,neuronal,0.00205,0.00118,0.0,0.01681,0.0,0.00118,0.01374
2962,155,Cerebral cortex,neuronal,0.0,0.0,0.00266,0.0,0.00313,0.0,0.01061
2963,311,Cerebral cortex,neuronal,0.0,0.0,0.0,0.01109,0.0,0.0,0.02671
2964,106,Cerebral cortex,neuronal,0.00145,0.0,0.0,0.00997,0.0,0.00392,0.01779
2965,97,Cerebral cortex,neuronal,0.0,0.00202,0.0,0.004,0.0,0.0,0.02103
2966,191,Cerebral cortex,neuronal,0.0,0.0,0.0,0.01255,0.0,0.0,0.01209
2967,221,Cerebral cortex,neuronal,0.0,0.0,0.0,0.00701,0.0014,0.00187,0.01098
2968,473,Cerebral cortex,neuronal,0.00029,0.00057,0.0004,0.00988,0.0,0.00191,0.01087
2969,105,Cerebral cortex,neuronal,0.0,0.0,0.0,0.00639,0.00353,0.0,0.01162
297,114,Hippocampus,neuronal,0.0,0.0,0.0,0.0,0.00214,0.0,0.08327
2970,290,Cerebral cortex,neuronal,0.00374,0.0,0.0,0.01279,0.00135,0.00179,0.02025
2971,218,Cerebral cortex,neuronal,0.0,0.0,0.0,0.0082,0.0,0.0,0.02303
2972,247,Cerebral cortex,neuronal,0.00196,0.0,0.0,0.00894,0.0,0.0,0.00715
2973,274,Cerebral cortex,neuronal,0.00079,0.00166,0.0,0.00526,0.0,0.00077,0.00658
2974,436,Cerebral cortex,neuronal,0.00127,0.00121,0.0,0.00612,0.00078,0.00207,0.01415
2975,346,Cerebral cortex,neuronal,0.0022,0.0,0.0,0.00696,0.004,0.00181,0.02444
2976,545,Cerebral cortex,neuronal,0.00279,0.00079,0.00047,0.01248,0.0,0.00047,0.01219
2977,640,Cerebral cortex,neuronal,0.001,0.0,0.0,0.00809,0.0,0.00151,0.01745
2978,294,Cerebral cortex,neuronal,0.0,0.0,0.0,0.00545,0.00201,0.0,0.01014
2979,204,Cerebral cortex,neuronal,0.00142,0.0,0.0,0.00531,0.00335,0.00755,0.00989
298,308,Cerebral cortex,neuronal,0.0,0.0,0.0,0.00141,0.00098,0.0,0.02014
2980,357,Cerebral cortex,neuronal,0.0,0.0,0.00059,0.00385,0.00301,0.0,0.0237
2981,227,Cerebral cortex,neuronal,0.00242,0.003,0.0,0.01116,0.0,0.0,0.02638
2982,145,Cerebral cortex,neuronal,0.0,0.0,0.0,0.0,0.00242,0.00397,0.00841
2983,310,Cerebral cortex,neuronal,0.0,0.00045,0.0,0.00702,0.0105,0.0008,0.02702
2984,228,Cerebral cortex,neuronal,0.0,0.00091,0.0,0.00833,0.0,0.00319,0.02494
2985,227,Cerebral cortex,neuronal,0.00156,0.0,0.0,0.00995,0.00073,0.00398,0.0198
2986,412,Cerebral cortex,neuronal,0.00125,0.00131,0.0,0.00314,0.00086,0.00145,0.02083
2987,70,Cerebral cortex,neuronal,0.0,0.0,0.0,0.0,0.0,0.0,0.0
2988,233,Cerebral cortex,neuronal,0.00256,0.00222,0.00158,0.00368,0.0,0.0,0.03252
2989,400,Cerebral cortex,neuronal,0.00155,0.0,0.0,0.00252,0.00245,0.00223,0.01945
299,1001,Cerebral cortex,neuronal,0.0,0.00132,0.0,0.00194,0.00295,0.00071,0.0349
2990,59,Cerebral cortex,neuronal,0.0,0.0,0.0,0.00751,0.0,0.0,0.07759
2991,130,Cerebral cortex,neuronal,0.0,0.0,0.0,0.0,0.0,0.0,0.01195
2992,182,Cerebral cortex,neuronal,0.0,0.0,0.0,0.0,0.0,0.00206,0.02005
2993,147,Cerebral cortex,neuronal,0.0,0.0,0.0,0.00939,0.0,0.0,0.02388
2994,241,Cerebral cortex,neuronal,0.00155,0.00232,0.0,0.00352,0.0,0.00331,0.03106
2995,144,Cerebral cortex,neuronal,0.0,0.0,0.0,0.01321,0.0,0.00202,0.01843
2996,1803,Hypothalamus,other,0.00475,0.0,0.00031,0.01034,0.00709,0.00056,0.0037
2997,822,Hypothalamus,other,0.0011,0.0,0.0,0.00735,0.00954,0.0,0.00559
2998,419,Hypothalamus,other,0.00321,0.0,0.0,0.01168,0.01733,0.00118,0.00394
2999,43511,Pons,other,0.00155,1e-05,0.00021,0.0422,0.01148,0.00109,0.00258
3,246,Cerebellum,neuronal,0.00127,0.0,0.0,0.02294,0.0,0.05127,0.02294
300,103,Cerebral cortex,neuronal,0.0,0.0,0.0,0.0,0.00417,0.0,0.06112
3000,6973,Pons,other,0.00265,0.0,0.0,0.03208,0.00397,0.0015,0.00366
3001,33798,Pons,other,0.00154,0.0,0.00015,0.02937,0.00967,0.00096,0.00302
3002,21134,Thalamus,other,0.00094,0.0,0.0,0.02979,0.00828,0.00112,0.00341
3003,18046,Midbrain,other,0.00158,0.0,0.00015,0.01875,0.00645,0.00117,0.0041
3004,44586,Pons,other,0.00208,7e-05,0.00021,0.02677,0.00561,0.0013,0.00356
3005,17273,Pons,other,0.00259,0.0,0.00033,0.02798,0.00506,0.00093,0.00302
3006,417,Thalamus,neuronal,0.01481,0.0,0.0,0.02378,0.00789,0.0,0.0
3007,281,Thalamus,neuronal,0.0,0.0,0.0,0.0,0.0,0.0,0.00976
3008,271,Thalamus,neuronal,0.0,0.0,0.0,0.00899,0.04326,0.0,0.03031
3009,368,Thalamus,neuronal,0.0,0.0,0.0,0.0,0.0,0.0,0.01161
301,2693,Cerebral cortex,neuronal,0.0,0.00043,0.0,0.00652,0.00164,0.00013,0.05485
3010,250,Thalamus,neuronal,0.0,0.0,0.0,0.0,0.0,0.0,0.0
3011,664,Cerebral cortex,other,0.0,0.0,0.0,0.00102,0.0,0.0,0.00798
3012,994,Cerebral cortex,other,0.0,0.0,0.0,0.00495,0.0,0.0,0.0
3013,3255,Hippocampus,other,0.00123,0.0,0.00055,0.00887,0.00283,0.00068,0.00136
3014,1262,Amygdaloid complex,neuronal,0.00649,0.0,0.0,0.01339,0.0,0.00704,0.00858
3016,927,Thalamus,other,0.00124,0.0,0.0,0.00068,0.00063,0.00069,0.00453
3017,456,Thalamus,other,0.0,0.0,0.0,0.0,0.0,0.0,0.0084
3018,88,Basal nuclei,other,0.0,0.0,0.0,0.0,0.0,0.0,0.0
3019,719,Basal nuclei,other,0.0,0.0,0.0,0.0,0.006,0.0,0.01253
302,1351,Cerebral cortex,neuronal,0.00033,0.00039,0.0,0.00109,0.0,0.00102,0.04768
3020,61948,Cerebral cortex,other,0.00176,4e-05,0.0002,0.01336,0.00395,0.00105,0.0038
3021,25820,Cerebral cortex,other,0.00123,6e-05,0.0,0.01211,0.00416,0.00149,0.00321
3022,21557,Basal nuclei,other,0.00105,0.0,0.00015,0.00657,0.00371,0.00107,0.0046
3023,121601,Thalamus,other,0.0009,3e-05,7e-05,0.0058,0.00208,0.00069,0.00556
3024,34393,Midbrain,other,0.00159,0.0,0.0,0.00848,0.00307,0.00058,0.00343
3025,26223,Thalamus,other,0.0024,0.0,0.0,0.01752,0.00357,0.00074,0.00346
3026,3236,Hippocampus,other,0.0,0.0,0.0,0.00233,0.01042,0.00248,0.00938
3027,81,Cerebral cortex,other,0.0,0.0,0.0,0.0,0.0,0.0,0.01375
3029,62,Cerebral cortex,other,0.0,0.0,0.0,0.0448,0.0,0.0,0.0
303,2227,Cerebral cortex,neuronal,0.00079,0.0,0.0,0.00314,0.00244,0.00121,0.03804
3030,206,Hippocampus,other,0.0048,0.0,0.0,0.03125,0.0,0.0,0.0
3031,134,Pons,other,0.0,0.0,0.0,0.05481,0.0,0.0,0.0
3032,393,Cerebral cortex,other,0.00928,0.0,0.0,0.0262,0.0015,0.0,0.0
3035,244,Cerebral cortex,other,0.01165,0.0,0.0,0.03872,0.0,0.0,0.0
3036,225,Cerebral cortex,other,0.01532,0.0,0.0,0.01299,0.0,0.0,0.0
3037,101,Hippocampus,other,0.01045,0.0,0.0,0.0832,0.0,0.0,0.0
3038,216,Midbrain,other,0.0,0.0,0.0,0.0319,0.0,0.0,0.0
3039,1924,Amygdaloid complex,other,0.08182,0.00076,0.0,0.01811,0.0,0.00016,0.00378
304,1762,Cerebral cortex,neuronal,0.00036,0.00058,0.0,0.01169,0.00171,0.00091,0.05381
3040,8010,Hippocampus,neuronal,0.09121,0.00046,0.00011,0.01696,0.00073,0.00234,0.0039
3041,17249,Cerebral cortex,neuronal,0.04419,0.00024,5e-05,0.02458,0.00097,0.0009,0.0061
3042,6716,Cerebral cortex,neuronal,0.06831,0.0,0.0,0.02782,0.00066,0.00073,0.00264
3043,21124,Hippocampus,neuronal,0.03431,0.0001,0.00028,0.01922,0.00111,0.00065,0.00356
3044,26286,Pons,other,0.03231,0.00061,0.00022,0.0199,0.00102,0.00148,0.00858
3045,11265,Cerebellum,other,0.02215,9e-05,0.0,0.01585,0.00121,0.0019,0.0058
3046,10588,Thalamus,other,0.0502,0.0,0.00011,0.01606,0.00191,0.0008,0.00433
3047,100,Hypothalamus,other,0.01118,0.00436,0.0,0.0,0.0,0.00701,0.0
3048,121,Hypothalamus,other,0.06186,0.0,0.0,0.0023,0.00743,0.0,0.02527
3049,234,Thalamus,other,0.03552,0.0,0.0,0.00908,0.00212,0.0,0.0
305,3290,Cerebral cortex,neuronal,0.00165,0.00074,0.0,0.00287,0.0004,0.0,0.0462
3050,398,Hypothalamus,other,0.01778,0.0,0.0,0.00779,0.0,0.00154,0.00666
3051,76,Hypothalamus,other,0.0475,0.0,0.0,0.02471,0.0,0.0,0.0
3053,270,Cerebral cortex,other,0.04185,0.0,0.0,0.01279,0.0,0.00569,0.01397
3054,493,Cerebral cortex,other,0.06783,0.0,0.0,0.0108,0.00437,0.00091,0.0038
3055,98,Cerebral cortex,other,0.01839,0.0,0.0,0.0067,0.0,0.0,0.0
3056,702,Thalamus,other,0.02801,0.0,0.0,0.02866,0.00409,0.0,0.0013
3058,8041,Cerebellum,neuronal,0.00384,0.0,0.0,0.01002,0.00156,0.0103,0.00442
3059,537,Myelencephalon,neuronal,0.03267,0.0,0.0,0.01854,0.0,0.02509,0.0
306,1836,Cerebral cortex,neuronal,0.0006,0.0002,0.00014,0.00293,0.00283,0.00083,0.04093
3060,680,Pons,neuronal,0.00159,0.0,0.0,0.0639,0.0,0.05875,0.0
3061,772,Pons,neuronal,0.0,0.0,0.0,0.02265,0.01687,0.08011,0.00566
3062,460,Thalamus,neuronal,0.00469,0.0,0.0,0.0238,0.0,0.11105,0.04656
3063,1010,Cerebellum,neuronal,0.00247,0.0,0.0,0.03285,0.0,0.02717,0.00387
3064,603,Cerebellum,neuronal,0.0,0.0,0.0,0.01537,0.0,0.01203,0.0047
3065,7569,Basal nuclei,other,0.00418,0.0,0.0,0.0182,0.00422,0.05735,0.00189
3066,2303,Hypothalamus,other,0.02408,0.0,0.0,0.02388,0.00445,0.03779,0.00922
3067,238,Midbrain,neuronal,0.0,0.0,0.0,0.0,0.0,0.0978,0.0075
3068,6942,Thalamus,other,0.00335,0.0,0.0,0.02052,0.00316,0.03744,0.00982
3069,4999,Thalamus,other,0.00646,0.0,0.0,0.02446,0.00369,0.05021,0.00388
307,2864,Cerebral cortex,neuronal,0.00251,0.0,0.0,0.00192,0.00154,0.00097,0.04238
3070,3674,Midbrain,other,0.00484,0.0,0.0,0.02371,0.00661,0.05163,0.00531
3071,5054,Pons,neuronal,0.00785,0.0,0.00046,0.01876,0.00112,0.05312,0.00607
3072,2156,Pons,other,0.01007,0.0,0.0,0.01896,0.00174,0.06347,0.00352
3073,235,Hypothalamus,neuronal,0.03775,0.0,0.0,0.00953,0.0,0.03301,0.0
3074,453,Thalamus,neuronal,0.0,0.0,0.0,0.01156,0.00869,0.01204,0.00361
3075,127,Basal nuclei,other,0.11686,0.0,0.0,0.02653,0.00745,0.12292,0.0
3076,106,Hypothalamus,other,0.02256,0.0,0.0,0.05427,0.0,0.23309,0.03201
3077,295,Amygdaloid complex,neuronal,0.0,0.0,0.0,0.0,0.0,0.10479,0.0
3078,215,Hypothalamus,neuronal,0.0,0.0,0.0,0.0,0.0,0.08467,0.0
3079,295,Hypothalamus,neuronal,0.01355,0.0,0.0,0.00718,0.00226,0.08798,0.00608
308,982,Cerebral cortex,neuronal,0.0005,0.0,0.0,0.00845,0.00429,0.00106,0.03642
3080,2578,Amygdaloid complex,other,0.0111,0.0,0.0002,0.0171,0.0035,0.06611,0.00248
3081,1126,Basal forebrain,other,0.0186,0.0,0.00059,0.01406,0.01159,0.08557,0.00399
3082,814,Basal nuclei,other,0.01433,0.0,0.0,0.02775,0.00473,0.10941,0.0017
3083,1162,Basal nuclei,other,0.00304,0.0,0.0,0.01808,0.00502,0.07552,0.00357
3084,327,Basal nuclei,other,0.0,0.0,0.0,0.03606,0.0,0.10059,0.00276
3085,22704,Cerebral cortex,other,0.00114,0.0,6e-05,0.03403,0.00334,0.07559,0.00652
3086,2780,Cerebral cortex,other,0.00087,0.0,0.00161,0.02463,0.00279,0.07997,0.00198
3087,18106,Cerebral cortex,other,0.0028,0.0,0.0001,0.02383,0.00383,0.07642,0.00347
3088,1096,Hippocampus,other,0.00101,0.0,0.0,0.04522,0.00187,0.09909,0.0
3089,1534,Hippocampus,other,0.00306,0.0,0.0,0.01745,0.00066,0.08376,0.0045
309,2432,Cerebral cortex,neuronal,0.00061,0.0,0.0,0.00602,0.00228,0.00201,0.05123
3090,1309,Hippocampus,other,0.00264,0.0,0.0,0.02467,0.00246,0.10041,0.0
3091,864,Hippocampus,other,0.00207,0.0,0.0,0.02262,0.00098,0.06436,0.00641
3093,2147,Cerebral cortex,other,0.01051,0.0,0.00081,0.03575,0.00234,0.06217,0.00324
3094,1297,Cerebral cortex,other,0.00795,0.0,0.0,0.02925,0.00634,0.05176,0.00132
3095,1842,Hippocampus,other,0.00126,0.0,0.00112,0.03184,0.00671,0.07771,0.00269
3096,1138,Hippocampus,other,0.00875,0.0,0.0,0.03359,0.00107,0.08947,0.0
3097,3484,Hippocampus,other,0.00372,0.0,0.0,0.0287,0.00309,0.0774,0.00472
3098,1281,Hippocampus,other,0.00604,0.0,0.0,0.03035,0.00076,0.06884,0.00327
3099,757,Hippocampus,other,0.01813,0.0,0.0,0.03388,0.0,0.0723,0.00279
31,126,Cerebellum,neuronal,0.0,0.00359,0.00151,0.0031,0.00128,0.01015,0.03947
310,3465,Cerebral cortex,neuronal,0.00024,0.0,0.00071,0.00496,0.00135,0.00024,0.04978
3100,1732,Hippocampus,other,0.0232,0.0,0.0,0.03026,0.0,0.08247,0.00175
3101,279,Hippocampus,other,0.0167,0.0,0.0,0.02702,0.0,0.09694,0.0
3102,1344,Basal forebrain,other,0.05167,0.0,0.0,0.01247,0.00079,0.08197,0.0
3103,394,Basal forebrain,other,0.02142,0.0,0.0,0.01751,0.0,0.11591,0.00528
3104,291,Hippocampus,other,0.03809,0.0,0.0,0.04417,0.00203,0.07379,0.0
3105,6995,Hippocampus,other,0.03261,0.0,0.00014,0.02363,0.00077,0.07446,0.00093
3106,3476,Cerebral cortex,other,0.00943,0.0,0.0,0.03289,0.00038,0.05375,0.0021
3107,519,Hippocampus,other,0.00478,0.0,0.0,0.02502,0.00214,0.02819,0.00339
3108,878,Hippocampus,other,0.00773,0.0,0.0,0.02803,0.00251,0.07911,0.00432
3109,1293,Cerebral cortex,other,0.01894,0.0,0.0,0.01995,0.0,0.08834,0.00666
311,1750,Cerebral cortex,neuronal,0.00061,0.0002,0.0,0.00043,0.0014,0.0003,0.07311
3110,73,Hippocampus,other,0.01105,0.0,0.0,0.02168,0.0,0.02169,0.0
3112,184,Basal nuclei,other,0.01207,0.0,0.0,0.04773,0.0,0.05918,0.03641
3113,447,Hypothalamus,other,0.10505,0.0,0.0,0.00371,0.00462,0.0432,0.0
3114,453,Hypothalamus,other,0.11472,0.0,0.0,0.00859,0.00298,0.02954,0.00487
3115,281,Hypothalamus,other,0.06274,0.0,0.0,0.00702,0.00336,0.05354,0.00398
3116,714,Hippocampus,other,0.03597,0.0,0.0,0.015,0.00623,0.06205,0.00235
3117,2145,Hippocampus,other,0.11294,0.0,0.0,0.02065,0.00203,0.0912,0.0008
3118,211,Myelencephalon,other,0.16153,0.0,0.0,0.03061,0.00805,0.09733,0.02112
3119,1195,Myelencephalon,other,0.07922,0.0,0.0,0.00931,0.01061,0.06256,0.0025
312,1591,Cerebral cortex,neuronal,0.00051,0.0,0.0,0.00306,0.00109,0.00075,0.06031
3120,2677,Spinal cord,other,0.07733,0.0,0.0,0.00699,0.00596,0.06713,0.00279
3121,2320,Thalamus,other,0.04369,0.0,0.0,0.0094,0.00401,0.07702,0.00685
3122,1674,Cerebellum,other,0.01875,0.0,0.0,0.02547,0.00129,0.04722,0.0
3123,5386,Cerebellum,other,0.00419,0.0,0.0,0.0198,0.00118,0.05174,0.00449
3124,2067,Pons,other,0.01168,0.0,0.0,0.02128,0.00127,0.06949,0.0
3125,7941,Basal nuclei,other,0.00814,0.0,0.00064,0.02279,0.00482,0.06553,0.00212
3126,2096,Spinal cord,other,0.02678,0.0,0.0,0.01928,0.00281,0.07191,0.00206
3127,1956,Myelencephalon,other,0.0292,0.0,0.0,0.01848,0.0,0.05053,0.00172
3128,768,Myelencephalon,other,0.16905,0.0,0.0,0.0212,0.0122,0.0666,0.01578
3129,62,Midbrain,other,0.11101,0.0,0.0,0.0,0.0,0.21367,0.01922
313,1621,Cerebral cortex,neuronal,0.00055,0.0,0.0,0.00634,0.00155,0.00074,0.06248
3131,102,Myelencephalon,other,0.24094,0.0,0.0,0.0,0.0,0.03691,0.0
3132,58,Myelencephalon,vascular,0.41723,0.0,0.0,0.0,0.0,0.03697,0.0
3133,105,Basal forebrain,vascular,0.11426,0.0,0.0,0.0,0.0,0.22685,0.0
3134,90,Basal forebrain,vascular,0.25003,0.0,0.0,0.0,0.0,0.15926,0.0
3135,289,Basal forebrain,other,0.32206,0.0,0.0,0.00535,0.0,0.26356,0.00331
3136,64,Basal forebrain,other,0.18387,0.0,0.0,0.0,0.0,0.22299,0.0
3137,167,Basal forebrain,other,0.26804,0.0,0.0,0.01475,0.02051,0.19823,0.0
3138,56,Hypothalamus,other,0.42768,0.0,0.0,0.0052,0.0,0.3276,0.0
3139,133,Hippocampus,other,0.27912,0.0,0.0,0.0,0.01205,0.1325,0.0
314,1910,Cerebral cortex,neuronal,0.00059,0.0,0.0,0.00702,0.00035,0.0,0.05668
3140,80,Basal forebrain,other,0.28844,0.0,0.0,0.02615,0.0,0.37809,0.0
3141,200,Spinal cord,vascular,0.25994,0.0,0.0,0.01429,0.0,0.41373,0.02457
3142,170,Myelencephalon,other,0.234,0.0,0.0,0.0,0.0,0.31024,0.0
3143,148,Myelencephalon,other,0.34625,0.0,0.0,0.00648,0.0,0.15236,0.0367
3144,133,Myelencephalon,other,0.27362,0.0,0.0,0.01272,0.0,0.23756,0.0
3145,92,Myelencephalon,vascular,0.28785,0.0,0.0,0.04793,0.0,0.18392,0.0
3146,82,Myelencephalon,vascular,0.27258,0.0,0.0,0.0,0.0,0.22526,0.05259
3147,131,Pons,vascular,0.27139,0.0,0.0,0.0091,0.0,0.19255,0.0
3148,65,Hypothalamus,other,0.27375,0.0,0.0,0.0,0.0,0.18512,0.0
3149,355,Basal nuclei,other,0.24867,0.0,0.0,0.00894,0.00987,0.17726,0.00378
315,748,Cerebral cortex,neuronal,0.00172,0.0,0.0,0.0004,0.00255,0.00167,0.02834
3150,84,Basal nuclei,vascular,0.38594,0.0,0.0,0.0,0.0,0.14629,0.03299
3152,73,Midbrain,vascular,0.28044,0.0,0.0,0.0,0.0,0.25701,0.0
3153,146,Thalamus,other,0.31644,0.0,0.0,0.0,0.0,0.17478,0.0
3156,693,Hippocampus,other,0.29891,0.0,0.0,0.0107,0.00293,0.18775,0.00196
3157,201,Hippocampus,other,0.31604,0.0,0.0,0.0,0.00332,0.14021,0.0036
3158,187,Hippocampus,other,0.20778,0.0,0.0,0.02061,0.00518,0.19817,0.0
3159,122,Hippocampus,other,0.46147,0.0,0.0,0.0,0.0,0.08332,0.0
316,613,Cerebral cortex,neuronal,0.0,0.0,0.0,0.00318,0.00076,0.00083,0.01869
3160,181,Hippocampus,other,0.3427,0.0,0.0,0.01121,0.0,0.10361,0.01656
3161,114,Hippocampus,other,0.15936,0.0,0.0,0.01346,0.0,0.09636,0.00664
3162,98,Hippocampus,other,0.22193,0.0,0.0,0.0,0.0,0.14497,0.0
3163,205,Hippocampus,other,0.17479,0.0,0.0,0.00626,0.0,0.15438,0.0
3165,255,Hippocampus,other,0.27834,0.0,0.0,0.00608,0.0,0.1455,0.0
3166,186,Hippocampus,vascular,0.24093,0.0,0.0,0.02381,0.0,0.12263,0.0
3167,136,Hippocampus,vascular,0.24169,0.0,0.0,0.0,0.0,0.16238,0.0
3168,137,Thalamus,vascular,0.2882,0.0,0.0,0.0,0.0,0.23575,0.0
3169,121,Myelencephalon,vascular,0.2443,0.0,0.0,0.01036,0.0,0.15882,0.01764
317,721,Cerebral cortex,neuronal,0.00113,0.0,0.0,0.00542,0.00548,0.00114,0.03848
3170,166,Myelencephalon,vascular,0.32708,0.0,0.0,0.01722,0.0,0.09673,0.01893
3171,100,Myelencephalon,vascular,0.34439,0.0,0.0,0.00988,0.0,0.31885,0.00854
3174,789,Myelencephalon,vascular,0.01146,0.0,0.0,0.00413,0.00666,0.0701,0.00412
3175,91,Basal forebrain,other,0.0,0.0,0.0,0.01853,0.0,0.14703,0.0
3176,479,Myelencephalon,vascular,0.00656,0.0,0.0,0.00554,0.0,0.09105,0.0
3177,133,Basal forebrain,vascular,0.00717,0.0,0.0,0.01617,0.0,0.12747,0.0
3178,294,Basal forebrain,vascular,0.01708,0.0,0.0,0.02348,0.0,0.13641,0.00315
3179,271,Basal forebrain,vascular,0.01041,0.0,0.0,0.02007,0.0,0.21031,0.0
318,1044,Cerebral cortex,neuronal,0.0,0.0,0.0,0.00328,0.0,0.0,0.07029
3181,763,Basal forebrain,vascular,0.01704,0.0,0.0,0.00775,0.00041,0.20551,0.00243
3182,739,Basal forebrain,vascular,0.01231,0.0,0.0,0.011,0.0,0.17971,0.00207
3183,327,Basal forebrain,vascular,0.02177,0.0,0.0,0.01067,0.0,0.23171,0.0
3184,719,Basal forebrain,other,0.01165,0.0,0.0,0.00361,0.0,0.23652,0.00047
3185,495,Basal forebrain,vascular,0.05474,0.0,0.0,0.00433,0.00098,0.21483,0.0
3186,243,Basal forebrain,vascular,0.02088,0.0,0.0,0.00267,0.0,0.23708,0.0
3187,1347,Basal forebrain,vascular,0.01314,0.0,0.0,0.00459,0.00166,0.19273,0.00113
3188,305,Basal forebrain,vascular,0.00692,0.0,0.0,0.02656,0.0017,0.18925,0.0009
3189,317,Basal forebrain,vascular,0.00382,0.0,0.0,0.01234,0.00562,0.25482,0.0
319,614,Cerebral cortex,neuronal,0.00216,0.0,0.0,0.00307,0.0,0.0,0.04684
3190,66,Basal forebrain,other,0.00687,0.0,0.0,0.0,0.0,0.27804,0.0
3191,130,Basal forebrain,vascular,0.0272,0.0,0.0,0.00211,0.0,0.22162,0.0
3196,51,Basal forebrain,neuronal,0.03956,0.0,0.0,0.0,0.00653,0.01586,0.0
3197,73,Basal forebrain,vascular,0.03465,0.0,0.0,0.0,0.04176,0.0,0.0
3199,64,Hippocampus,vascular,0.62105,0.0,0.0,0.0,0.04051,0.0,0.0
320,700,Cerebral cortex,neuronal,0.0,0.0,0.0,0.00315,0.00128,0.00159,0.05088
3200,128,Hippocampus,vascular,0.9186,0.0,0.0,0.0,0.0,0.03083,0.0
3201,107,Cerebral cortex,vascular,1.22216,0.0,0.0,0.01548,0.0,0.0,0.0
3202,130,Cerebral cortex,vascular,1.24492,0.0,0.0,0.02261,0.0,0.0,0.01459
3203,250,Hippocampus,vascular,0.61413,0.0,0.0,0.03803,0.0,0.0,0.0
3204,521,Cerebral cortex,vascular,1.67411,0.0,0.0,0.01954,0.00475,0.02949,0.00516
3205,467,Cerebral cortex,vascular,1.20734,0.0,0.0,0.01965,0.0,0.00284,0.0
3206,1107,Cerebral cortex,vascular,1.26456,0.0,0.00426,0.01402,0.0019,0.00796,0.01474
3207,375,Cerebral cortex,vascular,1.51741,0.0,0.0,0.00356,0.0,0.0,0.0
3208,276,Pons,vascular,0.92364,0.0,0.0,0.00871,0.0,0.0,0.0
3209,282,Cerebral cortex,vascular,1.42409,0.0,0.0,0.01993,0.0,0.0093,0.01031
321,572,Cerebral cortex,neuronal,0.0,0.00167,0.0,0.00414,0.0,0.00164,0.05202
3210,302,Cerebral cortex,vascular,2.00171,0.0,0.0,0.03426,0.0,0.0254,0.0
3211,75,Hippocampus,vascular,1.44731,0.0,0.0,0.03931,0.0,0.07326,0.0
3212,216,Hippocampus,vascular,1.03806,0.0,0.0,0.01827,0.0,0.0,0.0
3213,171,Cerebral cortex,vascular,0.14698,0.0,0.0,0.05341,0.0,0.0,0.0
3215,65,Myelencephalon,vascular,0.03767,0.0,0.0,0.0,0.0,0.0,0.0
3217,139,Thalamus,other,0.39555,0.0,0.0,0.04135,0.0,0.0,0.0
3219,72,Hippocampus,vascular,0.09333,0.0,0.0,0.0,0.0,0.0,0.08397
322,1451,Cerebral cortex,neuronal,0.0011,0.00044,0.0,0.00296,0.00033,0.00086,0.0431
3220,99,Cerebral cortex,vascular,0.07777,0.0,0.0,0.0,0.0,0.0,0.0
3221,128,Cerebral cortex,vascular,0.02654,0.0,0.0,0.0,0.0,0.0,0.0
3222,127,Myelencephalon,vascular,0.03977,0.0,0.0,0.0,0.0,0.03698,0.0
3223,162,Hypothalamus,vascular,0.31006,0.0,0.0,0.02764,0.0,0.0,0.0
3224,279,Thalamus,vascular,0.31664,0.0,0.0,0.0125,0.0,0.03497,0.0
3225,181,Thalamus,vascular,0.29589,0.0,0.0,0.0,0.02339,0.0,0.0
3226,108,Thalamus,neuronal,0.37605,0.0,0.0,0.0,0.0,0.0,0.0
3227,115,Thalamus,vascular,0.3907,0.0,0.0,0.0,0.0,0.0,0.0
3228,90,Midbrain,vascular,0.37787,0.0,0.0,0.06598,0.04166,0.0,0.0
3229,326,Thalamus,vascular,0.32786,0.0,0.0,0.00671,0.0,0.0248,0.01823
323,778,Cerebral cortex,neuronal,0.0009,0.00066,0.0,0.00378,0.0,0.00154,0.0297
3230,324,Thalamus,vascular,0.34839,0.0,0.0,0.00692,0.0,0.0,0.0
3231,625,Thalamus,vascular,0.54201,0.0,0.0,0.01834,0.0,0.00516,0.0
3232,244,Thalamus,vascular,0.61013,0.0,0.0,0.0,0.0,0.0,0.0
3233,234,Pons,vascular,0.5307,0.0,0.0,0.02486,0.0,0.0,0.01313
3234,1124,Thalamus,vascular,0.53769,0.0,0.0,0.02195,0.00283,0.00436,0.0
3235,732,Thalamus,vascular,0.66463,0.0,0.0,0.00629,0.00802,0.00631,0.00729
3236,54,Thalamus,other,0.42495,0.0,0.0,0.10209,0.0,0.0,0.0
3238,80,Cerebral cortex,vascular,0.51552,0.0,0.0,0.05798,0.0,0.0,0.0
3239,152,Basal forebrain,vascular,0.45366,0.0,0.0,0.0,0.0,0.21486,0.0
324,192,Cerebral cortex,neuronal,0.0,0.0,0.0,0.0,0.0,0.0,0.05098
3240,216,Cerebral cortex,vascular,0.90559,0.0,0.0,0.01325,0.00609,0.05135,0.01507
3241,269,Cerebellum,vascular,0.70162,0.0,0.0,0.00565,0.0,0.12034,0.0
3242,225,Pons,vascular,0.86914,0.0,0.0,0.0216,0.0,0.18768,0.03011
3243,262,Cerebral cortex,vascular,0.82398,0.0,0.0,0.03623,0.0,0.18489,0.01699
3244,750,Thalamus,vascular,0.66983,0.0,0.0,0.01295,0.00278,0.12266,0.0
3245,1252,Thalamus,vascular,0.56527,0.0,0.0,0.00655,0.00731,0.17026,0.003
3246,584,Thalamus,vascular,0.66848,0.0,0.0,0.0,0.00374,0.19863,0.00914
3247,1864,Thalamus,vascular,0.59077,0.0,0.0,0.00361,0.01108,0.22739,0.00853
3248,192,Thalamus,other,0.27299,0.0,0.0,0.0,0.0,0.15038,0.0
3249,116,Thalamus,vascular,0.76621,0.0,0.0,0.04816,0.0,0.09815,0.0
325,479,Cerebral cortex,neuronal,0.0,0.0,0.0,0.00321,0.0,0.00193,0.06744
3250,269,Thalamus,vascular,0.9228,0.0,0.0,0.01112,0.00506,0.20186,0.01385
3251,108,Thalamus,vascular,0.68967,0.0,0.0,0.08135,0.0,0.13738,0.0
3252,396,Thalamus,vascular,0.61167,0.0,0.0,0.03396,0.00375,0.26722,0.01659
3253,613,Thalamus,vascular,0.68254,0.0,0.0,0.02178,0.00441,0.18166,0.009
3254,756,Thalamus,vascular,0.69306,0.00381,0.00687,0.01727,0.01623,0.13769,0.00794
3255,132,Hippocampus,other,0.49902,0.0,0.0,0.0,0.0,0.11308,0.0
3256,63,Myelencephalon,vascular,0.09183,0.0,0.0,0.0,0.0,0.13437,0.0
3257,147,Basal forebrain,vascular,0.36465,0.0,0.0,0.04523,0.0,0.10047,0.0
3258,209,Hypothalamus,vascular,3.7945,0.0,0.0,0.0,0.0,0.10312,0.0
3259,181,Basal forebrain,vascular,0.44858,0.0,0.0,0.05701,0.03911,0.08429,0.0
326,656,Cerebral cortex,neuronal,0.00192,0.00054,0.0,0.00579,0.00417,0.0,0.03407
3260,172,Basal forebrain,vascular,0.61187,0.0,0.0,0.01025,0.0,0.15815,0.00909
3261,97,Basal forebrain,vascular,0.45566,0.0,0.0,0.02815,0.0,0.1457,0.0
3262,51,Cerebral cortex,vascular,1.08201,0.0,0.0,0.03839,0.0,0.11651,0.0
3263,360,Basal forebrain,other,0.01292,0.0,0.0,0.02715,0.0,0.01492,0.0
3264,2006,Basal nuclei,other,0.0,0.0,0.0,0.0286,0.00677,0.00304,0.00223
3265,923,Cerebellum,other,0.00547,0.0,0.0,0.01391,0.0,0.00514,0.00102
3266,55,Basal nuclei,other,0.0,0.0,0.0,0.0259,0.18055,0.0,0.0
3267,144,Hypothalamus,other,0.0,0.0,0.0,0.02311,0.04793,0.0,0.0
3268,470,Spinal cord,other,0.0,0.0,0.0,0.03397,0.02404,0.0,0.0
3269,131,Spinal cord,other,0.0,0.0,0.0,0.0,0.04947,0.0,0.0
327,319,Amygdaloid complex,neuronal,0.00389,0.00086,0.0,0.00443,0.00274,0.0,0.02414
3270,264,Hippocampus,other,0.0213,0.0,0.0,0.08915,0.27141,0.0,0.0
3271,229,Hippocampus,other,0.0,0.0,0.0,0.03362,0.04252,0.0,0.0
3272,272,Hippocampus,other,0.0,0.0,0.0,0.03521,0.02603,0.0,0.04076
3273,623,Hippocampus,other,0.0,0.0,0.0,0.01903,0.01373,0.00407,0.01236
3274,390,Cerebral cortex,other,0.00674,0.0,0.0,0.01316,0.02557,0.0,0.01729
3275,707,Hippocampus,other,0.0,0.00487,0.0,0.02928,0.02074,0.0,0.00993
3276,2231,Basal nuclei,other,0.00124,0.0,0.0,0.01328,0.02718,0.00385,0.00586
3277,3570,Basal nuclei,other,0.0006,0.0,0.0,0.01425,0.029,0.0,0.0038
3278,1699,Hippocampus,other,0.0042,0.0,0.0,0.00846,0.03126,0.0,0.00517
3279,2498,Midbrain,other,0.00135,0.0,0.0,0.01826,0.02972,0.00148,0.01285
328,390,Amygdaloid complex,neuronal,0.00048,0.0,0.0,0.00158,0.00251,0.0,0.03857
3280,29028,Basal nuclei,other,0.00109,0.00014,0.0,0.00975,0.03403,0.00163,0.00438
3281,16707,Basal nuclei,other,0.00134,0.0,0.0,0.01168,0.02866,0.00238,0.00555
3282,3207,Midbrain,other,0.0,0.0,0.0,0.01291,0.03892,0.00272,0.00343
3283,1218,Hippocampus,other,0.0,0.0,0.0,0.00793,0.02744,0.00133,0.0055
3284,1626,Hippocampus,other,0.00258,0.0,0.0,0.00578,0.02417,0.0,0.00163
3285,3571,Hippocampus,other,0.00121,0.0,0.0,0.01445,0.0145,0.00266,0.00137
3286,4534,Hippocampus,other,0.0,0.0,0.0,0.01752,0.02644,0.00112,0.00334
3287,5044,Cerebral cortex,other,0.00122,0.0,0.0,0.00975,0.02748,0.00091,0.00436
3288,3552,Cerebral cortex,other,0.00436,0.0,0.0,0.0138,0.01525,0.00144,0.00781
3289,2667,Cerebral cortex,other,0.0,0.0,0.0,0.01537,0.01373,0.00383,0.00919
329,543,Cerebral cortex,neuronal,0.00047,0.00017,0.0,0.00433,0.00643,0.00163,0.04895
3290,3335,Cerebral cortex,other,0.00262,0.0,0.0,0.00911,0.02744,0.00276,0.00525
3291,471,Hippocampus,other,0.0,0.0,0.0,0.03161,0.05801,0.01254,0.01226
3292,306,Hippocampus,other,0.0,0.0,0.0,0.02525,0.01723,0.0,0.0
3293,105,Midbrain,other,0.0,0.0,0.0,0.0,0.0,0.03182,0.0
3294,105,Thalamus,other,0.0,0.0,0.0,0.06977,0.0,0.0,0.0
3295,129,Thalamus,other,0.0,0.0,0.0,0.0,0.0,0.0,0.0
3296,153,Pons,other,0.0,0.0,0.0,0.0,0.0,0.0,0.0
3297,116,Thalamus,other,0.0,0.0,0.0,0.0,0.0,0.0,0.0
33,97,Cerebellum,neuronal,0.0,0.00141,0.00386,0.0,0.0,0.00729,0.03197
330,366,Cerebral cortex,neuronal,0.0,0.00156,0.0,0.00225,0.00584,0.00084,0.02399
3300,896,Midbrain,other,0.0,0.0,0.0,0.0058,0.0,0.00565,0.01626
3301,435,Spinal cord,other,0.0,0.0,0.0,0.01055,0.0,0.0,0.0
3302,211,Pons,other,0.0,0.0,0.0,0.0,0.0,0.0,0.0
3303,334,Basal nuclei,other,0.0,0.0,0.0,0.0185,0.0,0.0,0.0
3304,285,Midbrain,other,0.0,0.0,0.0,0.0,0.02167,0.0,0.02289
3305,113,Basal nuclei,other,0.0,0.0,0.0,0.0,0.02845,0.0,0.06202
3306,126,Hypothalamus,other,0.0,0.0,0.0,0.0,0.0,0.0,0.06783
3307,141,Pons,other,0.02013,0.0,0.0,0.0,0.0,0.0,0.0
3308,140,Thalamus,other,0.0,0.0,0.0,0.0,0.0,0.0,0.0
3309,138,Thalamus,other,0.0,0.0,0.0,0.0,0.0,0.0,0.0
331,256,Cerebral cortex,neuronal,0.00276,0.0,0.0,0.0041,0.00221,0.00244,0.04244
3310,85,Midbrain,other,0.0,0.0,0.0,0.0,0.0,0.0,0.08926
3311,93,Thalamus,other,0.0,0.0,0.0,0.0,0.0,0.0,0.0
3312,74,Basal nuclei,other,0.0,0.0,0.0,0.0,0.0,0.0,0.0
332,415,Cerebral cortex,neuronal,0.00664,0.0,0.0,0.00238,0.0,0.00077,0.06341
333,704,Cerebral cortex,neuronal,0.00032,0.00068,0.0,0.00618,0.00493,0.00059,0.04013
334,415,Cerebral cortex,neuronal,0.0,0.0,0.0,0.00268,0.00112,0.00315,0.04599
335,1098,Cerebral cortex,neuronal,0.0,0.0,0.0,0.00264,0.00216,0.0,0.06283
336,831,Cerebral cortex,neuronal,0.00543,0.00101,0.0,0.00173,0.00143,0.00142,0.0393
337,1670,Cerebral cortex,neuronal,0.00313,0.00021,0.0,0.00319,0.00407,0.00237,0.07218
338,2065,Cerebral cortex,neuronal,0.00058,0.0002,0.0,0.00511,0.00071,0.0011,0.06433
339,1465,Cerebral cortex,neuronal,0.00229,0.0,0.0002,0.00195,0.0012,0.00245,0.06471
34,87,Midbrain,neuronal,0.50968,0.01687,0.00525,0.0,0.0,0.00175,0.03984
340,1605,Cerebral cortex,neuronal,0.0007,0.00103,0.0,0.00227,0.00116,0.00081,0.05939
341,3883,Cerebral cortex,neuronal,0.00145,0.00077,0.0,0.00379,0.00037,0.00101,0.05645
342,1794,Cerebral cortex,neuronal,0.00432,0.00063,0.0,0.00286,0.00432,0.00022,0.05134
343,1099,Cerebral cortex,neuronal,0.00267,0.00081,0.0,0.00228,0.00129,0.00076,0.05547
344,1938,Cerebral cortex,neuronal,0.00131,0.0,0.0,0.00388,0.00275,0.00021,0.06307
345,318,Cerebral cortex,neuronal,0.00169,0.0,0.0,0.0,0.0,0.00379,0.06434
346,427,Cerebral cortex,neuronal,0.0,0.0,0.0,0.00346,0.0,0.00058,0.05923
347,1045,Cerebral cortex,neuronal,0.00094,0.0,0.0,0.00416,0.00079,0.00033,0.07752
348,558,Cerebral cortex,neuronal,0.00193,0.0,0.0,0.00231,0.00169,0.00111,0.06357
349,495,Cerebral cortex,neuronal,0.00069,0.0,0.0,0.00285,0.0,0.00115,0.07091
350,644,Cerebral cortex,neuronal,0.0,0.0,0.0,0.00313,0.0005,0.00184,0.0517
351,721,Cerebral cortex,neuronal,0.00065,0.0,0.0,0.00272,0.00118,0.00186,0.09489
352,610,Cerebral cortex,neuronal,0.00084,0.0,0.0,0.00248,0.00283,0.00177,0.04624
353,682,Cerebral cortex,neuronal,0.0,0.0,0.0,0.01029,0.00173,0.00124,0.04627
354,681,Cerebral cortex,neuronal,0.00187,0.00082,0.0,0.0054,0.01242,0.00175,0.04468
355,1109,Cerebral cortex,neuronal,0.00262,0.00121,0.0,0.00256,0.00947,0.00231,0.04048
356,1014,Cerebral cortex,neuronal,0.00378,0.0,0.0,0.00061,0.01041,0.0,0.06545
357,1235,Cerebral cortex,neuronal,0.00615,0.00439,0.00072,0.00256,0.031,0.001,0.07354
358,1076,Cerebral cortex,neuronal,0.00089,0.00357,0.0,0.00292,0.02775,0.00106,0.04705
359,2090,Cerebral cortex,neuronal,0.00096,0.00117,0.00016,0.00414,0.01418,0.00077,0.05165
36,78,Myelencephalon,neuronal,0.0,0.03514,0.00302,0.0,0.0,0.01409,0.01084
360,409,Cerebral cortex,neuronal,0.06475,0.00668,0.0,0.00401,0.0334,0.01092,0.10575
361,749,Hippocampus,neuronal,0.04347,0.00321,0.00058,0.00192,0.00292,0.00937,0.15993
362,2742,Cerebral cortex,neuronal,0.10574,0.00252,0.00075,0.00609,0.01312,0.01325,0.15814
363,1191,Cerebral cortex,neuronal,0.15134,0.00317,0.00077,0.00204,0.014,0.03301,0.17864
364,435,Hippocampus,neuronal,0.09193,0.0004,0.0,0.00411,0.0325,0.02442,0.13067
366,572,Cerebral cortex,neuronal,0.00104,0.00474,0.0,0.00169,0.06055,0.00178,0.11293
367,956,Cerebral cortex,neuronal,0.00424,0.00235,0.00066,0.00477,0.04942,0.00334,0.11914
368,701,Cerebral cortex,neuronal,0.00115,0.00205,0.00088,0.00298,0.03707,0.00447,0.10539
369,414,Cerebral cortex,neuronal,0.00122,0.00199,0.0,0.00463,0.06043,0.00444,0.11008
37,90,Myelencephalon,neuronal,0.0,0.00307,0.0,0.0,0.00591,0.0358,0.02539
370,536,Cerebral cortex,neuronal,0.00091,0.0,0.00128,0.0024,0.03856,0.0,0.06157
371,135,Cerebral cortex,neuronal,0.00173,0.0,0.00528,0.00179,0.04154,0.0,0.06869
372,1246,Cerebral cortex,neuronal,0.00169,0.00091,0.0,0.0012,0.03677,0.0005,0.05433
373,411,Cerebral cortex,neuronal,0.00403,0.0015,0.0,0.00291,0.03314,0.0031,0.05642
374,4056,Cerebral cortex,neuronal,0.00361,0.0,7e-05,0.00502,0.00239,0.00133,0.0316
375,1073,Cerebral cortex,neuronal,0.00038,0.0,0.0,0.00726,0.00199,0.0,0.03307
376,1215,Cerebral cortex,neuronal,0.0008,0.0,0.0,0.00441,0.00217,0.0035,0.02909
377,325,Cerebral cortex,neuronal,0.0,0.0,0.0,0.00683,0.0,0.00785,0.02939
378,474,Amygdaloid complex,neuronal,0.00067,0.0,0.0,0.00092,0.00158,0.0,0.00619
379,1477,Cerebral cortex,neuronal,0.00163,0.0,0.0,0.0024,0.0023,0.00096,0.02453
38,135,Myelencephalon,neuronal,0.0,0.0,0.0,0.0,0.00911,0.03377,0.0041
380,463,Cerebral cortex,neuronal,0.00439,0.00322,0.00088,0.00482,0.0,0.00308,0.02414
381,379,Amygdaloid complex,neuronal,0.0,0.0,0.0,0.00556,0.00762,0.0,0.02657
382,603,Amygdaloid complex,neuronal,0.00343,0.00035,0.0,0.00538,0.00079,0.00067,0.01771
383,1708,Cerebral cortex,neuronal,0.00166,0.00018,0.0,0.00405,0.00161,0.00169,0.01857
384,412,Amygdaloid complex,neuronal,0.00179,0.0,0.0,0.00129,0.0,0.00272,0.01651
385,1005,Amygdaloid complex,neuronal,0.00201,0.0,0.0,0.00419,0.00136,0.00081,0.01963
386,537,Cerebral cortex,neuronal,0.0,0.0,0.0,0.00218,0.00118,0.0038,0.02074
387,378,Hippocampus,neuronal,0.0,0.00038,0.0,0.00111,0.00198,0.00286,0.03054
388,381,Hippocampus,neuronal,0.00061,0.00168,0.00197,0.00374,0.00451,0.00146,0.02193
389,210,Hippocampus,neuronal,0.00412,0.00503,0.0,0.00094,0.00069,0.00206,0.02169
39,90,Pons,neuronal,0.00188,0.0,0.0,0.0,0.0,0.00747,0.0
390,515,Hippocampus,neuronal,0.00401,0.00571,0.00104,0.0032,0.00242,0.00349,0.02726
391,583,Hippocampus,neuronal,0.00193,0.00302,0.00085,0.00446,0.00443,0.00044,0.03874
392,500,Hippocampus,neuronal,0.00116,0.00219,0.0,0.00308,0.00169,0.00073,0.06219
393,1777,Hippocampus,neuronal,0.0039,0.00643,0.00149,0.00169,0.00628,0.00226,0.07334
394,1419,Hippocampus,neuronal,0.00138,0.00299,0.00051,0.00418,0.00678,0.001,0.05435
395,319,Cerebral cortex,neuronal,0.00266,0.00091,0.0,0.00368,0.00059,0.00047,0.03677
396,525,Hippocampus,neuronal,0.0,0.00242,0.0,0.00078,0.0,0.0,0.04159
397,306,Hippocampus,neuronal,0.0,0.0,0.0,0.00318,0.0,0.00213,0.04629
398,1383,Cerebral cortex,neuronal,0.00351,0.00232,0.0,0.00345,0.00606,0.00201,0.0846
399,1394,Cerebral cortex,neuronal,0.00085,0.00216,0.00036,0.00487,0.00576,0.0024,0.07919
4,188,Cerebellum,neuronal,0.0,0.0,0.0,0.01866,0.0,0.04082,0.01554
400,1078,Cerebral cortex,neuronal,0.00292,0.00111,0.00043,0.00122,0.01356,0.00022,0.05429
401,2325,Cerebral cortex,neuronal,0.00207,0.00065,0.0,0.00193,0.00191,0.00062,0.0798
402,1089,Cerebral cortex,neuronal,0.00249,0.00169,0.0,0.00342,0.00684,0.0,0.05603
403,1525,Cerebral cortex,neuronal,0.00131,0.00113,0.00022,0.00264,0.00358,0.00122,0.06675
404,2294,Cerebral cortex,neuronal,0.00325,0.00208,0.0,0.00288,0.00483,0.00103,0.07621
405,1325,Cerebral cortex,neuronal,0.00251,0.00042,0.0,0.00297,0.00268,0.00037,0.06829
406,791,Cerebral cortex,neuronal,0.003,0.0025,0.0,0.00509,0.00296,0.00024,0.07034
407,1060,Cerebral cortex,neuronal,0.00182,0.0,0.00023,0.00405,0.00666,0.00046,0.05253
408,6943,Cerebral cortex,neuronal,0.00138,0.00022,7e-05,0.00397,0.00294,0.00039,0.06284
409,2450,Cerebral cortex,neuronal,0.00135,0.00064,0.0001,0.00342,0.0013,0.00055,0.05607
41,312,Thalamus,neuronal,0.00311,0.00664,0.00021,0.00199,0.00755,0.00078,0.03611
410,1278,Cerebral cortex,neuronal,0.00158,0.00026,0.00031,0.00267,0.00189,0.00123,0.04954
411,2861,Cerebral cortex,neuronal,0.0016,0.0007,0.00021,0.00359,0.00162,0.00061,0.04757
412,2322,Cerebral cortex,neuronal,0.00229,0.00088,0.00033,0.00316,0.00088,0.00233,0.05771
413,4276,Cerebral cortex,neuronal,0.00119,0.00049,0.0,0.00431,0.00143,0.00096,0.06309
414,1750,Cerebral cortex,neuronal,0.00266,0.00014,0.0,0.00499,0.00085,0.00036,0.05753
415,2574,Cerebral cortex,neuronal,0.00272,0.0,0.0,0.00259,0.00055,0.00013,0.06972
416,1969,Cerebral cortex,neuronal,0.00428,0.0,0.0,0.00367,0.00239,0.00062,0.06741
417,2096,Cerebral cortex,neuronal,0.00476,0.00157,0.00014,0.00362,0.00264,0.00093,0.0549
418,2847,Cerebral cortex,neuronal,0.00557,0.00108,0.00014,0.00382,0.00145,0.00082,0.06046
419,1262,Cerebral cortex,neuronal,0.00519,0.00111,0.0,0.00332,0.0025,0.00152,0.04665
42,883,Thalamus,neuronal,0.02132,0.00068,0.0,0.00119,0.00392,0.00036,0.05249
420,544,Cerebral cortex,neuronal,0.0,0.00166,0.00057,0.0013,0.00216,0.00108,0.04404
421,1992,Cerebral cortex,neuronal,0.00178,0.0,0.001,0.0058,0.00097,0.00082,0.0665
422,757,Cerebral cortex,neuronal,0.00107,0.0,0.00042,0.00296,0.0,0.0005,0.04945
423,931,Cerebral cortex,neuronal,0.00125,0.00086,0.0,0.00516,0.00229,0.00168,0.05018
424,5656,Cerebral cortex,neuronal,0.00288,0.00029,0.00014,0.00357,0.00211,0.00135,0.05077
425,1027,Cerebral cortex,neuronal,0.00169,0.0,0.0,0.01321,0.0003,0.0,0.03343
426,5390,Cerebral cortex,neuronal,0.00178,0.0003,0.0,0.02369,0.00513,0.00081,0.03628
427,2563,Cerebral cortex,neuronal,0.00136,0.0,0.0,0.0202,0.00793,0.00061,0.0265
428,2139,Amygdaloid complex,neuronal,0.00133,0.0,0.0,0.01706,0.00604,0.0,0.02348
429,14210,Cerebral cortex,neuronal,0.00093,9e-05,0.0,0.02742,0.00941,0.00093,0.02713
43,3770,Thalamus,neuronal,0.00383,0.00351,0.00072,0.00095,0.00749,0.0005,0.03175
430,4232,Cerebral cortex,neuronal,0.00118,9e-05,0.0,0.02536,0.00942,0.00037,0.02247
431,3529,Cerebral cortex,neuronal,0.00124,0.0,0.0,0.03375,0.01126,0.00075,0.02312
432,1163,Thalamus,neuronal,0.0,0.00084,0.0,0.02503,0.00522,0.0019,0.03692
433,11498,Cerebral cortex,neuronal,0.00186,0.0,0.0,0.02026,0.01132,0.0011,0.0224
434,2315,Cerebral cortex,neuronal,0.00115,0.0,0.0,0.02479,0.01123,0.00026,0.01805
435,66,Cerebral cortex,neuronal,0.00765,0.0,0.0,0.0,0.00887,0.0,0.00944
436,234,Cerebral cortex,neuronal,0.00209,0.0,0.0,0.01861,0.00363,0.0,0.0215
437,3745,Cerebral cortex,neuronal,0.00409,0.0,0.0,0.0204,0.00432,0.00034,0.03001
438,2410,Cerebral cortex,neuronal,0.0096,0.0,0.0,0.03172,0.00302,0.00098,0.03099
439,57,Cerebral cortex,neuronal,0.0,0.0,0.0,0.0,0.00516,0.0,0.01963
44,122,Thalamus,neuronal,0.0005,0.00059,0.0,0.00693,0.05429,0.0,0.06759
440,3179,Cerebral cortex,neuronal,0.00217,0.0001,0.0,0.00942,0.00726,0.00042,0.03231
441,518,Cerebral cortex,neuronal,0.00085,0.0,0.0,0.00424,0.01319,0.00322,0.043
442,997,Cerebral cortex,neuronal,0.0,0.0,0.0,0.00847,0.00778,0.0,0.02077
443,829,Cerebral cortex,neuronal,0.00059,0.0,0.0,0.00799,0.0112,0.00126,0.0336
444,698,Hippocampus,neuronal,0.0,0.0,0.0,0.00303,0.00892,0.0,0.02066
445,1960,Cerebral cortex,neuronal,0.00013,0.00014,0.0,0.01539,0.00323,0.0011,0.03134
446,735,Cerebral cortex,neuronal,0.00134,0.0,0.0,0.00577,0.00822,0.00242,0.03547
447,2509,Amygdaloid complex,neuronal,0.00094,0.0,0.0,0.00943,0.00906,0.00077,0.02158
448,1286,Cerebral cortex,neuronal,0.00086,0.0,0.0,0.01391,0.01054,0.00046,0.02039
449,433,Cerebral cortex,neuronal,0.00097,0.0,0.0,0.01363,0.01533,0.0,0.01702
45,577,Thalamus,neuronal,0.0009,0.00151,0.0,0.00347,0.16564,0.00085,0.03792
450,4654,Cerebral cortex,neuronal,0.00089,0.0,0.00021,0.01206,0.00932,0.00138,0.02774
451,182,Cerebral cortex,neuronal,0.0,0.0008,0.0,0.00446,0.0,0.00169,0.04292
452,466,Cerebral cortex,neuronal,0.0,0.0,0.0,0.0085,0.00891,0.00123,0.01835
453,399,Cerebral cortex,neuronal,0.00805,0.0,0.0,0.01946,0.00367,0.0,0.02323
454,337,Cerebral cortex,neuronal,0.00319,0.0,0.0,0.01903,0.0071,0.0,0.03441
455,346,Cerebral cortex,neuronal,0.0,0.0,0.0,0.0097,0.0043,0.00093,0.02403
456,444,Cerebral cortex,neuronal,0.0,0.0,0.0,0.0161,0.00191,0.00148,0.02476
457,593,Hippocampus,neuronal,0.00472,0.0,0.0,0.00144,0.00604,0.00078,0.02105
458,123,Hippocampus,neuronal,0.0,0.0,0.0,0.0,0.0,0.0,0.01532
459,838,Hippocampus,neuronal,0.00264,0.0,0.0,0.00445,0.00342,0.00052,0.02232
46,200,Thalamus,neuronal,0.0,0.00111,0.0,0.00973,0.5189,0.0004,0.05085
460,1082,Hippocampus,neuronal,0.00072,0.0,0.0,0.00669,0.00719,0.00079,0.02291
461,670,Cerebral cortex,neuronal,0.00075,0.00093,0.0,0.00931,0.00454,0.0,0.01978
462,1811,Cerebral cortex,neuronal,0.00066,0.0,0.0,0.00317,0.00621,0.00078,0.0251
463,699,Cerebral cortex,neuronal,0.00144,0.0,0.0,0.00482,0.00277,0.0,0.03241
464,625,Cerebral cortex,neuronal,0.0,0.0,0.0,0.00534,0.00075,0.0,0.0356
465,652,Cerebral cortex,neuronal,0.00101,0.00064,0.0,0.00182,0.0058,0.0,0.02237
466,210,Cerebral cortex,neuronal,0.0,0.0,0.0,0.0,0.0,0.0038,0.00326
467,435,Cerebral cortex,neuronal,0.0,0.0,0.0,0.00721,0.0099,0.00172,0.04097
468,130,Hippocampus,neuronal,0.0,0.00667,0.0,0.00264,0.01314,0.0,0.01396
469,972,Hippocampus,neuronal,0.00122,0.0,0.0,0.00478,0.01029,0.00022,0.02982
47,577,Thalamus,neuronal,0.00512,0.00036,0.0,0.00095,0.31891,0.00226,0.03545
470,536,Amygdaloid complex,neuronal,0.0,0.0,0.0,0.01066,0.00553,0.00131,0.02972
471,209,Cerebral cortex,neuronal,0.0,0.0,0.0,0.00372,0.01966,0.0,0.02848
472,137,Hippocampus,neuronal,0.00144,0.00229,0.0,0.00485,0.01019,0.0,0.01302
473,117,Hippocampus,neuronal,0.0,0.0,0.0,0.01054,0.0,0.00331,0.01024
474,197,Hippocampus,neuronal,0.0,0.0,0.0,0.00075,0.00383,0.0,0.02055
476,193,Hippocampus,neuronal,0.0,0.00185,0.0,0.00192,0.00822,0.00329,0.02298
477,167,Hippocampus,neuronal,0.0,0.0,0.0,0.01965,0.0,0.0,0.02081
478,161,Hippocampus,neuronal,0.00165,0.0,0.0,0.00631,0.00537,0.00185,0.01913
479,77,Hippocampus,neuronal,0.00222,0.0,0.0,0.00846,0.02159,0.0,0.05595
48,67,Thalamus,neuronal,0.0,0.0,0.0,0.0,0.14515,0.0,0.06511
480,200,Hippocampus,neuronal,0.0,0.0,0.0,0.00573,0.03489,0.0,0.03913
481,329,Hippocampus,neuronal,0.0,0.00231,0.0,0.00188,0.0089,0.00073,0.03429
482,126,Hippocampus,neuronal,0.00246,0.0,0.0,0.0037,0.00642,0.0,0.03706
483,1693,Cerebral cortex,neuronal,0.0019,0.0,0.0,0.00917,0.00388,0.0,0.03592
484,768,Cerebral cortex,neuronal,0.00069,0.0,0.0,0.02866,0.00243,0.00146,0.02989
485,1396,Cerebral cortex,neuronal,0.0027,0.0,0.0,0.01692,0.00117,0.00179,0.03689
486,1118,Cerebral cortex,neuronal,0.00253,0.0,0.00116,0.00884,0.0017,0.00185,0.03526
487,1460,Cerebral cortex,neuronal,0.00028,0.0,0.0,0.01562,0.00541,0.00135,0.04066
488,1060,Cerebral cortex,neuronal,0.00293,0.0,0.0,0.01157,0.00039,0.00097,0.03088
489,717,Cerebral cortex,neuronal,0.00076,0.0,0.0,0.01889,0.00157,0.00288,0.04315
49,52,Thalamus,neuronal,0.00964,0.0,0.0,0.0,0.23806,0.0,0.04191
490,1312,Cerebral cortex,neuronal,0.00284,0.00107,0.0,0.01137,0.0,0.0,0.03528
492,541,Amygdaloid complex,neuronal,0.00682,0.0,0.0,0.00675,0.0,0.00663,0.05394
493,492,Cerebral cortex,neuronal,0.00071,0.00083,0.0,0.00873,0.00174,0.0,0.05856
494,771,Cerebral cortex,neuronal,0.00579,0.0,0.0,0.00701,0.00291,0.0,0.05976
495,843,Cerebral cortex,neuronal,0.00174,0.0,0.0,0.02176,0.00134,0.0,0.05697
496,760,Cerebral cortex,neuronal,0.0,0.0,0.0,0.00894,0.0,0.0,0.03878
497,310,Cerebral cortex,neuronal,0.0,0.0,0.0,0.01,0.0024,0.00108,0.0672
498,806,Cerebral cortex,neuronal,0.00342,0.0,0.0,0.01356,0.0044,0.00063,0.063
499,523,Cerebral cortex,neuronal,0.01101,0.0,0.00132,0.0103,0.00658,0.0012,0.05438
5,79,Cerebellum,neuronal,0.00708,0.0,0.0,0.01242,0.0039,0.00472,0.02084
50,88,Thalamus,neuronal,0.00355,0.0,0.0,0.0,0.53892,0.0,0.07381
500,620,Cerebral cortex,neuronal,0.02426,0.0,0.0,0.00979,0.00346,0.00294,0.05751
501,1370,Cerebral cortex,neuronal,0.00126,0.0,0.0,0.01117,0.00045,0.0005,0.06209
502,1481,Cerebral cortex,neuronal,0.00436,0.0,0.0,0.01002,0.00494,0.00094,0.06658
503,1375,Cerebral cortex,neuronal,0.0,0.0,0.0,0.01902,0.00432,0.00065,0.07221
504,1447,Cerebral cortex,neuronal,0.00093,0.0,0.0,0.01091,0.00869,0.00052,0.05365
505,3344,Cerebral cortex,neuronal,0.00056,0.0,0.0,0.00843,0.0014,0.00051,0.05431
506,1616,Cerebral cortex,neuronal,0.00113,0.0,0.0,0.00523,0.00112,0.00073,0.05166
507,1725,Cerebral cortex,neuronal,0.00134,0.0,0.0,0.00631,0.00164,0.00035,0.04593
508,2075,Cerebral cortex,neuronal,0.00099,0.0,0.0,0.00596,0.00246,0.00153,0.0535
509,1640,Cerebral cortex,neuronal,0.0014,0.0,0.0,0.00244,0.00229,0.00125,0.06661
51,66,Thalamus,neuronal,0.00327,0.0,0.0,0.00538,0.00667,0.0,0.04571
510,1493,Cerebral cortex,neuronal,0.00163,0.00079,0.0,0.0054,0.00125,0.00099,0.07905
511,861,Cerebral cortex,neuronal,0.00216,0.00136,0.0,0.00924,0.00139,0.00469,0.05071
512,1002,Cerebral cortex,neuronal,0.0,0.0,0.0,0.01693,0.00307,0.00182,0.06015
513,957,Cerebral cortex,neuronal,0.00331,0.00227,0.0,0.0142,0.00625,0.0005,0.04005
514,4095,Cerebral cortex,neuronal,0.0015,0.00077,0.0,0.00941,0.00283,0.00131,0.0569
515,2165,Cerebral cortex,neuronal,0.00059,0.00512,0.0,0.00997,0.0026,0.00079,0.06258
516,2407,Cerebral cortex,neuronal,0.00032,0.0,0.0,0.00621,0.00292,0.00108,0.05506
517,2630,Cerebral cortex,neuronal,0.00015,0.0,0.0,0.01007,0.00141,0.00223,0.06909
518,1744,Cerebral cortex,neuronal,0.00056,0.0003,0.0,0.00498,0.00218,0.00249,0.05741
519,3300,Cerebral cortex,neuronal,0.00525,0.00014,0.0,0.01198,0.00171,0.00107,0.06258
52,91,Thalamus,neuronal,0.00313,0.0,0.0,0.00273,0.0476,0.0,0.05824
520,1973,Cerebral cortex,neuronal,0.00148,0.0,0.0,0.01007,0.00101,0.00274,0.05227
521,776,Cerebral cortex,neuronal,0.0,0.0,0.0,0.01612,0.00695,0.00116,0.04763
522,1161,Cerebral cortex,neuronal,0.00096,0.0,0.0,0.00554,0.00124,0.00097,0.02842
523,1806,Cerebral cortex,neuronal,0.00112,0.0,0.0,0.00698,0.00023,0.0,0.03372
524,1017,Cerebral cortex,neuronal,0.0,0.0,0.0,0.00345,0.00063,0.00207,0.05389
525,1260,Cerebral cortex,neuronal,0.0013,0.0,0.0,0.00606,0.0,0.0004,0.04851
526,2027,Cerebral cortex,neuronal,0.00059,0.00022,0.0,0.00678,0.00135,0.00024,0.03669
527,1782,Cerebral cortex,neuronal,0.00051,0.00258,0.0,0.00562,0.00165,0.00028,0.04102
528,2007,Cerebral cortex,neuronal,0.00104,0.0,0.0,0.0073,0.0015,0.00086,0.05421
529,2286,Cerebral cortex,neuronal,0.00072,0.0,0.0,0.00836,0.00083,0.00019,0.04554
530,220,Cerebral cortex,neuronal,0.0,0.0,0.0,0.00428,0.00347,0.0,0.06794
531,2719,Cerebral cortex,neuronal,0.00098,0.00038,0.00028,0.00557,0.00107,0.00033,0.05995
532,819,Cerebral cortex,neuronal,0.00063,0.00368,0.0,0.00265,0.00162,0.00554,0.0437
533,1769,Cerebral cortex,neuronal,0.0015,0.00099,0.0,0.00554,0.0012,0.00075,0.05388
534,3440,Cerebral cortex,neuronal,0.00108,0.00074,0.0,0.00458,0.00292,0.00277,0.06339
535,1940,Cerebral cortex,neuronal,0.00122,0.00388,0.0,0.00695,0.00268,0.00223,0.07622
536,3386,Cerebral cortex,neuronal,0.00065,0.00177,0.00042,0.00587,0.00267,0.00454,0.04719
537,932,Cerebral cortex,neuronal,0.00092,0.0,0.0,0.00402,0.00167,0.0004,0.04463
538,2248,Cerebral cortex,neuronal,0.00386,0.0012,0.0,0.007,0.00121,0.0,0.06507
539,817,Cerebral cortex,neuronal,0.00088,0.00324,0.00103,0.00498,0.00037,0.00085,0.06821
54,80,Thalamus,neuronal,0.0,0.0,0.0,0.00085,0.18038,0.0038,0.03781
540,1502,Cerebral cortex,neuronal,0.0022,0.00262,0.00034,0.0059,0.00151,0.0005,0.0797
541,2710,Cerebral cortex,neuronal,0.00088,0.00256,0.00026,0.00512,0.00301,0.00154,0.06857
542,1811,Cerebral cortex,neuronal,0.00105,0.00528,0.0,0.0018,0.00401,0.00019,0.06863
543,1791,Cerebral cortex,neuronal,0.0012,0.00034,0.00042,0.00538,0.00376,0.00186,0.07536
544,890,Cerebral cortex,neuronal,0.00026,0.00136,0.0,0.00128,0.00566,0.0002,0.05186
545,428,Cerebral cortex,neuronal,0.00121,0.0,0.0,0.00686,0.00077,0.00157,0.0466
546,1042,Cerebral cortex,neuronal,0.00242,0.0,0.0,0.00839,0.00242,0.001,0.03296
547,512,Cerebral cortex,neuronal,0.00043,0.0,0.0,0.01135,0.00224,0.00193,0.0266
548,903,Cerebral cortex,neuronal,0.0,0.00062,0.0,0.00733,0.00054,0.00033,0.04131
549,460,Cerebral cortex,neuronal,0.00214,0.0,0.0,0.00383,0.00505,0.00143,0.02159
55,1825,Thalamus,neuronal,0.00028,7e-05,2e-05,0.00237,0.00426,0.00035,0.02232
550,813,Cerebral cortex,neuronal,0.00169,0.0,0.0,0.00363,0.00384,0.0013,0.03437
551,1097,Cerebral cortex,neuronal,0.00048,0.0,0.0,0.00577,0.00057,0.0,0.03525
552,1194,Cerebral cortex,neuronal,0.00087,0.0,0.0,0.00806,0.00139,0.00108,0.02814
553,1500,Cerebral cortex,neuronal,0.00113,0.00036,0.0,0.00605,0.00092,0.0024,0.05148
554,324,Cerebral cortex,neuronal,0.00614,0.0,0.0,0.00491,0.00104,0.00091,0.08857
555,836,Cerebral cortex,neuronal,0.0026,0.0,0.0,0.00358,0.00232,0.0008,0.04722
556,1525,Cerebral cortex,neuronal,0.00144,0.0,0.0,0.01218,0.00101,0.00094,0.03086
557,2953,Cerebral cortex,neuronal,0.00136,0.00011,0.00015,0.01304,0.00235,0.00077,0.03171
558,1546,Cerebral cortex,neuronal,0.00051,0.0,0.0,0.01,0.00295,0.00107,0.03276
559,946,Cerebral cortex,neuronal,0.00484,0.0,0.0,0.01326,0.00351,0.00287,0.02643
56,313,Thalamus,neuronal,0.00314,0.0,0.0,0.00087,0.02566,0.00889,0.03167
560,556,Cerebral cortex,neuronal,0.00215,0.0,0.0,0.0134,0.00119,0.00156,0.02753
561,5984,Cerebral cortex,neuronal,0.00049,0.00015,0.00024,0.00697,0.00545,0.00055,0.03557
562,1604,Cerebral cortex,neuronal,0.0007,0.0,0.0,0.00252,0.0067,0.00044,0.03304
563,160,Cerebral cortex,neuronal,0.0,0.0,0.0,0.00492,0.0,0.0,0.04963
564,221,Hippocampus,neuronal,0.00587,0.0,0.0,0.01034,0.0,0.0,0.02815
565,1017,Cerebral cortex,neuronal,0.00121,0.0,0.0,0.01516,0.00659,0.00091,0.03799
566,2043,Cerebral cortex,neuronal,0.00031,0.00029,0.0,0.01722,0.00421,0.00211,0.02511
567,1729,Cerebral cortex,neuronal,0.0,0.0,0.0,0.01976,0.00474,0.00112,0.0346
568,1529,Cerebral cortex,neuronal,0.00066,0.00095,0.0,0.01558,0.00733,0.00121,0.03127
569,1892,Cerebral cortex,neuronal,0.00298,0.0,0.0,0.01282,0.0016,0.00164,0.04061
57,56,Thalamus,neuronal,0.00265,0.00179,0.0,0.00448,0.00234,0.01667,0.04895
570,561,Cerebral cortex,neuronal,0.00127,0.0,0.0,0.00878,0.00698,0.00191,0.01848
571,913,Cerebral cortex,neuronal,0.00321,0.0,0.0,0.00748,0.00084,0.00092,0.03887
572,1091,Cerebral cortex,neuronal,0.05556,0.00091,0.00073,0.00279,0.00219,0.00187,0.06816
573,2212,Cerebral cortex,neuronal,0.03625,0.00151,0.0,0.0109,0.00352,0.00045,0.08229
574,1807,Cerebral cortex,neuronal,0.01835,0.00119,0.0,0.0068,0.00117,0.0,0.07269
575,1318,Cerebral cortex,neuronal,0.0068,0.00095,0.0,0.00728,0.00168,0.00103,0.06254
576,1895,Cerebral cortex,neuronal,0.00624,0.00229,0.00027,0.00896,0.00248,0.00105,0.06479
577,777,Cerebral cortex,neuronal,0.00555,0.00124,0.0,0.00418,0.0,0.00062,0.06667
578,1674,Cerebral cortex,neuronal,0.00078,0.00204,0.0005,0.00482,0.00081,0.0008,0.06527
579,1665,Cerebral cortex,neuronal,0.0,0.00347,0.00036,0.00554,0.00566,0.0,0.06017
58,50,Thalamus,neuronal,0.0,0.0,0.0,0.0,0.0,0.03869,0.04123
580,342,Cerebral cortex,neuronal,0.0,0.0,0.0,0.00408,0.01072,0.00196,0.03446
581,617,Cerebral cortex,neuronal,0.0,0.0005,0.0,0.00243,0.04294,0.00044,0.02555
582,801,Cerebral cortex,neuronal,0.00068,0.0023,0.0,0.00368,0.02719,0.00027,0.03252
583,489,Cerebral cortex,neuronal,0.00211,0.00355,0.0,0.02061,0.00648,0.00176,0.03573
584,523,Cerebral cortex,neuronal,0.00111,0.0,0.0,0.01149,0.00551,0.0,0.03581
585,1001,Cerebral cortex,neuronal,0.0,0.00125,0.00094,0.01314,0.0032,0.00399,0.03998
586,797,Cerebral cortex,neuronal,0.0,0.0,0.0,0.01881,0.00546,0.00361,0.03809
587,536,Cerebral cortex,neuronal,0.00186,0.0,0.0,0.02152,0.00553,0.0,0.02954
588,170,Cerebral cortex,neuronal,0.00348,0.0,0.0,0.00632,0.01492,0.00136,0.01749
589,271,Cerebral cortex,neuronal,0.0,0.00074,0.0,0.02214,0.00697,0.00108,0.0277
590,508,Cerebral cortex,neuronal,0.00163,0.0,0.0,0.00711,0.01362,0.00094,0.01714
591,573,Cerebral cortex,neuronal,0.00176,0.0,0.0,0.00524,0.01513,0.00097,0.02936
592,451,Cerebral cortex,neuronal,0.0,0.00131,0.0,0.00065,0.04496,0.00104,0.03011
593,431,Cerebral cortex,neuronal,0.0008,0.00069,0.0,0.00531,0.0306,0.0,0.01747
594,363,Hippocampus,neuronal,0.0,0.00158,0.00031,0.0,0.01418,0.00398,0.03547
595,607,Cerebral cortex,neuronal,0.00111,0.0095,0.00071,0.00226,0.01372,0.00058,0.02571
596,239,Hippocampus,neuronal,0.0,0.00812,0.0,0.00103,0.01642,0.0,0.03413
598,130,Cerebral cortex,neuronal,0.00986,0.0,0.0,0.0035,0.0,0.0,0.06179
599,368,Hippocampus,neuronal,0.00073,0.00444,0.0,0.00384,0.00433,0.00132,0.0539
6,66,Pons,neuronal,0.0,0.0,0.0,0.0,0.0,0.0,0.01583
60,66,Thalamus,neuronal,0.0,0.0,0.0,0.0,0.00451,0.0,0.06121
600,72,Hippocampus,neuronal,0.0,0.0,0.0,0.00247,0.0,0.0,0.02612
601,570,Cerebral cortex,neuronal,0.0,0.0,0.0,0.00271,0.0,0.0,0.07545
602,470,Cerebral cortex,neuronal,0.0,0.00184,0.0,0.00195,0.00548,0.0039,0.06468
603,525,Cerebral cortex,neuronal,0.00052,0.00055,0.00029,0.00368,0.00845,0.00348,0.03825
604,675,Cerebral cortex,neuronal,0.0,0.0,0.0,0.0023,0.00475,0.00062,0.03021
605,134,Hippocampus,neuronal,0.0,0.0,0.0,0.01471,0.0176,0.0,0.0354
606,157,Cerebral cortex,neuronal,0.0,0.0,0.0,0.0132,0.0,0.0,0.05272
607,308,Cerebral cortex,neuronal,0.0,0.0,0.0,0.00817,0.0,0.0,0.02691
608,574,Cerebral cortex,neuronal,0.00087,0.0,0.0,0.00357,0.00122,0.0,0.03355
609,623,Cerebral cortex,neuronal,0.0,0.00064,0.0,0.00336,0.0,0.0,0.02384
61,80,Thalamus,neuronal,0.0,0.0,0.00186,0.01007,0.00973,0.0,0.04808
610,247,Cerebral cortex,neuronal,0.00373,0.0,0.0,0.00248,0.0,0.0,0.01656
611,413,Cerebral cortex,neuronal,0.0,0.00041,0.0,0.00376,0.00653,0.0005,0.04146
612,660,Amygdaloid complex,neuronal,0.00056,0.00068,0.00031,0.00152,0.01689,0.00058,0.03111
613,578,Hippocampus,neuronal,0.0,0.00401,0.00052,0.00245,0.00264,0.0006,0.03295
614,873,Cerebral cortex,neuronal,0.00267,0.00063,0.00035,0.00132,0.00509,0.00135,0.02801
615,621,Cerebral cortex,neuronal,0.00304,0.00021,0.0,0.00204,0.0174,0.00056,0.03317
616,1066,Cerebral cortex,neuronal,0.00072,0.00055,0.0,0.00368,0.00548,0.00034,0.03075
617,215,Cerebral cortex,neuronal,0.00309,0.0,0.0,0.0,0.0008,0.0,0.00552
618,104,Cerebral cortex,neuronal,0.0,0.0,0.0,0.00319,0.0,0.0,0.03089
619,887,Cerebral cortex,neuronal,0.00197,0.0,0.0,0.00719,0.03338,0.00054,0.0302
62,748,Thalamus,neuronal,0.00057,0.0,0.00055,0.00058,0.00211,0.00364,0.0361
620,818,Cerebral cortex,neuronal,0.00265,0.0,0.0,0.01397,0.01572,0.00207,0.03229
621,524,Cerebral cortex,neuronal,0.0,0.00261,0.0,0.0024,0.01321,0.00171,0.05784
622,129,Hippocampus,neuronal,0.0,0.00268,0.0,0.0036,0.02084,0.0,0.03841
624,213,Hippocampus,neuronal,0.00185,0.00074,0.0,0.00385,0.02054,0.00201,0.03401
625,171,Hippocampus,neuronal,0.0,0.00101,0.0,0.0,0.00775,0.0,0.02242
626,312,Hippocampus,neuronal,0.0,0.0,0.00092,0.00441,0.02209,0.00041,0.02481
627,78,Hippocampus,neuronal,0.0,0.0,0.0,0.00502,0.03589,0.0,0.0191
628,146,Amygdaloid complex,neuronal,0.01661,0.0,0.0,0.0,0.00603,0.0,0.03587
629,167,Amygdaloid complex,neuronal,0.0,0.0,0.0,0.0029,0.04211,0.0,0.03006
63,176,Thalamus,neuronal,0.00443,0.0,0.0,0.00071,0.01638,0.0047,0.02939
630,98,Amygdaloid complex,neuronal,0.0,0.0033,0.0,0.00227,0.01897,0.0,0.01411
631,163,Amygdaloid complex,neuronal,0.0,0.0,0.0,0.00746,0.00142,0.0,0.00588
632,323,Cerebral cortex,neuronal,0.00185,0.0,0.0,0.00601,0.00517,0.0,0.02802
633,196,Cerebral cortex,neuronal,0.0,0.0,0.0,0.00376,0.02442,0.0025,0.03403
634,280,Cerebral cortex,neuronal,0.0,0.0,0.0,0.00883,0.00834,0.0,0.03083
635,264,Cerebral cortex,neuronal,0.00143,0.00162,0.0,0.0199,0.00368,0.0,0.03474
636,441,Cerebral cortex,neuronal,0.00169,0.0,0.0,0.02443,0.00153,0.00164,0.02708
637,137,Cerebral cortex,neuronal,0.0,0.00356,0.0,0.00662,0.0,0.0,0.01744
638,250,Cerebral cortex,neuronal,0.0062,0.0,0.0,0.00729,0.01457,0.0,0.01395
639,996,Cerebral cortex,neuronal,0.00055,0.00028,0.00101,0.01593,0.00646,0.0011,0.03951
64,525,Thalamus,neuronal,0.00218,0.00189,0.00019,0.00343,0.00124,0.01077,0.05784
640,2880,Cerebral cortex,neuronal,0.00168,0.00044,0.00043,0.02373,0.00508,0.00065,0.03837
641,820,Cerebral cortex,neuronal,0.00073,0.0,0.00113,0.01949,0.00037,0.00104,0.05482
642,1244,Cerebral cortex,neuronal,0.00345,0.0,0.0,0.0084,0.00368,0.00116,0.03501
643,911,Cerebral cortex,neuronal,0.00449,0.0,0.0,0.02926,0.00594,0.00098,0.03175
644,76,Cerebral cortex,neuronal,0.0,0.00573,0.0,0.01105,0.0,0.015,0.01789
646,165,Midbrain,neuronal,0.00681,0.0,0.0,0.0,0.0,0.00766,0.0225
647,177,Midbrain,neuronal,0.0,0.0,0.0,0.0,0.0,0.0,0.00632
648,201,Midbrain,neuronal,0.00551,0.0,0.0,0.00715,0.0,0.00207,0.02542
649,196,Midbrain,neuronal,0.0,0.0,0.0,0.0,0.0,0.0,0.00149
65,400,Thalamus,neuronal,0.0,0.00057,0.0,0.00264,0.00477,0.00399,0.05664
650,145,Midbrain,neuronal,0.0,0.0,0.0,0.0,0.0,0.01068,0.00462
651,103,Midbrain,neuronal,0.0,0.0,0.0,0.0,0.0,0.0,0.0
652,364,Midbrain,neuronal,0.0,0.0,0.0,0.00157,0.0,0.0,0.01888
653,1041,Midbrain,neuronal,0.0,0.0,0.0,0.00343,0.0,0.0,0.01896
654,7692,Midbrain,neuronal,0.00171,0.00024,0.0,0.00102,0.0031,0.00059,0.01625
655,3529,Midbrain,neuronal,0.00042,0.0,0.0,0.00088,0.00085,0.00157,0.01389
656,1533,Midbrain,neuronal,0.0,0.0,0.0,0.0021,0.00149,0.0,0.02159
657,2406,Midbrain,neuronal,0.00023,0.0,0.0,0.00416,0.00135,0.00038,0.01788
658,1786,Midbrain,neuronal,0.00373,0.0,0.0,0.00158,0.00029,0.0,0.01972
659,483,Thalamus,neuronal,0.00048,0.00081,0.0,0.00283,0.00339,0.00131,0.01111
66,331,Thalamus,neuronal,0.0037,0.0,0.0,0.00144,0.36886,0.00175,0.03921
660,512,Midbrain,neuronal,0.00167,0.0,0.0,0.00049,0.00256,0.00055,0.01368
661,839,Midbrain,neuronal,0.00171,0.0,0.0,0.0,0.00208,0.0,0.01732
662,2253,Midbrain,neuronal,0.00016,0.00021,0.0,0.00092,0.0003,0.001,0.00908
663,1082,Midbrain,neuronal,0.00056,0.0,0.0,0.00405,0.00524,0.00186,0.00844
664,2981,Midbrain,neuronal,0.00162,0.00097,0.0,0.00135,0.00337,0.00081,0.0168
665,542,Midbrain,neuronal,0.00173,0.0,0.0,0.00303,0.00101,0.00207,0.02196
666,207,Thalamus,neuronal,0.0,0.0032,0.0,0.00072,0.00433,0.0,0.00529
667,403,Thalamus,neuronal,0.00059,0.00602,0.00031,0.00151,0.00259,0.0013,0.00986
668,1643,Thalamus,neuronal,0.00095,0.00111,0.0,0.00148,0.0026,0.0,0.01635
669,1086,Thalamus,neuronal,0.00078,0.00148,0.0007,0.00548,0.0004,0.00134,0.01104
67,444,Thalamus,neuronal,0.00232,0.0,0.0,0.00055,0.14214,0.00148,0.05222
670,3159,Thalamus,neuronal,0.00244,0.00222,0.0,0.00255,0.00209,0.00145,0.01216
671,764,Midbrain,neuronal,0.00123,0.00124,0.0,0.00424,0.00315,0.0009,0.01828
672,1414,Thalamus,neuronal,0.00023,6e-05,0.0,0.0012,0.00157,0.00106,0.0057
673,1019,Thalamus,neuronal,0.00056,8e-05,0.0,0.0002,0.00118,0.00107,0.00587
674,1752,Thalamus,neuronal,0.00094,0.00074,0.0,0.00166,0.00179,0.00082,0.00933
675,2021,Thalamus,neuronal,0.00167,0.00058,6e-05,0.00176,0.00144,0.0003,0.00934
676,1980,Thalamus,neuronal,0.00183,0.0008,0.00022,0.00217,0.00143,0.00158,0.00987
677,1502,Thalamus,neuronal,0.00111,0.00056,0.0,0.00117,0.00108,0.00067,0.00717
678,885,Thalamus,neuronal,0.0,0.0,0.0,0.00433,0.00134,0.001,0.01059
679,1610,Thalamus,neuronal,0.00118,0.0,0.0,0.00031,0.0013,0.0,0.01295
68,579,Thalamus,neuronal,0.0,0.00038,0.0,0.00177,0.46512,0.00062,0.02723
680,1178,Thalamus,neuronal,0.00128,0.00024,0.0,0.00226,0.00102,0.00088,0.01745
681,998,Midbrain,neuronal,0.00143,0.00038,0.0,0.00174,0.00265,0.00262,0.01592
682,1367,Thalamus,neuronal,0.0,0.0001,0.0,0.00181,0.00149,0.0,0.02186
683,146,Thalamus,neuronal,0.0,0.0,0.0,0.00306,0.00428,0.00345,0.019
684,814,Thalamus,neuronal,0.00074,0.00078,0.00091,0.00288,0.00257,0.00058,0.01655
685,933,Thalamus,neuronal,0.00126,0.0001,0.0,0.0037,0.00378,0.00066,0.01565
686,675,Thalamus,neuronal,0.00109,0.0001,0.00027,0.0015,0.00131,0.00118,0.01593
687,1333,Thalamus,neuronal,0.00104,0.00031,0.0,0.0005,0.0016,0.0004,0.00714
688,782,Thalamus,neuronal,0.00097,0.00038,0.0,0.00091,0.00072,0.0,0.00246
689,2534,Thalamus,neuronal,0.00135,0.0,0.0,0.00108,0.00271,0.0002,0.01422
69,907,Thalamus,neuronal,0.00124,0.00073,0.00023,0.00205,0.51878,0.00159,0.02972
690,957,Thalamus,neuronal,0.00096,0.00113,0.00068,0.0013,0.00034,0.0,0.00606
691,8081,Thalamus,neuronal,0.001,0.00076,0.00011,0.00209,0.00283,0.00116,0.01143
692,2684,Thalamus,neuronal,0.00245,0.00129,0.00047,0.00268,0.00113,0.00068,0.0167
693,2374,Thalamus,neuronal,0.00104,0.00013,0.00023,0.00175,0.00233,0.00043,0.01218
694,1351,Thalamus,neuronal,0.0014,0.00032,0.0,0.00128,0.00045,0.0,0.02029
695,8255,Thalamus,neuronal,0.00218,0.00025,0.00019,0.00319,0.0018,0.00082,0.02667
696,5286,Thalamus,neuronal,0.00136,0.00095,0.00018,0.00287,0.00234,0.00056,0.01917
697,3657,Thalamus,neuronal,0.00067,0.00011,0.00024,0.00174,0.00152,0.00047,0.01759
698,1725,Thalamus,neuronal,0.0008,0.00066,0.00013,0.0013,0.00106,0.00041,0.01261
699,4008,Thalamus,neuronal,0.0012,0.00061,0.00011,0.00166,0.00177,0.0012,0.01216
7,220,Pons,neuronal,0.0,0.0,0.0,0.0091,0.0,0.0,0.05146
70,772,Thalamus,neuronal,0.00045,8e-05,0.0,0.00066,0.32124,0.0001,0.02069
700,1116,Thalamus,neuronal,0.0017,0.00259,0.00107,0.00072,0.00122,0.00134,0.01254
701,6835,Thalamus,neuronal,0.00105,0.00168,0.00042,0.00274,0.00244,0.00063,0.01361
702,9158,Thalamus,neuronal,0.00243,0.00148,0.00017,0.00262,0.00253,0.00087,0.00882
703,3113,Thalamus,neuronal,0.00136,0.00231,0.00015,0.00159,0.00054,0.00058,0.00856
704,2143,Thalamus,neuronal,0.00053,0.00091,0.0,0.00188,0.00139,0.00025,0.01104
705,3170,Thalamus,neuronal,0.00044,0.0,0.0004,0.00176,0.00051,0.00076,0.01185
706,821,Thalamus,neuronal,0.00229,0.00056,0.0,0.0,0.00217,0.0011,0.00999
707,1782,Thalamus,neuronal,0.00204,0.001,0.0,0.0003,0.00123,0.0,0.01315
708,1563,Thalamus,neuronal,0.0,0.00119,0.0,0.00187,0.00384,0.00175,0.02412
709,468,Thalamus,neuronal,0.00508,0.0,0.00204,0.0,0.00274,0.00647,0.04085
71,538,Thalamus,neuronal,0.00057,0.0,0.00019,0.0021,0.15794,0.0,0.03986
711,119,Hippocampus,neuronal,0.45663,0.0,0.0,0.03912,0.0,0.0,0.01675
712,205,Hippocampus,neuronal,0.42041,0.0,0.0,0.02074,0.0,0.0,0.01205
713,59,Cerebral cortex,neuronal,0.35869,0.0,0.0,0.0,0.0,0.0,0.0122
714,59,Cerebral cortex,neuronal,0.13789,0.0,0.0,0.0433,0.0,0.00829,0.00795
72,1081,Thalamus,neuronal,0.00064,0.0,0.0,0.00242,0.11957,0.00041,0.03905
720,1178,Hypothalamus,other,0.00699,0.00789,0.00163,0.0138,0.01073,0.00909,0.01571
721,336,Hypothalamus,other,0.00463,0.01961,0.00119,0.00954,0.01169,0.00602,0.01997
722,308,Hypothalamus,other,0.00256,0.01784,0.00343,0.00743,0.0046,0.00861,0.02392
723,335,Hypothalamus,other,0.00374,0.00865,0.00086,0.01084,0.00326,0.00538,0.01351
724,383,Hypothalamus,neuronal,0.01419,0.0,0.0,0.00602,0.02218,0.00409,0.03011
725,212,Hypothalamus,neuronal,0.01239,0.0,0.0,0.01286,0.00143,0.00791,0.09582
726,122,Pons,neuronal,0.16439,0.0,0.0,0.0019,0.00192,0.00741,0.02607
727,73,Pons,neuronal,0.35386,0.00208,0.0,0.0,0.0,0.00432,0.02676
728,137,Pons,neuronal,0.00721,0.00336,0.0,0.0,0.00266,0.0,0.06759
729,107,Pons,neuronal,0.04146,0.0,0.0,0.0,0.02075,0.0,0.03451
73,484,Thalamus,neuronal,0.00207,0.0,0.0,0.004,0.12961,0.00012,0.02573
730,100,Pons,neuronal,0.00352,0.0,0.0,0.0,0.00436,0.0,0.02288
731,173,Pons,neuronal,0.00167,0.0,0.00087,0.0,0.0,0.0,0.05712
732,82,Pons,neuronal,0.0,0.00485,0.0,0.0,0.0034,0.0,0.04827
733,115,Pons,neuronal,0.0031,0.00464,0.0,0.0,0.0,0.00884,0.07559
734,104,Pons,neuronal,0.0,0.0,0.0,0.00156,0.0,0.00692,0.05184
735,98,Pons,neuronal,0.00916,0.00365,0.0,0.0,0.0,0.0,0.05997
736,86,Pons,neuronal,0.13036,0.00615,0.0,0.0,0.00475,0.01478,0.02405
737,95,Pons,neuronal,0.0,0.0,0.0,0.00163,0.02219,0.0087,0.04967
738,104,Pons,neuronal,0.08644,0.00491,0.0,0.01405,0.00369,0.0,0.03817
739,173,Pons,neuronal,0.00975,0.0,0.0,0.0,0.00086,0.00725,0.11873
74,794,Thalamus,neuronal,0.00048,0.0,0.0,0.00228,0.19051,0.00087,0.04052
741,70,Pons,neuronal,0.0,0.0,0.0,0.0,0.00337,0.0,0.07649
742,115,Pons,neuronal,0.00538,0.0,0.0,0.0,0.00238,0.01739,0.07125
743,69,Pons,neuronal,0.0,0.0,0.0,0.0072,0.0,0.0,0.06893
744,235,Myelencephalon,neuronal,0.01516,0.00198,0.0,0.00348,0.47299,0.00147,0.02355
745,167,Myelencephalon,neuronal,0.01177,0.00356,0.0,0.0,0.25744,0.0,0.02831
746,591,Myelencephalon,neuronal,0.004,0.0,0.0,0.0,0.15499,0.00139,0.00967
747,59,Midbrain,neuronal,0.00277,0.0,0.0,0.0,0.0,0.00715,0.06158
748,152,Midbrain,neuronal,0.00866,0.0,0.0,0.00138,0.0,0.0,0.05714
749,56,Midbrain,neuronal,0.01183,0.00107,0.0,0.0,0.0,0.0,0.07136
750,96,Midbrain,neuronal,0.02816,0.00547,0.0,0.0,0.00207,0.0,0.05591
751,123,Midbrain,neuronal,0.10574,0.00479,0.0,0.00804,0.00651,0.01026,0.05898
752,73,Midbrain,neuronal,0.53826,0.0,0.0,0.0,0.0,0.02466,0.04634
753,64,Thalamus,neuronal,0.00713,0.0,0.01154,0.0,0.0035,0.00225,0.03954
754,266,Thalamus,neuronal,0.0,0.01095,0.0,0.00361,0.00665,0.00833,0.0676
755,288,Thalamus,neuronal,0.0,0.00743,0.0,0.0,0.00475,0.00197,0.06594
756,250,Thalamus,neuronal,0.0031,0.01035,0.00146,0.00715,0.00573,0.003,0.11025
757,215,Thalamus,neuronal,0.0,0.00937,0.00162,0.00203,0.00063,0.00493,0.09175
758,179,Thalamus,neuronal,0.0,0.01953,0.0,0.00073,0.00197,0.0,0.06515
759,149,Thalamus,neuronal,0.0,0.00318,0.00203,0.00332,0.00376,0.0,0.10876
76,509,Thalamus,neuronal,0.00268,0.0,0.0,0.00077,0.00559,0.00875,0.07683
760,313,Thalamus,neuronal,0.00195,0.00592,0.0,0.00181,0.00814,0.007,0.09319
761,196,Thalamus,neuronal,0.0,0.003,0.003,0.0,0.00569,0.0149,0.08579
762,256,Thalamus,neuronal,0.00134,0.00393,0.00051,0.00161,0.01408,0.00697,0.10786
763,73,Pons,neuronal,0.01051,0.0,0.0,0.0,0.0,0.00381,0.01081
764,64,Pons,neuronal,0.0,0.01311,0.0,0.0035,0.0,0.01102,0.01263
765,51,Pons,neuronal,0.02524,0.00492,0.0,0.00492,0.0,0.00555,0.0257
766,75,Pons,neuronal,0.0,0.01195,0.0,0.0,0.03277,0.0047,0.02939
768,111,Cerebellum,neuronal,0.0,0.01679,0.00918,0.00381,0.0,0.00424,0.04135
769,482,Cerebellum,neuronal,0.00269,0.06642,0.01641,0.0006,0.00095,0.00182,0.08638
77,509,Thalamus,neuronal,0.0004,0.00019,0.0,0.00087,0.05582,0.00417,0.01674
770,196,Cerebellum,neuronal,0.0,0.03056,0.01612,0.00399,0.00455,0.00277,0.13014
771,191,Basal nuclei,neuronal,0.00416,0.00608,0.00333,0.00046,0.02711,0.00398,0.04927
772,111,Basal nuclei,neuronal,0.0,0.00166,0.00056,0.0,0.00389,0.03157,0.0291
773,246,Basal nuclei,neuronal,0.00328,0.03559,0.01095,0.0011,0.00755,0.01763,0.0283
774,79,Midbrain,neuronal,0.00256,0.00903,0.0,0.0,0.0,0.01298,0.06619
775,253,Midbrain,neuronal,0.09474,0.0013,0.0,0.00062,0.00395,0.01425,0.04095
776,193,Basal nuclei,neuronal,0.01398,0.03828,0.00913,0.00237,0.00078,0.00612,0.05229
777,353,Basal nuclei,neuronal,0.0,0.00361,0.00051,0.00323,0.00302,0.0,0.02929
779,74,Pons,neuronal,0.00765,0.00802,0.0,0.0,0.0,0.02274,0.03513
78,1187,Thalamus,neuronal,0.00038,0.00019,8e-05,0.00173,0.30692,0.00253,0.03701
780,230,Pons,neuronal,0.0042,0.0,0.0,0.0016,0.0,0.05922,0.03941
781,62,Pons,neuronal,0.0,0.0,0.0,0.01736,0.0,0.0136,0.03045
782,96,Pons,neuronal,0.01496,0.0,0.0,0.00325,0.00388,0.02842,0.04493
783,219,Pons,neuronal,0.00641,0.0,0.0,0.00141,0.00448,0.03242,0.02904
785,238,Myelencephalon,neuronal,0.01138,0.00306,0.0,0.00213,0.00288,0.04833,0.03833
786,350,Pons,neuronal,0.01889,0.00037,0.0,0.0031,0.00157,0.08872,0.05204
787,583,Pons,neuronal,0.00859,0.00029,0.0,0.0022,0.00048,0.05038,0.03593
788,147,Pons,neuronal,0.0078,0.0,0.0,0.00158,0.00246,0.03978,0.0759
789,204,Pons,neuronal,0.01037,0.0,0.0,0.00066,0.0,0.06656,0.0338
79,360,Thalamus,neuronal,0.00081,0.0,0.0,0.00042,0.17941,0.00629,0.02857
790,235,Pons,neuronal,0.01737,0.0,0.0,0.0031,0.00233,0.03214,0.04391
791,144,Pons,neuronal,0.00246,0.0,0.0,0.0,0.0,0.072,0.04469
792,565,Pons,neuronal,0.00381,0.0,0.0,0.00524,0.00316,0.05287,0.05679
793,171,Pons,neuronal,0.01236,0.0,0.0,0.00081,0.00577,0.07674,0.07588
794,462,Myelencephalon,neuronal,0.00338,0.0,0.0,0.0042,0.00392,0.05187,0.04342
795,1457,Pons,neuronal,0.00663,0.00128,0.0,0.00517,0.00103,0.05444,0.06032
796,2191,Pons,neuronal,0.00939,0.00046,0.0,0.00573,0.00133,0.05846,0.05835
797,2359,Pons,neuronal,0.00941,0.00019,0.0,0.00413,0.0021,0.05966,0.05275
798,5770,Pons,neuronal,0.00599,0.00017,5e-05,0.00169,0.00172,0.05469,0.04674
799,1972,Pons,neuronal,0.00503,0.00031,0.0,0.002,0.00229,0.05098,0.056
8,87,Pons,neuronal,0.0,0.0,0.0,0.0,0.0,0.03463,0.01954
80,1235,Thalamus,neuronal,0.00077,0.00019,0.0,0.0019,0.09952,0.00076,0.05235
800,415,Pons,neuronal,0.00507,0.0,0.0,0.00124,0.00116,0.05982,0.11399
801,5558,Pons,neuronal,0.00564,0.00046,0.00026,0.00424,0.00149,0.05172,0.05365
802,10326,Pons,neuronal,0.00601,0.00082,8e-05,0.00253,0.00179,0.05932,0.05576
803,5454,Pons,neuronal,0.00465,0.00089,0.0,0.00331,0.00152,0.05435,0.05357
804,1603,Pons,neuronal,0.00339,0.00178,0.0006,0.00341,0.00177,0.05209,0.04751
805,6396,Pons,neuronal,0.00498,0.00141,8e-05,0.00251,0.00199,0.04896,0.04746
806,209,Pons,neuronal,0.00463,0.00175,0.00101,0.00136,0.0,0.03754,0.03767
807,2978,Pons,neuronal,0.00293,0.00027,0.00019,0.00132,0.00086,0.05385,0.02403
808,828,Pons,neuronal,0.00551,0.00145,0.0003,0.00248,0.00338,0.05418,0.0469
809,1052,Pons,neuronal,0.00718,0.00223,0.00054,0.00181,0.00104,0.04826,0.04334
81,2225,Thalamus,neuronal,0.00059,0.00013,0.0,0.0011,0.05594,0.00289,0.05105
810,182,Pons,neuronal,0.00317,0.00247,0.0,0.00937,0.00429,0.04863,0.02501
812,188,Hypothalamus,neuronal,1.73705,0.00713,0.00062,0.01295,0.02065,0.05545,0.03013
813,450,Hypothalamus,neuronal,5.3082,0.00529,0.00029,0.01974,0.01386,0.12328,0.02793
814,84,Hypothalamus,neuronal,5.50848,0.00187,0.0,0.00143,0.00944,0.01645,0.06762
815,313,Hypothalamus,neuronal,5.90722,0.01042,0.00055,0.00549,0.00562,0.01123,0.02976
816,204,Hypothalamus,neuronal,5.00822,0.00417,0.0,0.00671,0.02207,0.03353,0.02785
817,231,Hypothalamus,neuronal,6.5122,0.00887,0.0,0.01487,0.00102,0.01659,0.09176
818,133,Hypothalamus,neuronal,5.0756,0.00113,0.0,0.01384,0.00367,0.0244,0.04303
819,121,Hypothalamus,neuronal,6.68854,0.04428,0.00421,0.00242,0.0,0.00473,0.03195
82,800,Thalamus,neuronal,0.00075,0.0,0.00042,0.00125,0.14824,0.0021,0.05006
820,197,Hypothalamus,neuronal,4.82623,0.00723,0.0,0.00603,0.0,0.0095,0.03852
821,154,Hypothalamus,neuronal,2.80682,0.00899,0.0,0.01419,0.00864,0.00856,0.04473
822,397,Hypothalamus,neuronal,2.19872,0.00657,0.00054,0.03117,0.00768,0.03609,0.05914
823,66,Hypothalamus,neuronal,0.04902,0.0,0.0,0.0,0.0,0.0,0.06281
824,93,Hypothalamus,neuronal,0.0,0.0,0.0,0.01894,0.0,0.00711,0.04123
825,267,Hypothalamus,neuronal,0.02506,0.0,0.0,0.01901,0.01912,0.00091,0.05155
826,389,Hypothalamus,neuronal,0.013,0.0,0.0,0.0,0.00301,0.01744,0.01499
827,89,Hypothalamus,neuronal,0.03353,0.0,0.0,0.00942,0.00682,0.01786,0.02966
828,192,Hypothalamus,neuronal,0.44406,0.0,0.0,0.01233,0.01782,0.0,0.05261
829,233,Hypothalamus,neuronal,0.05893,0.0,0.0,0.0,0.0,0.0,0.02991
83,714,Thalamus,neuronal,0.00167,0.0,0.0,0.0013,0.0153,0.00272,0.03405
830,234,Hypothalamus,neuronal,0.12307,0.0,0.0,0.00843,0.01234,0.0,0.04023
831,102,Hypothalamus,neuronal,0.07727,0.0,0.0,0.07869,0.0,0.0,0.08082
832,452,Hypothalamus,neuronal,0.01521,0.0,0.0,0.02298,0.15267,0.00111,0.06262
833,219,Hypothalamus,neuronal,0.00335,0.0,0.0,0.0013,0.11516,0.01062,0.02173
834,84,Hypothalamus,neuronal,0.03525,0.0,0.0,0.0,0.00526,0.06214,0.04986
835,194,Hypothalamus,neuronal,0.00595,0.00381,0.0,0.00315,0.0134,0.0575,0.08403
836,105,Hypothalamus,neuronal,0.01418,0.00205,0.0,0.01211,0.0,0.01503,0.04838
837,86,Hypothalamus,neuronal,0.01364,0.02796,0.0,0.0,0.0,0.0,0.19744
838,68,Hypothalamus,neuronal,0.0,0.0,0.0,0.0059,0.0,0.0,0.0808
839,139,Hypothalamus,neuronal,0.03573,0.0,0.0,0.03204,0.00463,0.0,0.20087
84,504,Thalamus,neuronal,0.0,0.0,0.00015,0.00047,0.00473,0.0038,0.02126
840,150,Hypothalamus,neuronal,0.05013,0.0,0.0,0.00781,0.00555,0.00225,0.0867
841,102,Hypothalamus,neuronal,0.44671,0.0,0.0,0.04375,0.0,0.0,0.07931
842,97,Hypothalamus,neuronal,0.0198,0.0,0.0,0.01686,0.0,0.0,0.07378
843,604,Hypothalamus,neuronal,0.0052,0.0,0.0,0.044,0.00119,0.0,0.15017
844,367,Hypothalamus,neuronal,0.03097,0.0,0.0,0.05325,0.00207,0.0,0.08387
846,158,Hypothalamus,neuronal,0.00512,0.0,0.00104,0.01641,0.00172,0.00349,0.08146
847,110,Thalamus,neuronal,0.0,0.0,0.0,0.00472,0.00848,0.0,0.10572
848,190,Extended amygdala,neuronal,1.3397,0.0,0.0,0.01434,0.00955,0.01515,0.08765
849,180,Hypothalamus,neuronal,1.25653,0.0,0.0,0.01329,0.0,0.01724,0.04967
85,2616,Thalamus,neuronal,0.00015,0.0,4e-05,0.00073,0.05337,0.00244,0.01999
850,87,Extended amygdala,neuronal,0.23264,0.0,0.0,0.01106,0.00304,0.05041,0.09504
851,177,Thalamus,neuronal,0.32703,0.0,0.0,0.03793,0.01283,0.06407,0.09511
852,251,Extended amygdala,neuronal,0.00936,0.0,0.0,0.01937,0.00186,0.04881,0.06374
853,67,Thalamus,neuronal,0.0216,0.0,0.0,0.0,0.0,0.09131,0.04543
854,76,Basal forebrain,neuronal,0.0,0.0,0.0,0.0,0.0,0.03804,0.03159
855,51,Hypothalamus,neuronal,0.32414,0.0,0.0,0.0,0.0,0.0,0.15781
856,1337,Hypothalamus,neuronal,1.1882,0.00077,0.0,0.02682,0.00758,0.01467,0.10972
857,398,Hypothalamus,neuronal,0.62931,0.0,0.0,0.01492,0.00475,0.01925,0.10035
858,262,Hypothalamus,neuronal,0.36754,0.0,0.0005,0.0766,0.00307,0.01265,0.09992
859,895,Hypothalamus,neuronal,0.08286,0.0,0.0,0.03048,0.01208,0.00183,0.09098
86,814,Thalamus,neuronal,0.00076,8e-05,0.0,0.00131,0.07133,0.00518,0.02348
860,577,Hypothalamus,neuronal,0.06531,0.0014,0.00092,0.00435,0.01464,0.0043,0.09564
861,439,Hypothalamus,neuronal,0.88925,0.0,0.0,0.01408,0.00161,0.0009,0.05681
862,447,Hypothalamus,neuronal,0.77615,0.0,0.0,0.01706,0.00707,0.0,0.06777
863,285,Hypothalamus,neuronal,1.33493,0.0,0.0,0.00539,0.0197,0.0,0.05467
864,138,Hypothalamus,neuronal,0.27827,0.0,0.0,0.00368,0.0021,0.02081,0.06142
865,155,Hypothalamus,neuronal,0.26033,0.0,0.0,0.00607,0.01823,0.00918,0.11934
866,276,Hypothalamus,neuronal,0.11116,0.00711,0.0,0.01184,0.01017,0.0087,0.10598
867,172,Hypothalamus,neuronal,0.13394,0.0,0.0,0.00689,0.03121,0.0,0.07119
868,213,Hypothalamus,neuronal,0.22033,0.0,0.0,0.00677,0.01968,0.00481,0.0869
869,329,Hypothalamus,neuronal,0.05344,0.0,0.0,0.00458,0.00164,0.0405,0.06672
87,445,Thalamus,neuronal,0.00378,0.0,0.0,0.00042,0.10208,0.00348,0.04119
871,105,Myelencephalon,neuronal,0.0,0.0,0.0,0.0,0.00766,0.0,0.06709
872,122,Pons,neuronal,0.0,0.00244,0.00116,0.00206,0.00199,0.00509,0.04227
873,160,Myelencephalon,neuronal,0.0,0.0,0.0,0.01081,0.0,0.0,0.02823
874,138,Myelencephalon,neuronal,0.08263,0.0,0.0,0.01934,0.0049,0.0,0.02976
875,68,Myelencephalon,neuronal,0.08664,0.0,0.0,0.00539,0.0,0.01503,0.06695
876,58,Myelencephalon,neuronal,0.0,0.0,0.0,0.00816,0.0,0.0,0.0
877,76,Myelencephalon,neuronal,0.00511,0.0,0.0,0.01369,0.0,0.01209,0.02508
878,57,Myelencephalon,neuronal,0.06079,0.0,0.0,0.0,0.01533,0.0,0.0
879,100,Myelencephalon,neuronal,0.0,0.0,0.0,0.0,0.0,0.0,0.0398
88,3509,Thalamus,neuronal,0.00123,0.0,0.0,0.00158,0.14607,0.00215,0.04069
880,119,Myelencephalon,neuronal,0.00808,0.0,0.0,0.0,0.0,0.00811,0.0103
881,138,Myelencephalon,neuronal,0.0,0.0,0.0,0.01405,0.0,0.00653,0.03712
883,150,Myelencephalon,neuronal,0.03753,0.0,0.0,0.00886,0.02199,0.0,0.02393
884,78,Spinal cord,neuronal,0.08499,0.0,0.0,0.01602,0.0,0.00599,0.03118
886,156,Myelencephalon,neuronal,0.0094,0.0,0.0,0.0,0.0,0.00215,0.02948
887,94,Myelencephalon,neuronal,0.05386,0.0,0.0,0.0,0.0,0.0,0.01412
888,75,Spinal cord,neuronal,0.05385,0.0,0.0,0.0,0.00774,0.00455,0.01176
89,141,Thalamus,neuronal,0.0,0.0,0.0,0.0,0.27818,0.00189,0.03677
891,140,Pons,neuronal,0.0,0.0,0.0,0.01171,0.0,0.0,0.0812
892,191,Pons,neuronal,0.0,0.0,0.0,0.0,0.00251,0.0,0.11189
893,153,Pons,neuronal,0.0,0.00441,0.0,0.00577,0.00329,0.0,0.09239
894,54,Pons,neuronal,0.0,0.0,0.02059,0.00587,0.0,0.00891,0.01551
895,248,Pons,neuronal,0.00375,0.00093,0.0,0.00219,0.0,0.00919,0.04249
896,268,Pons,neuronal,0.0,0.00147,0.0022,0.0068,0.0,0.00378,0.11282
897,340,Pons,neuronal,0.00482,0.00456,0.0,0.00153,0.0,0.02962,0.08018
898,209,Pons,neuronal,0.00425,0.00209,0.0,0.0,0.00279,0.0,0.08134
899,179,Pons,neuronal,0.02148,0.00114,0.0,0.0,0.01651,0.02103,0.0568
9,6351,Cerebellum,neuronal,0.00159,0.0,0.0,0.0056,0.00038,0.03943,0.00852
90,2215,Thalamus,neuronal,0.00077,0.0,0.0,0.00303,0.24009,0.00107,0.03219
900,152,Myelencephalon,neuronal,0.0,0.0,0.0,0.0,0.0,0.01018,0.06418
901,430,Myelencephalon,neuronal,0.02494,0.00684,0.0,0.00111,0.0,0.06116,0.07995
902,136,Myelencephalon,neuronal,0.0,0.00371,0.0,0.00527,0.0,0.02105,0.12805
903,114,Pons,neuronal,0.00789,0.01063,0.0,0.0,0.0,0.00226,0.0512
904,117,Myelencephalon,neuronal,0.00581,0.002,0.0,0.00148,0.0,0.0041,0.04704
905,277,Myelencephalon,neuronal,0.08548,0.0,0.0,0.00788,0.00386,0.05711,0.09758
906,352,Myelencephalon,neuronal,0.02983,0.0046,0.00203,0.0041,0.0,0.03551,0.18267
907,72,Myelencephalon,neuronal,0.0,0.01569,0.0,0.0,0.0,0.0,0.09747
908,169,Myelencephalon,neuronal,0.25461,0.00264,0.00395,0.0,0.0,0.0,0.11681
909,133,Myelencephalon,neuronal,0.01764,0.0,0.0,0.0,0.01261,0.00526,0.08162
91,1288,Thalamus,neuronal,0.00119,0.00019,0.0,0.00078,0.20987,0.00085,0.03419
910,149,Myelencephalon,neuronal,0.0443,0.0,0.0,0.01135,0.01317,0.0,0.0317
911,107,Myelencephalon,neuronal,0.00878,0.00397,0.0,0.0,0.0,0.00245,0.11055
912,114,Myelencephalon,neuronal,0.04123,0.0,0.0,0.0,0.0,0.0,0.08276
913,292,Myelencephalon,neuronal,0.00177,0.0,0.0,0.0,0.0007,0.0,0.07695
914,123,Myelencephalon,neuronal,0.03261,0.0,0.0,0.0,0.0179,0.0,0.12734
915,254,Myelencephalon,neuronal,0.0,0.0,0.0,0.0,0.00208,0.00674,0.07017
916,108,Pons,neuronal,0.0,0.0,0.0,0.0,0.0,0.01877,0.08432
917,125,Pons,neuronal,0.0,0.0,0.0,0.0,0.00573,0.02339,0.08518
918,74,Pons,neuronal,0.0,0.0,0.0,0.0,0.0,0.0,0.0868
919,152,Myelencephalon,neuronal,0.02576,0.0,0.0,0.0,0.0,0.02686,0.04301
92,575,Thalamus,neuronal,0.00017,0.0,0.00067,0.00106,0.15529,0.00083,0.0327
921,181,Pons,neuronal,1.00221,0.0,0.0,0.00597,0.00883,0.00223,0.05289
922,186,Pons,neuronal,0.3666,0.00264,0.0,0.00507,0.01622,0.00452,0.03312
923,159,Pons,neuronal,0.0771,0.00258,0.0,0.0,0.01227,0.00405,0.04469
924,70,Pons,neuronal,0.24386,0.0,0.0,0.0,0.00656,0.0,0.07569
925,126,Pons,neuronal,0.07307,0.0,0.0,0.00315,0.0,0.00408,0.11342
926,98,Pons,neuronal,0.02117,0.0,0.0,0.00457,0.03364,0.00681,0.08993
927,139,Pons,neuronal,0.24941,0.00209,0.0,0.0,0.0,0.00563,0.10777
928,137,Pons,neuronal,0.09787,0.0,0.0,0.0,0.0,0.00174,0.08715
93,96,Thalamus,neuronal,0.00511,0.0,0.0,0.0,0.17293,0.0038,0.01096
931,75,Basal forebrain,neuronal,0.01779,0.0,0.0,0.0,0.0,0.01199,0.04202
934,64,Myelencephalon,neuronal,0.1919,0.0,0.0,0.00606,0.02472,0.00859,0.01765
936,152,Myelencephalon,neuronal,0.0,0.0,0.0,0.00268,0.0,0.00459,0.04116
937,395,Myelencephalon,neuronal,0.05868,0.0,0.0,0.01033,0.00273,0.0,0.03886
938,251,Myelencephalon,neuronal,0.10449,0.0,0.0,0.02265,0.0,0.01784,0.05419
94,1577,Thalamus,neuronal,0.00185,0.0005,0.00041,0.00136,0.36124,0.0065,0.04397
940,53,Amygdaloid complex,neuronal,0.0,0.0,0.0,0.0,0.02276,0.0,0.0
941,216,Amygdaloid complex,neuronal,0.0,0.0,0.0,0.0,0.03495,0.0,0.01376
942,267,Amygdaloid complex,neuronal,0.063,0.004,0.0,0.00159,0.14244,0.0,0.02271
943,174,Amygdaloid complex,neuronal,0.00843,0.0,0.0,0.0,0.00977,0.00397,0.01538
944,132,Pons,neuronal,0.00367,0.00361,0.0,0.00306,0.03276,0.0025,0.06264
945,51,Pons,neuronal,0.0,0.0,0.0,0.0,0.00829,0.0,0.04045
946,191,Pons,neuronal,0.00082,0.0,0.0,0.0,0.0143,0.0,0.04809
947,168,Midbrain,neuronal,0.00859,0.0,0.0,0.0,0.00626,0.0087,0.08872
948,261,Midbrain,neuronal,0.0,0.0,0.0,0.0,0.0,0.0,0.07238
949,61,Pons,neuronal,0.0,0.0,0.0,0.0,0.0,0.02563,0.07949
95,656,Thalamus,neuronal,0.00204,0.0,0.0,0.00386,0.1499,0.00783,0.03763
950,59,Pons,neuronal,0.02479,0.0,0.0,0.01149,0.0,0.02028,0.09609
951,169,Pons,neuronal,0.00226,0.0,0.0,0.00694,0.0,0.0,0.0519
952,166,Pons,neuronal,0.00293,0.0,0.0,0.01643,0.0,0.0,0.04598
953,731,Pons,neuronal,0.01835,0.00111,0.0,0.00386,0.00164,0.00315,0.0864
954,405,Midbrain,neuronal,0.00196,0.0,0.0,0.0031,0.00138,0.00132,0.04914
955,209,Pons,neuronal,0.00247,0.00384,0.00214,0.0,0.0,0.01122,0.08568
956,201,Pons,neuronal,0.01644,0.00474,0.00323,0.00118,0.0,0.00173,0.06124
957,179,Pons,neuronal,0.0,0.00301,0.00235,0.0,0.0,0.00777,0.0782
958,337,Pons,neuronal,0.00253,0.00432,0.0,0.00759,0.00196,0.01758,0.13333
959,255,Pons,neuronal,0.0,0.0,0.0,0.00355,0.0,0.0,0.08289
96,476,Thalamus,neuronal,0.00054,0.0,0.0,0.00153,0.36041,0.00154,0.05263
960,166,Pons,neuronal,0.00407,0.00157,0.0,0.0,0.0,0.02817,0.1395
961,119,Pons,neuronal,0.00523,0.00663,0.0,0.0,0.0,0.00253,0.0372
963,82,Myelencephalon,neuronal,0.11476,0.0,0.0,0.0,0.0,0.0,0.0
964,106,Pons,neuronal,0.0,0.00651,0.0,0.0,0.0,0.0,0.08874
966,86,Pons,neuronal,0.0,0.00115,0.00623,0.0,0.0023,0.00211,0.03611
967,178,Pons,neuronal,0.0,0.0011,0.0,0.00046,0.00393,0.0,0.03295
968,131,Pons,neuronal,0.0,0.0,0.0,0.0,0.01688,0.0,0.04591
969,80,Pons,neuronal,0.0,0.0,0.0,0.0,0.01812,0.0,0.05173
97,1329,Thalamus,neuronal,0.00162,0.00026,0.0,0.00344,0.10395,0.01045,0.04773
970,152,Pons,neuronal,0.0,0.00431,0.00301,0.00865,0.00996,0.0,0.03618
971,130,Pons,neuronal,0.0,0.0,0.0,0.0,0.0,0.00276,0.06168
973,60,Pons,neuronal,0.0,0.0,0.0,0.0,0.02473,0.0,0.03429
978,72,Midbrain,neuronal,0.01608,0.0,0.0,0.0,0.01113,0.0,0.10959
979,122,Midbrain,neuronal,0.0,0.00151,0.0,0.00081,0.012,0.0,0.04343
98,196,Thalamus,neuronal,0.0,0.0,0.0,0.00112,0.01462,0.01347,0.04781
980,122,Midbrain,neuronal,0.00054,0.0,0.0,0.02508,0.00992,0.00544,0.08717
981,171,Thalamus,neuronal,0.01702,0.001,0.0,0.00503,0.00496,0.00099,0.10375
982,197,Midbrain,neuronal,0.01249,0.00495,0.0,0.00344,0.00074,0.0033,0.07146
983,159,Midbrain,neuronal,0.00598,0.00516,0.0,0.00075,0.0005,0.0,0.06125
984,194,Thalamus,neuronal,0.0,0.00324,0.00042,0.00741,0.00512,0.0,0.06214
985,150,Thalamus,neuronal,0.0,0.00599,0.0,0.00545,0.00137,0.00502,0.11767
986,307,Thalamus,neuronal,0.018,0.00654,0.00024,0.00049,0.02103,0.0,0.05029
987,137,Thalamus,neuronal,0.0,0.00527,0.00118,0.00084,0.03774,0.0,0.06538
988,102,Thalamus,neuronal,0.0,0.00481,0.00086,0.00232,0.07362,0.0,0.0377
989,63,Midbrain,neuronal,0.0,0.00141,0.0,0.0,0.0,0.0,0.06524
99,7424,Thalamus,neuronal,0.00226,0.0,3e-05,0.00205,0.02254,0.01007,0.06381
990,60,Midbrain,neuronal,0.0,0.00798,0.01709,0.0,0.0037,0.0,0.10968
991,300,Midbrain,neuronal,0.0,0.00332,0.0,0.00229,0.0067,0.0,0.08093
992,129,Midbrain,neuronal,0.00436,0.0,0.00264,0.0053,0.00797,0.00377,0.05226
993,185,Pons,neuronal,0.00275,0.00419,0.0,0.00625,0.0,0.0,0.05634
994,388,Pons,neuronal,0.01137,0.00092,0.0,0.00267,0.00659,0.0007,0.05698
995,108,Midbrain,neuronal,0.01034,0.0,0.0,0.0,0.03263,0.0,0.03162
996,346,Midbrain,neuronal,0.04398,0.00242,0.0,0.00141,0.10402,0.0,0.08252
997,67,Midbrain,neuronal,0.00691,0.0,0.0,0.0,0.01308,0.01459,0.07697
998,378,Midbrain,neuronal,0.01725,0.00377,0.00029,0.00215,0.03503,0.0,0.05471
999,87,Midbrain,neuronal,0.03461,0.0,0.0,0.0,0.00488,0.00661,0.04247
