cohort,donor,sex,age,scz,bip,n_nuclei,PGR,PGR-AS1,PAQR5,ZNF385B,ACTB,GAPDH,RPL13A,RPLP0,TBP,PGK1,XIST,RPS4Y1,UTY,DDX3Y,KDM5D
Aging,Donor_100,female,21,No,No,150,0.91933,0.66725,2.41694,7.29530,2.40211,1.09726,0.99347,0.16311,0.13345,0.60794,9.14878,0.02966,0.05931,0.00000,0.04448
Aging,Donor_1000,male,50,No,No,129,0.79331,0.89502,1.99345,5.32942,0.87468,0.50853,0.24410,0.10171,0.18307,0.67126,0.87468,0.38648,3.09188,0.67126,0.61024
Aging,Donor_1009,male,48,No,No,42,0.75876,0.59902,1.31785,7.30807,3.67400,1.47759,1.51752,0.35941,0.15974,0.75876,0.19967,0.07987,2.71557,1.51752,0.43928
Aging,Donor_1013,female,54,No,No,132,1.53631,1.06027,2.17464,4.70631,1.03863,0.45440,0.32457,0.07573,0.17311,0.42195,10.15914,0.02164,0.08655,0.02164,0.02164
Aging,Donor_1029,male,44,No,No,214,0.89615,0.77577,1.59167,6.71443,3.53109,0.60189,0.76239,0.22738,0.09363,0.65539,0.53501,0.24076,3.02283,0.69552,0.69552
Aging,Donor_1062,male,70,No,No,20,0.56909,1.70726,1.63613,6.25996,2.27635,1.84953,1.35158,0.28454,0.07114,1.06704,0.07114,0.99590,2.84544,0.78249,0.35568
Aging,Donor_1076,female,70,No,No,66,1.53681,1.20063,1.10458,2.59336,3.98609,1.63286,2.11311,0.62433,0.19210,1.77693,3.55386,0.24013,2.35324,0.62433,0.43223
Aging,Donor_1087,female,89,No,No,22,1.32908,0.88605,1.47676,5.75935,6.64540,3.98724,0.73838,0.73838,0.00000,1.18140,9.00821,0.14768,0.14768,0.00000,0.00000
Aging,Donor_1088,male,48,No,No,149,0.92603,0.97747,1.71487,6.51649,2.10928,0.77169,0.84028,0.25723,0.25723,0.72024,0.00000,0.39442,2.72664,0.80599,0.77169
Aging,Donor_1092,male,14,No,No,60,0.06413,0.38479,2.05220,7.18271,7.88815,1.28263,1.21850,0.44892,0.00000,1.34676,0.00000,0.38479,3.52722,1.60328,0.96197
Aging,Donor_1100,male,43,No,No,242,0.80380,0.82593,1.71822,5.67086,1.72559,0.79643,0.61207,0.16224,0.15486,1.26101,0.68581,0.19173,2.89074,0.81118,0.53095
Aging,Donor_111,male,56,No,No,453,0.98842,0.77572,1.36376,11.34801,1.76413,0.78406,0.51298,0.08758,0.25857,1.17192,0.19601,0.23772,3.33225,0.97590,0.59222
Aging,Donor_1113,female,16,No,No,66,0.70908,0.58395,1.37646,7.59137,1.66843,0.62566,1.08448,0.25026,0.20855,1.25132,9.00953,0.00000,0.04171,0.00000,0.00000
Aging,Donor_1117,male,40,No,No,20,0.94403,0.62935,1.46849,4.40547,1.25871,0.31468,0.83914,0.10489,0.10489,0.31468,0.20978,0.10489,2.83209,1.46849,0.31468
Aging,Donor_1125,female,13,No,No,115,1.54307,1.20016,2.24792,5.67696,1.80977,1.60022,1.54307,0.34290,0.17145,0.30480,7.33433,0.07620,0.09525,0.01905,0.01905
Aging,Donor_1132,male,12,No,No,480,0.67709,0.80383,1.78111,5.43005,2.34479,0.59037,0.73379,0.15343,0.20012,0.75047,0.28351,0.22681,2.57827,1.01063,0.46362
Aging,Donor_1136,male,50,No,No,77,1.18557,1.25531,1.67375,9.58917,1.32505,0.76713,0.73226,0.27896,0.27896,0.41844,0.83687,0.34870,3.34749,0.38357,0.73226
Aging,Donor_1137,male,61,No,No,72,1.05763,0.86533,1.76271,8.68537,2.08321,0.80123,0.54484,0.12820,0.16025,0.99353,0.41664,0.03205,3.84592,0.76918,0.54484
Aging,Donor_1138,male,53,No,No,22,0.94221,0.58888,0.70666,4.35771,2.82662,2.82662,0.70666,0.47110,0.23555,1.17776,0.47110,0.47110,2.00219,0.47110,1.05998
Aging,Donor_1139,female,10,No,No,29,0.23231,0.23231,2.43928,8.01478,4.06547,1.85850,1.62619,0.46462,0.34847,0.58078,10.22174,0.00000,0.69694,0.00000,0.11616
Aging,Donor_1144,male,16,No,No,101,0.34494,0.20291,0.81163,1.94790,3.40883,1.86674,1.90732,0.73046,0.18262,1.66383,0.02029,0.32465,3.69290,1.56238,0.60872
Aging,Donor_1150,female,40,No,No,32,0.62953,0.62953,0.69948,6.64508,2.58808,1.18912,1.39896,0.27979,0.13990,0.90933,6.78497,0.00000,0.00000,0.06995,0.00000
Aging,Donor_1152,male,18,No,No,246,1.19975,1.34829,2.22811,9.12954,1.32544,0.68557,0.71985,0.13711,0.21710,0.47990,0.38849,0.17139,2.76514,0.68557,0.41134
Aging,Donor_1157,male,50,No,No,153,1.01361,0.79822,1.40639,8.71707,1.63445,0.45613,0.79822,0.13937,0.25340,0.46880,0.11403,0.13937,3.81372,0.68419,0.59550
Aging,Donor_1166,female,80,No,No,24,0.72623,0.43574,1.45245,3.34064,2.32393,2.17868,1.30721,0.43574,0.14525,1.45245,10.16718,0.14525,0.29049,0.00000,0.14525
Aging,Donor_1171,male,4,No,No,33,0.04332,0.00000,0.51986,0.04332,9.40086,0.43322,0.51986,0.30325,0.17329,0.64983,0.00000,0.34658,2.85925,1.25634,0.43322
Aging,Donor_1174,male,42,No,No,25,1.55289,1.08702,2.09640,10.01615,1.70818,1.16467,1.55289,0.31058,0.15529,0.85409,0.23293,0.46587,3.72694,0.62116,0.69880
Aging,Donor_1178,male,53,No,No,150,0.80088,1.20131,2.25510,9.27329,1.87573,0.61119,0.61119,0.18968,0.31613,0.54797,0.44259,0.12645,3.45641,0.82195,0.92733
Aging,Donor_1183,female,61,No,No,89,1.46892,0.62565,1.93135,6.01167,2.36659,0.89767,1.22410,0.29922,0.29922,0.78886,9.95599,0.05440,0.05440,0.02720,0.05440
Aging,Donor_1185,female,26,No,No,76,0.68313,0.91083,1.00192,6.74017,1.86721,0.91083,1.13854,0.13663,0.04554,0.54650,8.28859,0.00000,0.04554,0.00000,0.13663
Aging,Donor_1187,male,51,No,No,29,0.91290,0.47335,1.82579,5.91692,1.82579,0.94671,0.54098,0.13524,0.13524,2.19771,0.23668,0.40573,3.38110,2.06247,0.13524
Aging,Donor_1194,male,13,No,No,134,0.46348,0.60252,1.92343,9.75619,2.61864,0.78791,0.64887,0.18539,0.16222,0.50982,0.53300,0.16222,3.08212,0.95013,0.88061
Aging,Donor_1195,female,65,No,No,35,1.49268,1.30609,2.23901,9.08045,1.49268,0.87073,0.87073,0.12439,0.37317,0.24878,10.63532,0.00000,0.55975,0.00000,0.06219
Aging,Donor_1199,female,67,No,No,21,1.12778,1.00907,1.18714,4.68921,2.43364,1.54328,1.42457,0.53421,0.35614,1.18714,7.83513,0.11871,0.05936,0.00000,0.00000
Aging,Donor_1200,female,57,No,No,130,0.29967,0.56188,1.14873,6.04331,2.02276,0.64928,0.46199,0.22475,0.09989,1.59823,12.11159,0.01249,0.18729,0.04994,0.04994
Aging,Donor_1201,male,41,No,No,238,1.01565,0.74530,2.55740,8.27865,0.89143,0.44572,0.41649,0.06576,0.17536,0.59185,0.53340,0.18998,3.26616,0.50417,0.61377
Aging,Donor_1202,male,72,No,No,71,0.89359,0.67790,2.21857,2.34182,2.71158,0.86278,1.20172,0.30813,0.21569,0.98603,0.52383,0.09244,2.95809,0.80115,0.46220
Aging,Donor_1204,male,18,No,No,79,0.76617,1.09929,1.39909,7.06208,2.73156,0.63292,0.23318,0.03331,0.19987,0.39974,0.00000,0.26649,3.29786,0.59961,0.69955
Aging,Donor_1208,male,2,No,No,58,0.00000,0.00000,2.30288,0.24674,2.94028,0.67853,0.96639,0.34954,0.32898,0.84302,0.12337,0.43179,2.61130,1.02807,0.57572
Aging,Donor_1211,male,18,No,No,237,1.20258,1.08596,2.17193,11.53018,0.95477,0.45188,0.43001,0.12390,0.21865,0.49561,0.28425,0.18221,3.56400,0.61951,0.81630
Aging,Donor_1230,male,37,No,No,62,1.31983,1.05586,2.34930,7.68140,1.37262,0.60712,0.76550,0.10559,0.15838,0.34316,0.47514,0.21117,3.14119,0.95028,0.68631
Aging,Donor_1232,female,62,No,No,42,0.88286,2.01796,1.45041,4.85572,1.89184,1.38735,2.01796,0.50449,0.31531,0.18918,8.07184,0.00000,0.06306,0.00000,0.18918
Aging,Donor_1235,male,15,No,No,165,1.26695,0.76454,1.74752,8.45362,1.46355,1.04851,1.24511,0.17475,0.26213,0.54610,0.43688,0.28397,2.38099,0.76454,0.78638
Aging,Donor_1242,female,26,No,No,228,0.41429,0.35780,1.79841,3.16370,3.40851,1.07340,1.16756,0.40488,0.11299,1.29938,9.40635,0.00942,0.10357,0.00942,0.02825
Aging,Donor_1255,female,84,No,No,43,0.76944,0.26763,0.93671,1.57233,2.70976,1.87341,1.43851,0.60217,0.26763,1.17088,10.06958,0.00000,0.20072,0.06691,0.03345
Aging,Donor_1288,female,41,No,No,24,0.31110,0.31110,0.46666,2.64439,4.04436,1.24442,2.17773,0.15555,0.31110,0.77776,9.33315,0.00000,0.15555,0.00000,0.15555
Aging,Donor_1293,male,36,No,No,71,0.68941,0.64632,1.46499,9.82403,1.89587,0.94793,1.12028,0.04309,0.30161,0.30161,0.64632,0.21544,3.79173,0.64632,0.86176
Aging,Donor_1299,male,54,No,No,47,2.20638,0.90056,1.66604,8.96061,3.37712,1.26079,1.12571,0.45028,0.31520,0.90056,0.22514,0.22514,3.60226,0.72045,0.49531
Aging,Donor_1302,male,66,No,No,26,1.45436,0.59497,1.18993,6.67685,3.23926,0.72718,0.99161,0.19832,0.13221,0.92550,0.46275,0.52886,2.04933,0.79329,0.59497
Aging,Donor_1305,male,46,No,No,277,1.45587,1.36092,2.08886,12.18502,1.51917,1.23433,1.07608,0.21100,0.28484,0.60134,0.12660,0.20045,2.95394,0.75959,0.73849
Aging,Donor_1308,male,14,No,No,27,0.46048,0.57561,1.38145,5.64094,0.69073,0.46048,0.57561,0.11512,0.23024,0.34536,0.57561,0.11512,3.56876,0.46048,0.23024
Aging,Donor_1310,male,22,No,No,70,0.61463,0.79024,1.64633,8.99995,1.55853,0.50488,0.59268,0.19756,0.10976,0.68048,0.65853,0.21951,3.66583,0.74634,0.39512
Aging,Donor_1313,male,36,No,No,42,1.23268,0.85751,1.39346,10.02219,1.01830,0.64314,0.96470,0.21438,0.10719,0.53595,0.53595,0.26797,2.62613,0.42876,0.64314
Aging,Donor_1317,male,34,No,No,167,1.11658,0.60538,2.09864,7.46630,3.78024,0.73990,0.63228,0.17489,0.28251,0.51121,0.34977,0.21524,2.85199,0.51121,0.63228
Aging,Donor_1319,female,2,No,No,200,0.64762,0.68810,2.21271,1.20080,2.42859,1.51112,0.87699,0.40476,0.18889,0.71508,6.92148,0.05397,0.08095,0.01349,0.01349
Aging,Donor_1326,female,4,No,No,109,0.02453,0.00000,1.66780,0.88295,2.52623,0.85843,1.15274,0.34337,0.26979,0.73579,9.98227,0.02453,0.00000,0.00000,0.00000
Aging,Donor_1330,female,15,No,No,118,0.70822,0.50587,1.41644,5.56457,3.23757,0.84312,0.97801,0.26980,0.26980,0.94429,10.15112,0.00000,0.16862,0.13490,0.10117
Aging,Donor_1334,male,13,No,No,134,1.08116,1.38464,1.57432,10.60297,2.33303,0.83458,0.72077,0.20865,0.22761,0.58800,0.36039,0.34142,3.14864,0.91045,0.77768
Aging,Donor_1337,male,40,No,No,81,1.05140,0.88712,2.26708,6.20983,1.24854,0.65713,0.98569,0.26285,0.19714,0.65713,1.05140,0.06571,2.13566,0.52570,0.65713
Aging,Donor_1340,female,31,No,No,135,1.12918,1.12918,2.38928,7.39695,1.55467,0.76915,0.68733,0.14728,0.21274,0.42549,12.43734,0.03273,0.32730,0.03273,0.03273
Aging,Donor_1341,male,5,No,No,78,0.46737,0.51657,1.30372,6.66621,1.77110,0.83635,1.08234,0.41818,0.14759,0.78715,0.41818,0.12299,2.50905,0.76256,0.68876
Aging,Donor_1342,female,13,No,No,157,0.65051,0.57200,1.07670,6.86396,2.26555,1.11035,1.42438,0.49349,0.15702,1.49168,7.22286,0.01122,0.00000,0.00000,0.00000
Aging,Donor_1343,male,37,No,No,126,0.67737,0.57042,1.19431,4.70593,2.21036,1.06953,0.71302,0.19608,0.16043,0.94475,0.01783,0.26738,3.19076,1.12301,0.44564
Aging,Donor_1348,male,80,No,No,26,0.58066,0.58066,2.07379,3.31807,1.90789,1.32723,0.58066,0.24886,0.41476,0.91247,0.41476,0.33181,3.81578,0.41476,0.41476
Aging,Donor_1355,male,22,No,No,105,0.87665,0.82298,1.73542,10.71664,1.69963,1.62807,1.91432,0.59040,0.37571,0.30414,0.23258,0.32204,2.77309,0.76931,0.59040
Aging,Donor_1359,female,45,No,No,82,0.86531,0.38851,0.65340,1.04191,1.60701,1.14786,0.61808,0.28255,0.15893,0.77701,10.08353,0.03532,0.03532,0.01766,0.08830
Aging,Donor_1360,female,41,No,No,227,0.46752,0.35880,1.58740,3.40313,3.69669,1.09813,1.25035,0.22832,0.17396,1.91358,9.38307,0.02175,0.10873,0.01087,0.02175
Aging,Donor_1364,male,24,No,No,94,1.02491,1.13879,2.27759,8.08543,1.73666,0.74022,0.39858,0.11388,0.22776,0.34164,0.22776,0.22776,2.87545,0.62634,0.68328
Aging,Donor_1368,male,48,No,No,22,0.00000,0.36219,1.81097,7.96827,2.71646,0.72439,0.90549,0.18110,0.18110,0.36219,0.54329,0.18110,4.52743,0.36219,0.54329
Aging,Donor_1371,female,85,No,No,21,1.34838,0.84274,1.51693,8.93301,2.02257,1.43265,1.01128,0.58992,0.00000,0.75846,9.10156,0.00000,0.16855,0.00000,0.00000
Aging,Donor_1377,male,46,No,No,210,1.11938,1.14845,1.48281,10.83033,1.90439,1.03215,0.87224,0.26167,0.31982,1.10484,0.52334,0.11630,3.35813,0.77048,0.46520
Aging,Donor_1378,female,38,No,No,124,1.09713,0.49548,1.84035,8.81244,1.73418,1.13252,0.60165,0.24774,0.21235,0.46009,9.87418,0.00000,0.03539,0.03539,0.00000
Aging,Donor_138,male,24,No,No,74,0.71146,0.73992,1.42293,4.80950,1.93518,0.96759,0.73992,0.42688,0.22767,0.68301,0.51225,0.19921,2.39052,1.08143,0.31304
Aging,Donor_1387,male,13,No,No,99,0.87172,0.87172,2.03402,5.48459,1.23494,0.36322,1.12597,0.14529,0.29057,0.69011,0.58115,0.10897,2.72413,1.12597,0.25425
Aging,Donor_1392,male,85,No,No,47,1.63260,1.03398,0.54420,2.39448,1.46934,1.03398,0.48978,0.38094,0.16326,1.03398,0.32652,0.10884,1.74144,0.70746,0.27210
Aging,Donor_1400,male,3,No,No,101,0.09014,0.14165,2.06040,0.34769,8.65368,3.50268,1.49379,0.86279,0.27043,1.14610,0.25755,0.54086,1.90587,0.94006,0.46359
Aging,Donor_1405,male,52,No,No,34,0.78035,0.46821,1.71678,10.22264,2.41910,1.17053,0.85839,0.23411,0.00000,0.62428,0.23411,0.15607,3.27749,0.78035,0.46821
Aging,Donor_1406,female,13,No,No,229,0.82054,0.75601,2.27724,8.28841,1.46591,0.43332,0.61771,0.12907,0.23049,0.49786,12.92586,0.00922,0.06454,0.00922,0.01844
Aging,Donor_1414,female,67,No,No,30,1.65758,1.17412,1.79572,6.14688,1.31225,0.82879,0.55253,0.06907,0.48346,0.62159,10.42897,0.06907,0.00000,0.00000,0.00000
Aging,Donor_1417,male,31,No,No,38,1.06055,1.06055,1.91715,6.64886,2.12111,1.22372,1.22372,0.04079,0.04079,0.53028,0.57107,0.32632,3.38561,0.97897,0.24474
Aging,Donor_1419,male,64,No,No,61,0.79733,0.16786,0.96519,2.01430,3.02145,1.55269,1.25894,0.41965,0.33572,1.55269,0.08393,0.25179,2.60181,0.58750,0.46161
Aging,Donor_1433,male,61,No,No,25,0.32116,1.28465,2.35518,4.06804,2.14108,0.64232,0.64232,0.21411,0.32116,1.28465,0.74938,0.10705,2.56929,0.85643,0.85643
Aging,Donor_1435,male,44,No,No,35,1.42903,0.78366,1.38293,5.39345,1.79781,1.24464,1.19854,0.32268,0.32268,0.78366,0.46098,0.04610,3.08855,0.55317,0.59927
Aging,Donor_1437,male,48,No,No,95,1.06072,1.00586,2.96270,5.28532,5.26703,1.95685,0.62180,0.31090,0.31090,0.93270,0.49378,0.29261,2.81640,0.43892,0.60351
Aging,Donor_1445,male,53,No,No,35,0.83628,0.97566,1.46349,4.18139,5.78425,2.29976,0.48783,0.27876,0.00000,0.97566,0.62721,0.20907,2.85728,0.62721,0.13938
Aging,Donor_1447,female,16,No,No,69,0.66236,0.48403,0.48403,4.86582,2.11447,0.96807,1.14640,0.71331,0.17833,0.99354,9.42593,0.00000,0.05095,0.00000,0.02548
Aging,Donor_1453,male,65,No,No,84,1.47273,1.20974,2.31429,6.60099,2.23539,0.65747,0.73637,0.21039,0.13149,0.49968,0.57857,0.15779,2.26169,0.60487,0.31559
Aging,Donor_1472,male,8,No,No,195,0.66896,0.98824,1.42915,5.18447,3.51206,0.94263,0.71458,0.21285,0.13683,1.04906,0.01520,0.22806,2.78228,1.27711,0.79059
Aging,Donor_1476,male,4,No,No,305,0.42785,0.38953,2.04984,7.01800,1.37933,0.42146,0.47894,0.08302,0.21073,0.45339,0.41508,0.21712,3.18013,0.82377,0.58749
Aging,Donor_1484,male,16,No,No,101,0.50004,0.14287,1.71443,4.39322,2.28590,1.35725,1.89301,0.39289,0.21430,0.42861,0.14287,0.25002,2.92881,0.67863,0.67863
Aging,Donor_149,male,52,No,No,125,1.67268,0.73435,1.24431,3.18217,1.63188,1.40750,0.95873,0.61196,0.16319,1.48909,0.34678,0.36717,2.93739,0.77514,0.75475
Aging,Donor_1491,female,73,No,No,22,0.83203,0.72803,0.83203,3.22413,3.95216,0.93604,0.72803,0.20801,0.10400,0.72803,11.96048,0.10400,0.10400,0.10400,0.00000
Aging,Donor_1494,female,40,No,No,104,1.60834,1.12096,1.52711,7.48932,2.37189,1.33216,1.23468,0.29242,0.30867,0.64983,7.21314,0.01625,0.04874,0.01625,0.01625
Aging,Donor_163,female,13,No,No,527,0.36642,0.65956,1.43869,5.92063,2.82339,0.94884,1.31912,0.32785,0.10414,1.58912,8.12303,0.01929,0.13500,0.00771,0.02700
Aging,Donor_173,male,24,No,No,53,0.70506,0.61309,2.05386,8.03151,2.20713,0.88898,1.47142,0.21458,0.21458,0.88898,0.27589,0.18393,2.69761,0.67440,0.45982
Aging,Donor_175,male,57,No,No,135,0.98106,1.04162,1.82889,7.10967,1.32019,0.66615,0.55715,0.18168,0.18168,0.58137,0.44814,0.04845,2.77362,0.59348,0.62982
Aging,Donor_176,male,56,No,No,29,1.72965,0.30523,1.22093,3.35755,1.01744,0.40698,1.32267,0.20349,0.00000,0.40698,0.20349,0.10174,3.25580,1.11918,0.40698
Aging,Donor_177,female,28,No,No,56,0.66817,0.57272,0.90680,6.82490,3.77040,1.14544,0.95453,0.28636,0.09545,1.04998,9.78394,0.09545,0.38181,0.04773,0.04773
Aging,Donor_180,male,20,No,No,190,0.73846,0.43344,1.62140,10.56315,1.44481,0.80267,1.30033,0.33712,0.25685,0.59398,0.14448,0.25685,2.69698,0.52976,0.75451
Aging,Donor_2,male,42,No,No,36,1.10085,1.25811,2.12306,13.52467,2.28032,1.10085,1.25811,0.31453,0.15726,0.94358,0.00000,0.15726,4.24612,1.49400,0.78632
Aging,Donor_20,male,40,No,No,96,1.17089,0.59445,3.31453,5.71035,2.55795,1.18891,0.82863,0.27021,0.21616,0.57644,0.48637,0.25219,2.37781,0.61247,0.66651
Aging,Donor_205,female,38,No,No,35,0.26883,0.21506,1.45167,1.77426,1.23661,1.12907,0.43012,0.05377,0.10753,1.82803,7.36587,0.00000,0.21506,0.00000,0.05377
Aging,Donor_207,male,35,No,No,47,0.88468,0.56872,1.83255,3.34915,1.39021,0.75830,0.12638,0.12638,0.31596,1.45341,0.75830,0.12638,3.66511,0.56872,0.63192
Aging,Donor_211,female,48,No,No,191,1.14196,1.03490,1.65941,6.53058,1.57019,0.49961,0.23196,0.21412,0.19627,0.37471,9.06431,0.00000,0.05353,0.00000,0.03569
Aging,Donor_213,male,46,No,No,36,1.21150,1.71629,1.86772,7.87473,1.00958,0.70671,0.35335,0.30287,0.45431,0.40383,0.75719,0.25240,4.13928,0.30287,0.85814
Aging,Donor_231,female,59,No,No,70,1.17189,0.74924,0.90293,11.41153,1.82508,1.13347,1.30637,0.28817,0.19211,0.51871,10.39333,0.00000,0.05763,0.00000,0.00000
Aging,Donor_232,female,78,No,No,166,1.14704,0.78772,1.34051,5.74900,1.46489,0.69099,0.51133,0.17966,0.15202,0.53897,9.50796,0.05528,0.37313,0.11056,0.19348
Aging,Donor_238,male,45,No,No,201,1.23433,1.10576,2.45152,7.58600,1.38005,0.51431,0.33430,0.12858,0.23144,0.40287,0.02572,0.23144,3.19727,0.67717,0.73717
Aging,Donor_240,male,18,No,No,139,0.52014,0.47137,1.62543,3.05580,2.40563,1.08904,0.92649,0.34134,0.26007,1.82048,0.84522,0.16254,2.63319,0.65017,0.32509
Aging,Donor_245,male,75,No,No,33,0.74798,0.66487,0.99731,3.40747,3.65679,0.74798,0.83109,0.16622,0.00000,2.99192,0.08311,0.41554,1.82840,1.08042,0.41554
Aging,Donor_248,female,16,No,No,32,0.76103,0.30441,2.20698,2.09282,2.66359,1.78841,1.25569,0.26636,0.26636,1.10349,7.91467,0.03805,0.07610,0.00000,0.00000
Aging,Donor_267,male,27,No,No,44,0.70523,1.61787,1.86678,6.09814,2.24013,0.37336,0.70523,0.24890,0.41484,0.66374,0.16594,0.20742,2.90388,0.74671,0.53929
Aging,Donor_286,male,8,No,No,382,0.75170,0.30068,1.39228,1.81715,2.09169,1.65374,0.86936,0.37258,0.11766,1.27462,0.09805,0.35951,2.62114,1.59491,0.59482
Aging,Donor_287,male,64,No,No,40,1.20026,0.30007,0.90020,4.57601,2.25050,1.20026,1.35030,0.52512,0.15003,1.27528,0.07502,0.30007,3.67581,1.42531,0.45010
Aging,Donor_288,female,41,No,No,29,1.20524,1.05458,2.56113,10.59604,1.55676,0.75327,0.55240,0.20087,0.10044,0.50218,11.75106,0.05022,0.05022,0.00000,0.00000
Aging,Donor_291,female,30,No,No,106,1.03600,1.01486,1.64914,2.87543,1.26857,0.88800,1.03600,0.35943,0.21143,0.57086,7.94971,0.02114,0.02114,0.00000,0.00000
Aging,Donor_307,male,56,No,No,34,1.19498,1.03565,2.38996,8.04621,3.10695,0.95598,0.87632,0.15933,0.07967,0.55766,0.55766,0.00000,3.98327,0.39833,0.79665
Aging,Donor_313,male,58,No,No,81,0.67126,0.86869,2.30992,4.83700,1.69789,0.67126,0.78971,0.15794,0.09871,1.02663,0.19743,0.29614,2.96143,0.80946,0.65151
Aging,Donor_314,male,25,No,No,58,1.15976,1.37278,2.05917,9.34909,1.56213,0.40237,0.63905,0.16568,0.33136,0.40237,0.16568,0.21302,3.92898,0.56805,0.82840
Aging,Donor_316,male,3,No,No,85,0.00000,0.00000,1.73205,0.25300,2.91919,0.95360,1.12875,0.40869,0.13623,0.70061,0.50599,0.11677,2.37428,1.14822,0.36976
Aging,Donor_317,male,75,No,No,56,0.37433,0.41593,1.24778,2.16282,4.07608,1.83008,1.16459,0.54070,0.33274,1.58052,0.45752,0.24956,2.82830,0.83185,0.66548
Aging,Donor_325,female,73,No,No,39,1.18077,0.70846,1.74753,4.81752,2.26707,1.55861,1.98369,0.56677,0.14169,0.75569,7.41521,0.04723,0.00000,0.00000,0.00000
Aging,Donor_330,male,23,No,No,25,0.08403,0.75627,0.75627,1.26045,4.45359,1.93269,1.26045,0.25209,0.16806,0.50418,0.33612,0.16806,3.02508,0.92433,0.42015
Aging,Donor_332,male,48,No,No,160,0.71346,0.90629,2.14039,6.96109,2.25609,0.59777,0.61705,0.13498,0.17355,0.75203,0.01928,0.21211,2.87314,0.90629,0.52064
Aging,Donor_338,male,46,No,No,47,1.26318,0.69475,1.89476,8.46328,1.76845,0.50527,1.01054,0.37895,0.25264,0.75791,0.63159,0.06316,2.84215,0.37895,0.63159
Aging,Donor_346,male,22,No,No,96,0.58404,0.31857,1.75211,10.96395,0.69022,0.45130,0.50439,0.21238,0.37166,0.37166,0.29202,0.15928,3.15910,0.84951,0.71677
Aging,Donor_349,female,30,No,No,140,0.64322,0.91405,1.45571,5.70434,2.53902,1.32029,0.96483,0.13541,0.15234,1.25259,8.10795,0.05078,0.16927,0.10156,0.06771
Aging,Donor_361,female,56,No,No,97,0.70962,0.85815,1.12219,0.99017,3.33358,0.79214,0.49509,0.34656,0.09902,1.46875,7.80585,0.01650,0.04951,0.03301,0.00000
Aging,Donor_364,male,28,No,No,85,0.76241,0.45745,1.27069,7.06502,2.69386,0.71158,1.11820,0.25414,0.25414,0.55910,0.60993,0.10165,2.43972,0.86407,0.71158
Aging,Donor_37,male,63,No,No,178,1.15383,1.00563,1.71487,11.46424,1.37613,0.59280,0.50811,0.07410,0.19054,0.55045,0.35991,0.14820,3.12276,0.59280,0.57162
Aging,Donor_370,female,49,No,No,30,0.74902,0.34046,1.08949,2.38325,2.85991,1.49805,1.02139,0.27237,0.40856,1.77042,11.23534,0.00000,0.00000,0.00000,0.00000
Aging,Donor_402,male,55,No,No,51,0.79780,1.01260,1.53424,13.99224,1.90245,1.01260,0.61369,0.06137,0.36822,0.73643,0.33753,0.06137,4.14244,0.70575,0.79780
Aging,Donor_412,male,19,No,No,43,0.92552,1.02294,2.09460,5.89410,2.72785,1.36392,1.21779,0.48712,0.43840,0.48712,0.29227,0.29227,2.67914,0.48712,0.68196
Aging,Donor_415,female,63,No,No,20,0.96847,0.96847,1.50651,4.19671,1.82933,1.18369,0.53804,0.43043,0.32282,0.64565,9.14667,0.00000,0.00000,0.00000,0.00000
Aging,Donor_449,female,2,No,No,315,0.22623,0.19538,2.43713,4.00019,2.65308,0.50388,0.51416,0.20567,0.23652,0.47303,9.99533,0.02057,0.15425,0.08227,0.03085
Aging,Donor_456,male,58,No,No,37,0.96415,0.44994,2.44252,7.32756,2.57107,2.05686,2.76390,0.51421,0.19283,0.70705,0.19283,0.44994,2.95674,0.38566,0.44994
Aging,Donor_462,female,60,No,No,336,0.87408,0.85123,1.10831,5.46158,1.62248,0.45132,0.33135,0.11997,0.14282,1.40539,10.11192,0.01143,0.03999,0.00571,0.00000
Aging,Donor_472,male,27,No,No,89,0.77836,0.21228,0.63684,1.80438,2.05204,0.74298,0.81374,0.28304,0.17690,1.80438,0.45994,0.07076,1.69824,1.34444,0.49532
Aging,Donor_483,female,79,No,No,29,0.65683,0.98524,1.31365,2.38099,3.94095,2.29889,1.72417,0.49262,0.41052,1.47786,7.38928,0.00000,0.08210,0.00000,0.16421
Aging,Donor_486,male,51,No,No,22,0.85915,0.38184,1.14553,5.91857,1.81376,1.33645,1.14553,0.38184,0.28638,0.57276,0.38184,0.28638,3.91389,1.71830,0.38184
Aging,Donor_494,female,26,No,No,348,0.85183,0.89567,1.97925,11.42453,1.61597,0.78293,0.82051,0.18164,0.18790,0.60129,10.61028,0.03132,0.15659,0.04384,0.04384
Aging,Donor_503,female,6,No,No,187,0.00929,0.00000,2.69509,0.60407,1.81222,0.65054,0.97581,0.15799,0.21375,0.51114,11.97923,0.01859,0.11152,0.09293,0.12081
Aging,Donor_514,male,23,No,No,63,0.49574,0.41312,1.65248,7.02302,3.18102,3.30495,1.52854,0.49574,0.12394,1.15673,0.12394,0.41312,2.60265,1.19805,0.41312
Aging,Donor_52,male,42,No,No,94,0.94420,0.84481,1.76415,9.49165,1.83870,0.72057,0.57149,0.07454,0.12424,0.67088,0.57149,0.24847,3.10591,0.69572,0.69572
Aging,Donor_523,male,32,No,No,33,1.64138,1.16485,2.70034,4.28878,3.01803,1.64138,0.90011,0.47653,0.15884,0.90011,1.21780,0.31769,2.75329,0.74127,0.10590
Aging,Donor_537,male,20,No,No,36,1.64501,0.92796,1.26540,1.64501,1.98245,0.92796,1.13886,0.37962,0.16872,0.67488,0.04218,0.33744,2.99477,0.59052,0.67488
Aging,Donor_563,male,55,No,No,98,0.85934,0.61109,2.11970,7.94412,1.35585,0.59199,0.36283,0.03819,0.26735,0.49651,0.74476,0.17187,3.51374,0.70657,0.76386
Aging,Donor_565,male,62,No,No,24,1.84271,0.81898,2.66170,5.73289,1.02373,0.61424,1.22848,0.61424,0.40949,0.20475,0.00000,0.40949,3.07119,1.22848,1.02373
Aging,Donor_567,female,17,No,No,69,1.28041,0.79385,1.74135,6.01791,2.43277,0.92189,0.69142,0.10243,0.20487,0.38412,10.52494,0.05122,0.10243,0.02561,0.00000
Aging,Donor_594,male,3,No,No,37,0.00000,0.00000,2.86025,0.31781,1.90684,0.95342,1.11232,0.15890,0.07945,0.39726,0.15890,0.15890,1.98629,0.63561,0.71506
Aging,Donor_6,male,18,No,No,164,0.86918,0.62376,1.94287,10.44034,1.69745,0.58286,0.74647,0.10226,0.23519,0.51128,0.26587,0.21474,2.93475,0.78737,0.57263
Aging,Donor_611,male,45,No,No,394,0.96875,1.07287,1.55725,7.83604,1.96014,0.62924,0.54775,0.11317,0.20824,0.52965,0.50248,0.25351,3.16429,0.76504,0.57491
Aging,Donor_627,male,66,No,No,27,2.69019,1.55748,0.70794,12.03506,5.09720,0.99112,1.69907,0.00000,0.00000,0.42477,1.13271,0.14159,1.55748,1.13271,0.56636
Aging,Donor_631,male,16,No,No,232,0.83032,0.66807,1.26933,5.49727,1.98512,1.20253,0.62990,0.22905,0.24814,1.20253,0.33404,0.19088,2.72000,0.94484,0.55354
Aging,Donor_637,male,49,No,No,44,0.57629,0.91246,0.81641,3.88995,4.89845,2.83342,1.05653,0.33617,0.19210,2.59330,0.38419,0.24012,3.16959,0.62431,0.86443
Aging,Donor_646,male,58,No,No,73,0.84506,0.69593,1.39187,9.61880,1.86411,0.42253,0.57166,0.09942,0.22369,0.52195,0.74564,0.14913,3.30569,0.84506,0.62137
Aging,Donor_648,male,4,No,No,114,0.01564,0.00000,1.34461,0.34397,2.73613,0.64104,1.09445,0.60977,0.10945,1.39152,0.23453,0.40651,2.53288,1.25080,0.51596
Aging,Donor_650,male,73,No,No,70,1.65381,1.79762,1.51000,8.77237,2.62452,1.00667,0.79095,0.43143,0.32357,0.75500,0.28762,0.32357,4.49404,0.57524,0.46738
Aging,Donor_651,male,69,No,No,27,1.50689,1.36990,1.50689,4.24669,3.42475,1.23291,0.82194,0.54796,0.41097,0.82194,0.41097,0.27398,2.19184,0.54796,0.41097
Aging,Donor_663,male,38,No,No,102,1.05122,0.73809,1.96824,6.55334,2.70633,1.02885,0.64862,0.38023,0.22366,0.60389,0.62626,0.38023,3.15366,0.62626,0.96175
Aging,Donor_666,male,24,No,No,61,0.74781,0.48770,1.65819,5.65734,1.72321,1.04043,0.94289,0.35765,0.06503,0.94289,0.06503,0.26011,3.08878,0.97540,0.45519
Aging,Donor_668,female,51,No,No,41,0.69010,0.77636,1.68211,14.01762,4.09746,0.64697,0.64697,0.17252,0.21566,0.81949,10.43774,0.00000,0.04313,0.00000,0.17252
Aging,Donor_672,male,57,No,No,29,0.85466,0.65743,1.64357,3.22140,3.61585,1.57783,1.57783,0.52594,0.06574,1.05188,0.52594,0.26297,2.82694,1.24911,1.05188
Aging,Donor_675,female,53,No,No,96,0.81179,0.60133,1.32292,4.50996,1.44319,1.38306,0.99219,0.18040,0.27060,0.72159,7.00548,0.06013,0.15033,0.09020,0.03007
Aging,Donor_676,male,36,No,No,28,1.28755,1.51476,1.59050,8.86135,2.19640,0.68164,1.21181,0.30295,0.00000,0.68164,0.00000,0.30295,2.72657,0.75738,0.75738
Aging,Donor_696,male,31,No,No,56,1.14066,0.76044,2.05952,8.36481,4.11903,1.20403,0.91886,0.57033,0.41190,0.98223,0.03168,0.50696,2.12289,1.23571,0.60201
Aging,Donor_697,male,65,No,No,20,0.53459,0.53459,1.73742,1.20283,5.81368,1.73742,0.86871,0.40094,0.53459,0.93554,0.13365,0.26730,1.60377,0.33412,0.40094
Aging,Donor_701,female,2,No,No,213,0.16767,0.10849,2.36714,1.44001,2.97865,1.05535,0.72001,0.32548,0.21699,0.79891,10.20830,0.03945,0.25644,0.04932,0.01973
Aging,Donor_715,male,30,No,No,171,1.87438,0.95281,1.96810,7.66936,1.29645,0.74975,0.84347,0.18744,0.21868,0.43736,0.51546,0.20306,2.65538,0.67165,0.74975
Aging,Donor_718,male,69,No,No,22,0.17872,0.35745,0.89362,2.23404,4.91488,1.78723,1.42978,1.07234,0.17872,1.25106,1.07234,0.53617,2.94893,1.60851,0.26808
Aging,Donor_727,female,67,No,No,24,1.42047,0.79901,1.59803,11.36374,0.71023,0.71023,0.62145,0.26634,0.17756,0.53268,9.76571,0.00000,0.08878,0.08878,0.17756
Aging,Donor_734,female,2,No,No,381,0.03525,0.07051,2.01447,1.18854,1.80295,0.75543,0.50362,0.29713,0.12087,1.63675,9.89607,0.00504,0.04533,0.00000,0.01007
Aging,Donor_737,female,30,No,No,138,0.75170,1.00838,1.85175,8.63540,1.48507,1.48507,0.95338,0.38502,0.18334,0.53169,10.12047,0.05500,0.11001,0.05500,0.07334
Aging,Donor_738,female,80,No,No,29,0.68028,0.40817,1.22450,0.74830,2.31294,2.44900,2.31294,1.08844,0.27211,2.38097,5.03405,0.00000,0.13606,0.00000,0.00000
Aging,Donor_746,male,51,No,No,62,1.02810,1.09515,1.16220,7.48726,1.11750,0.78225,0.58110,0.17880,0.22350,0.53640,0.13410,0.20115,3.75480,0.69285,0.44700
Aging,Donor_751,male,23,No,No,466,0.94813,0.88519,2.22673,3.89482,1.58547,0.62160,0.41309,0.11802,0.21244,0.63733,0.85765,0.16523,3.04111,0.68848,0.65307
Aging,Donor_752,male,20,No,No,404,0.41370,0.49377,1.91501,8.24057,1.58139,0.50711,0.38033,0.11343,0.20685,0.65391,0.27357,0.11343,3.03600,0.96752,0.64056
Aging,Donor_777,male,61,No,No,26,0.63266,0.77325,2.17915,8.85721,2.88211,0.77325,0.98413,0.07030,0.28118,0.98413,0.77325,0.28118,2.67122,0.77325,0.49207
Aging,Donor_781,male,15,No,No,78,0.98630,1.13424,1.62739,7.47121,1.77534,0.78904,0.96164,0.41918,0.19726,0.66575,0.22192,0.39452,2.49040,0.76438,0.59178
Aging,Donor_799,male,55,No,No,152,0.85660,1.14964,2.50216,8.81393,2.62615,0.76643,0.47338,0.05636,0.20288,0.45084,0.78897,0.23669,3.23478,0.55228,0.54101
Aging,Donor_804,female,15,No,No,105,1.30878,1.33994,2.35268,11.74784,1.41784,0.54532,0.60765,0.14023,0.21813,0.56090,12.24642,0.01558,0.17139,0.03116,0.01558
Aging,Donor_805,male,42,No,No,78,0.77376,0.93496,1.54752,5.64199,1.19288,0.90272,0.64480,0.00000,0.25792,1.03168,0.29016,0.19344,3.54640,0.64480,1.06392
Aging,Donor_81,male,48,No,No,50,0.42389,0.30278,1.39277,2.24054,4.05719,1.75610,0.36333,0.48444,0.36333,0.96888,0.18167,0.30278,2.90664,0.78722,0.96888
Aging,Donor_822,male,14,No,No,72,0.64156,0.84416,1.55325,6.98961,1.35065,0.67532,0.64156,0.16883,0.10130,2.36364,0.40519,0.16883,2.90389,0.94545,0.60779
Aging,Donor_83,female,6,No,No,21,0.91878,1.28629,2.66446,8.17714,1.01066,1.01066,1.10254,0.45939,0.36751,0.27563,11.57663,0.00000,0.00000,0.09188,0.00000
Aging,Donor_830,male,52,No,No,65,0.72529,0.97914,1.16046,4.49679,1.92202,0.94288,0.72529,0.25385,0.39891,1.01541,0.25385,0.32638,2.50225,0.79782,0.50770
Aging,Donor_839,female,76,No,No,135,0.65548,0.28092,1.24073,1.91962,4.61176,1.56847,1.19391,0.84276,0.32774,1.61529,7.95938,0.04682,0.21069,0.02341,0.04682
Aging,Donor_84,male,27,No,No,71,0.72969,0.45606,1.73302,7.88978,1.50499,0.86651,0.91211,0.50166,0.13682,0.82090,0.68409,0.31924,3.05558,0.41045,0.45606
Aging,Donor_871,male,28,No,No,31,0.75661,0.94576,0.85118,8.22812,1.70237,1.22949,1.22949,0.18915,0.09458,0.66203,0.00000,0.18915,2.17525,1.04034,0.94576
Aging,Donor_899,male,35,No,No,65,1.13794,0.39390,1.26924,1.79444,2.10081,0.74404,0.96287,0.26260,0.21883,0.65650,0.30637,0.17507,2.75732,0.74404,0.39390
Aging,Donor_907,male,35,No,No,64,0.74125,0.87362,1.03246,3.12384,1.77371,0.50299,0.47652,0.07942,0.10589,1.03246,0.90009,0.13237,2.88558,0.74125,0.47652
Aging,Donor_908,male,40,No,No,29,0.82095,0.46178,2.05238,5.84927,2.46285,1.43666,0.41048,0.15393,0.30786,0.87226,0.30786,0.66702,4.87439,1.33404,1.07750
Aging,Donor_909,male,71,No,No,22,0.40242,0.67070,2.14624,8.85324,2.68280,0.93898,0.80484,0.00000,0.40242,0.53656,1.87796,0.00000,2.28038,0.13414,0.26828
Aging,Donor_912,male,83,No,No,23,0.82610,0.30979,1.44568,1.44568,2.37505,1.85874,1.44568,0.41305,0.41305,1.13589,0.41305,0.10326,2.68484,0.82610,0.61958
Aging,Donor_915,male,29,No,No,289,0.93844,0.83153,1.94816,10.75053,1.42548,0.95032,1.27106,0.34449,0.22570,0.49892,0.26134,0.17819,2.49460,0.65335,0.59395
Aging,Donor_922,female,54,No,No,132,1.41614,0.78823,1.72342,11.60972,1.95054,1.29591,0.92183,0.25384,0.32064,0.78823,10.31381,0.02672,0.04008,0.00000,0.01336
Aging,Donor_93,male,31,No,No,120,0.98640,0.87035,1.13146,7.39799,1.76972,0.92838,0.78332,0.14506,0.05802,0.29012,0.75431,0.26111,2.64007,0.75431,0.69628
Aging,Donor_934,female,40,No,No,82,0.99590,0.99590,1.35442,6.81193,2.50966,0.91623,1.47393,0.19918,0.03984,1.27475,7.17046,0.00000,0.07967,0.03984,0.03984
Aging,Donor_950,male,16,No,No,223,0.81696,0.75547,2.04678,8.78448,1.80082,0.49193,0.44801,0.13177,0.13177,0.58856,0.63248,0.22840,3.37324,1.01900,0.67641
Aging,Donor_957,male,31,No,No,28,0.14203,0.28406,2.05943,0.28406,10.15510,1.84638,0.42609,0.28406,0.07101,1.56232,1.77537,0.35507,2.05943,0.85218,0.42609
Aging,Donor_959,female,23,No,No,164,0.45548,0.59562,0.99855,7.67305,4.81755,1.19125,0.89344,0.28029,0.19270,1.99710,9.95044,0.00000,0.08759,0.00000,0.00000
Aging,Donor_960,female,71,No,No,20,1.13608,0.37869,1.60945,2.65086,2.74554,0.85206,1.04141,0.47337,0.28402,0.66272,7.57389,0.00000,0.28402,0.00000,0.00000
Aging,Donor_961,male,83,No,No,137,0.98717,0.66444,1.74654,3.32222,1.40482,1.08209,0.51257,0.17086,0.28476,1.02514,0.43663,0.30375,3.13237,0.75936,0.56952
Aging,Donor_976,male,50,No,No,87,1.44297,1.57220,2.73519,8.89475,1.48605,0.75379,0.64611,0.23691,0.45228,0.47381,0.47381,0.12922,2.30445,0.47381,0.60303
Aging,Donor_989,male,41,No,No,23,0.43996,0.87991,1.20988,3.29968,2.63974,1.42986,0.54995,0.76992,0.10999,0.87991,0.10999,0.10999,1.86982,0.65994,0.54995
Aging,Donor_99,male,51,No,No,74,0.65170,0.97754,1.57493,7.00573,1.19478,0.59739,0.54308,0.05431,0.24439,0.38016,0.43446,0.21723,2.93263,0.81462,0.40731
Aging,Donor_992,female,57,No,No,55,1.12256,0.84192,1.21610,1.77738,3.04025,1.40319,1.40319,0.04677,0.00000,1.73061,6.26760,0.09355,0.14032,0.00000,0.14032
HBCC,Donor_100,female,21,No,No,150,0.91933,0.66725,2.41694,7.29530,2.40211,1.09726,0.99347,0.16311,0.13345,0.60794,9.14878,0.02966,0.05931,0.00000,0.04448
HBCC,Donor_1000,male,50,No,No,129,0.79331,0.89502,1.99345,5.32942,0.87468,0.50853,0.24410,0.10171,0.18307,0.67126,0.87468,0.38648,3.09188,0.67126,0.61024
HBCC,Donor_1009,male,48,No,No,42,0.75876,0.59902,1.31785,7.30807,3.67400,1.47759,1.51752,0.35941,0.15974,0.75876,0.19967,0.07987,2.71557,1.51752,0.43928
HBCC,Donor_1010,male,30,No,Yes,100,0.93572,0.95185,2.27476,6.27576,2.87169,1.01638,0.80665,0.30653,0.20973,0.45173,0.16133,0.30653,2.69422,1.09705,0.64532
HBCC,Donor_1013,female,54,No,No,132,1.53631,1.06027,2.17464,4.70631,1.03863,0.45440,0.32457,0.07573,0.17311,0.42195,10.15914,0.02164,0.08655,0.02164,0.02164
HBCC,Donor_1028,female,63,No,Yes,194,1.00070,0.82411,2.22215,3.69377,1.01542,0.75053,0.54450,0.11773,0.36791,0.55922,9.13876,0.01472,0.01472,0.02943,0.01472
HBCC,Donor_1029,male,44,No,No,214,0.89615,0.77577,1.59167,6.71443,3.53109,0.60189,0.76239,0.22738,0.09363,0.65539,0.53501,0.24076,3.02283,0.69552,0.69552
HBCC,Donor_1088,male,48,No,No,149,0.92603,0.97747,1.71487,6.51649,2.10928,0.77169,0.84028,0.25723,0.25723,0.72024,0.00000,0.39442,2.72664,0.80599,0.77169
HBCC,Donor_1092,male,14,No,No,60,0.06413,0.38479,2.05220,7.18271,7.88815,1.28263,1.21850,0.44892,0.00000,1.34676,0.00000,0.38479,3.52722,1.60328,0.96197
HBCC,Donor_1096,female,32,No,Yes,24,0.42987,0.10747,2.25680,3.11654,3.86880,1.71947,0.75227,0.10747,0.10747,0.96720,7.84508,0.10747,0.32240,0.10747,0.00000
HBCC,Donor_1100,male,43,No,No,242,0.80380,0.82593,1.71822,5.67086,1.72559,0.79643,0.61207,0.16224,0.15486,1.26101,0.68581,0.19173,2.89074,0.81118,0.53095
HBCC,Donor_111,male,56,No,No,453,0.98842,0.77572,1.36376,11.34801,1.76413,0.78406,0.51298,0.08758,0.25857,1.17192,0.19601,0.23772,3.33225,0.97590,0.59222
HBCC,Donor_1113,female,16,No,No,66,0.70908,0.58395,1.37646,7.59137,1.66843,0.62566,1.08448,0.25026,0.20855,1.25132,9.00953,0.00000,0.04171,0.00000,0.00000
HBCC,Donor_1114,female,35,Yes,Yes,20,0.74806,0.37403,1.30910,5.23639,2.61819,1.96364,0.74806,0.28052,0.09351,1.49611,9.81822,0.00000,0.00000,0.00000,0.00000
HBCC,Donor_1117,male,40,No,No,20,0.94403,0.62935,1.46849,4.40547,1.25871,0.31468,0.83914,0.10489,0.10489,0.31468,0.20978,0.10489,2.83209,1.46849,0.31468
HBCC,Donor_1119,female,44,Yes,Yes,21,0.14986,0.29972,0.44958,0.89916,2.09804,1.49860,0.44958,0.14986,0.14986,1.79832,7.34313,0.00000,0.00000,0.00000,0.00000
HBCC,Donor_1125,female,13,No,No,115,1.54307,1.20016,2.24792,5.67696,1.80977,1.60022,1.54307,0.34290,0.17145,0.30480,7.33433,0.07620,0.09525,0.01905,0.01905
HBCC,Donor_1132,male,12,No,No,480,0.67709,0.80383,1.78111,5.43005,2.34479,0.59037,0.73379,0.15343,0.20012,0.75047,0.28351,0.22681,2.57827,1.01063,0.46362
HBCC,Donor_1136,male,50,No,No,77,1.18557,1.25531,1.67375,9.58917,1.32505,0.76713,0.73226,0.27896,0.27896,0.41844,0.83687,0.34870,3.34749,0.38357,0.73226
HBCC,Donor_1137,male,61,No,No,72,1.05763,0.86533,1.76271,8.68537,2.08321,0.80123,0.54484,0.12820,0.16025,0.99353,0.41664,0.03205,3.84592,0.76918,0.54484
HBCC,Donor_1139,female,10,No,No,29,0.23231,0.23231,2.43928,8.01478,4.06547,1.85850,1.62619,0.46462,0.34847,0.58078,10.22174,0.00000,0.69694,0.00000,0.11616
HBCC,Donor_1144,male,16,No,No,101,0.34494,0.20291,0.81163,1.94790,3.40883,1.86674,1.90732,0.73046,0.18262,1.66383,0.02029,0.32465,3.69290,1.56238,0.60872
HBCC,Donor_1152,male,18,No,No,246,1.19975,1.34829,2.22811,9.12954,1.32544,0.68557,0.71985,0.13711,0.21710,0.47990,0.38849,0.17139,2.76514,0.68557,0.41134
HBCC,Donor_1153,female,36,Yes,No,32,1.72683,1.12244,1.29512,12.77856,1.46781,1.12244,0.60439,0.17268,0.08634,0.86342,10.62002,0.00000,0.34537,0.08634,0.08634
HBCC,Donor_1157,male,50,No,No,153,1.01361,0.79822,1.40639,8.71707,1.63445,0.45613,0.79822,0.13937,0.25340,0.46880,0.11403,0.13937,3.81372,0.68419,0.59550
HBCC,Donor_116,male,74,Yes,No,86,1.82392,0.76657,0.87231,0.26434,3.80643,2.72266,2.40545,0.52867,0.15860,1.29524,0.39650,0.52867,2.29972,0.79301,0.47580
HBCC,Donor_1171,male,4,No,No,33,0.04332,0.00000,0.51986,0.04332,9.40086,0.43322,0.51986,0.30325,0.17329,0.64983,0.00000,0.34658,2.85925,1.25634,0.43322
HBCC,Donor_1174,male,42,No,No,25,1.55289,1.08702,2.09640,10.01615,1.70818,1.16467,1.55289,0.31058,0.15529,0.85409,0.23293,0.46587,3.72694,0.62116,0.69880
HBCC,Donor_1178,male,53,No,No,150,0.80088,1.20131,2.25510,9.27329,1.87573,0.61119,0.61119,0.18968,0.31613,0.54797,0.44259,0.12645,3.45641,0.82195,0.92733
HBCC,Donor_1183,female,61,No,No,89,1.46892,0.62565,1.93135,6.01167,2.36659,0.89767,1.22410,0.29922,0.29922,0.78886,9.95599,0.05440,0.05440,0.02720,0.05440
HBCC,Donor_1185,female,26,No,No,76,0.68313,0.91083,1.00192,6.74017,1.86721,0.91083,1.13854,0.13663,0.04554,0.54650,8.28859,0.00000,0.04554,0.00000,0.13663
HBCC,Donor_1187,male,51,No,No,29,0.91290,0.47335,1.82579,5.91692,1.82579,0.94671,0.54098,0.13524,0.13524,2.19771,0.23668,0.40573,3.38110,2.06247,0.13524
HBCC,Donor_1189,female,44,No,Yes,71,1.16117,0.77412,2.20623,10.29575,1.81917,1.00635,1.04506,0.38706,0.07741,0.77412,10.91504,0.03871,0.11612,0.03871,0.15482
HBCC,Donor_1191,male,57,Yes,Yes,120,0.49986,0.29621,2.42524,3.77671,2.27713,0.87012,0.72202,0.14811,0.18513,0.81458,0.27770,0.22216,2.79550,0.33324,0.53688
HBCC,Donor_1193,female,42,No,Yes,162,0.55631,0.63579,1.28747,9.52089,1.12852,0.61989,0.41326,0.04768,0.25431,0.36558,11.82561,0.01589,0.09537,0.03179,0.03179
HBCC,Donor_1194,male,13,No,No,134,0.46348,0.60252,1.92343,9.75619,2.61864,0.78791,0.64887,0.18539,0.16222,0.50982,0.53300,0.16222,3.08212,0.95013,0.88061
HBCC,Donor_1195,female,65,No,No,35,1.49268,1.30609,2.23901,9.08045,1.49268,0.87073,0.87073,0.12439,0.37317,0.24878,10.63532,0.00000,0.55975,0.00000,0.06219
HBCC,Donor_1196,male,18,No,Yes,201,1.11768,0.97091,2.06601,8.88496,1.20799,0.44030,0.39514,0.11290,0.33869,0.63222,0.31611,0.14677,3.09336,0.62093,0.72254
HBCC,Donor_1200,female,57,No,No,130,0.29967,0.56188,1.14873,6.04331,2.02276,0.64928,0.46199,0.22475,0.09989,1.59823,12.11159,0.01249,0.18729,0.04994,0.04994
HBCC,Donor_1201,male,41,No,No,238,1.01565,0.74530,2.55740,8.27865,0.89143,0.44572,0.41649,0.06576,0.17536,0.59185,0.53340,0.18998,3.26616,0.50417,0.61377
HBCC,Donor_1204,male,18,No,No,79,0.76617,1.09929,1.39909,7.06208,2.73156,0.63292,0.23318,0.03331,0.19987,0.39974,0.00000,0.26649,3.29786,0.59961,0.69955
HBCC,Donor_1205,male,53,Yes,No,243,0.87987,0.41530,0.66166,2.80151,1.19663,1.66824,1.09104,0.28156,0.16190,1.55562,0.48569,0.19709,4.13892,1.10512,0.58424
HBCC,Donor_1208,male,2,No,No,58,0.00000,0.00000,2.30288,0.24674,2.94028,0.67853,0.96639,0.34954,0.32898,0.84302,0.12337,0.43179,2.61130,1.02807,0.57572
HBCC,Donor_1209,male,42,Yes,No,79,0.67398,0.38513,1.95774,6.06578,1.18748,0.67398,0.60979,0.12838,0.19256,0.70607,0.73816,0.28885,3.14522,0.73816,0.44932
HBCC,Donor_1211,male,18,No,No,237,1.20258,1.08596,2.17193,11.53018,0.95477,0.45188,0.43001,0.12390,0.21865,0.49561,0.28425,0.18221,3.56400,0.61951,0.81630
HBCC,Donor_1216,male,37,No,Yes,129,0.75705,0.53198,1.06396,6.09729,1.14580,1.37087,1.02303,0.24553,0.12276,0.61382,0.10230,0.32737,3.39647,1.02303,0.57290
HBCC,Donor_1229,female,56,Yes,No,225,0.41335,0.71303,2.05643,0.86804,4.05085,0.69237,0.66136,0.32035,0.12401,2.81080,8.84574,0.01033,0.07234,0.02067,0.06200
HBCC,Donor_1230,male,37,No,No,62,1.31983,1.05586,2.34930,7.68140,1.37262,0.60712,0.76550,0.10559,0.15838,0.34316,0.47514,0.21117,3.14119,0.95028,0.68631
HBCC,Donor_1235,male,15,No,No,165,1.26695,0.76454,1.74752,8.45362,1.46355,1.04851,1.24511,0.17475,0.26213,0.54610,0.43688,0.28397,2.38099,0.76454,0.78638
HBCC,Donor_1242,female,26,No,No,228,0.41429,0.35780,1.79841,3.16370,3.40851,1.07340,1.16756,0.40488,0.11299,1.29938,9.40635,0.00942,0.10357,0.00942,0.02825
HBCC,Donor_1264,female,54,Yes,No,256,1.16022,1.81470,0.78092,1.47259,0.99660,0.64705,0.95941,0.26774,0.10412,2.66999,13.40201,0.04462,0.21568,0.04462,0.02975
HBCC,Donor_1293,male,36,No,No,71,0.68941,0.64632,1.46499,9.82403,1.89587,0.94793,1.12028,0.04309,0.30161,0.30161,0.64632,0.21544,3.79173,0.64632,0.86176
HBCC,Donor_1294,female,32,Yes,No,84,1.02643,1.47706,1.02643,2.25315,1.95273,1.17664,1.55217,0.57580,0.22531,2.90406,9.18784,0.05007,0.05007,0.02503,0.02503
HBCC,Donor_1299,male,54,No,No,47,2.20638,0.90056,1.66604,8.96061,3.37712,1.26079,1.12571,0.45028,0.31520,0.90056,0.22514,0.22514,3.60226,0.72045,0.49531
HBCC,Donor_1305,male,46,No,No,277,1.45587,1.36092,2.08886,12.18502,1.51917,1.23433,1.07608,0.21100,0.28484,0.60134,0.12660,0.20045,2.95394,0.75959,0.73849
HBCC,Donor_1308,male,14,No,No,27,0.46048,0.57561,1.38145,5.64094,0.69073,0.46048,0.57561,0.11512,0.23024,0.34536,0.57561,0.11512,3.56876,0.46048,0.23024
HBCC,Donor_1310,male,22,No,No,70,0.61463,0.79024,1.64633,8.99995,1.55853,0.50488,0.59268,0.19756,0.10976,0.68048,0.65853,0.21951,3.66583,0.74634,0.39512
HBCC,Donor_1313,male,36,No,No,42,1.23268,0.85751,1.39346,10.02219,1.01830,0.64314,0.96470,0.21438,0.10719,0.53595,0.53595,0.26797,2.62613,0.42876,0.64314
HBCC,Donor_1317,male,34,No,No,167,1.11658,0.60538,2.09864,7.46630,3.78024,0.73990,0.63228,0.17489,0.28251,0.51121,0.34977,0.21524,2.85199,0.51121,0.63228
HBCC,Donor_1319,female,2,No,No,200,0.64762,0.68810,2.21271,1.20080,2.42859,1.51112,0.87699,0.40476,0.18889,0.71508,6.92148,0.05397,0.08095,0.01349,0.01349
HBCC,Donor_1325,male,31,Yes,No,73,0.67859,0.73759,1.77022,10.17879,1.62271,0.79660,0.50156,0.17702,0.20653,0.41305,0.23603,0.20653,2.95037,1.03263,0.38355
HBCC,Donor_1326,female,4,No,No,109,0.02453,0.00000,1.66780,0.88295,2.52623,0.85843,1.15274,0.34337,0.26979,0.73579,9.98227,0.02453,0.00000,0.00000,0.00000
HBCC,Donor_1330,female,15,No,No,118,0.70822,0.50587,1.41644,5.56457,3.23757,0.84312,0.97801,0.26980,0.26980,0.94429,10.15112,0.00000,0.16862,0.13490,0.10117
HBCC,Donor_1334,male,13,No,No,134,1.08116,1.38464,1.57432,10.60297,2.33303,0.83458,0.72077,0.20865,0.22761,0.58800,0.36039,0.34142,3.14864,0.91045,0.77768
HBCC,Donor_1337,male,40,No,No,81,1.05140,0.88712,2.26708,6.20983,1.24854,0.65713,0.98569,0.26285,0.19714,0.65713,1.05140,0.06571,2.13566,0.52570,0.65713
HBCC,Donor_1340,female,31,No,No,135,1.12918,1.12918,2.38928,7.39695,1.55467,0.76915,0.68733,0.14728,0.21274,0.42549,12.43734,0.03273,0.32730,0.03273,0.03273
HBCC,Donor_1341,male,5,No,No,78,0.46737,0.51657,1.30372,6.66621,1.77110,0.83635,1.08234,0.41818,0.14759,0.78715,0.41818,0.12299,2.50905,0.76256,0.68876
HBCC,Donor_1342,female,13,No,No,157,0.65051,0.57200,1.07670,6.86396,2.26555,1.11035,1.42438,0.49349,0.15702,1.49168,7.22286,0.01122,0.00000,0.00000,0.00000
HBCC,Donor_1343,male,37,No,No,126,0.67737,0.57042,1.19431,4.70593,2.21036,1.06953,0.71302,0.19608,0.16043,0.94475,0.01783,0.26738,3.19076,1.12301,0.44564
HBCC,Donor_1355,male,22,No,No,105,0.87665,0.82298,1.73542,10.71664,1.69963,1.62807,1.91432,0.59040,0.37571,0.30414,0.23258,0.32204,2.77309,0.76931,0.59040
HBCC,Donor_1359,female,45,No,No,82,0.86531,0.38851,0.65340,1.04191,1.60701,1.14786,0.61808,0.28255,0.15893,0.77701,10.08353,0.03532,0.03532,0.01766,0.08830
HBCC,Donor_1360,female,41,No,No,227,0.46752,0.35880,1.58740,3.40313,3.69669,1.09813,1.25035,0.22832,0.17396,1.91358,9.38307,0.02175,0.10873,0.01087,0.02175
HBCC,Donor_1364,male,24,No,No,94,1.02491,1.13879,2.27759,8.08543,1.73666,0.74022,0.39858,0.11388,0.22776,0.34164,0.22776,0.22776,2.87545,0.62634,0.68328
HBCC,Donor_1366,female,48,Yes,No,647,0.58175,0.62970,1.67493,2.61468,2.31741,1.76443,0.52421,0.24293,0.14704,0.95893,5.96773,0.02877,0.14384,0.04155,0.06712
HBCC,Donor_1376,male,45,Yes,No,20,0.83112,0.74801,1.99470,9.14236,2.65960,1.32980,0.74801,0.58179,0.24934,0.83112,0.00000,0.08311,2.82582,1.24669,0.74801
HBCC,Donor_1377,male,46,No,No,210,1.11938,1.14845,1.48281,10.83033,1.90439,1.03215,0.87224,0.26167,0.31982,1.10484,0.52334,0.11630,3.35813,0.77048,0.46520
HBCC,Donor_1378,female,38,No,No,124,1.09713,0.49548,1.84035,8.81244,1.73418,1.13252,0.60165,0.24774,0.21235,0.46009,9.87418,0.00000,0.03539,0.03539,0.00000
HBCC,Donor_138,male,24,No,No,74,0.71146,0.73992,1.42293,4.80950,1.93518,0.96759,0.73992,0.42688,0.22767,0.68301,0.51225,0.19921,2.39052,1.08143,0.31304
HBCC,Donor_1387,male,13,No,No,99,0.87172,0.87172,2.03402,5.48459,1.23494,0.36322,1.12597,0.14529,0.29057,0.69011,0.58115,0.10897,2.72413,1.12597,0.25425
HBCC,Donor_1392,male,85,No,No,47,1.63260,1.03398,0.54420,2.39448,1.46934,1.03398,0.48978,0.38094,0.16326,1.03398,0.32652,0.10884,1.74144,0.70746,0.27210
HBCC,Donor_1397,male,39,No,Yes,80,0.80300,0.45503,1.57923,6.74518,1.41863,1.41863,0.61563,0.37473,0.29443,0.42827,0.50857,0.05353,2.73019,0.61563,0.56210
HBCC,Donor_140,male,76,No,Yes,63,0.98270,0.58068,1.47404,10.63098,1.20604,0.84869,0.71469,0.08934,0.08934,0.84869,0.44668,0.04467,2.76941,0.75936,0.53602
HBCC,Donor_1400,male,3,No,No,101,0.09014,0.14165,2.06040,0.34769,8.65368,3.50268,1.49379,0.86279,0.27043,1.14610,0.25755,0.54086,1.90587,0.94006,0.46359
HBCC,Donor_1402,male,60,No,Yes,72,1.25731,0.90526,1.55906,8.80113,1.76023,0.80468,0.65380,0.10058,0.20117,0.65380,1.00584,0.10058,2.56490,0.30175,0.35205
HBCC,Donor_1405,male,52,No,No,34,0.78035,0.46821,1.71678,10.22264,2.41910,1.17053,0.85839,0.23411,0.00000,0.62428,0.23411,0.15607,3.27749,0.78035,0.46821
HBCC,Donor_1406,female,13,No,No,229,0.82054,0.75601,2.27724,8.28841,1.46591,0.43332,0.61771,0.12907,0.23049,0.49786,12.92586,0.00922,0.06454,0.00922,0.01844
HBCC,Donor_1408,male,57,No,Yes,303,0.52166,0.55264,1.45134,6.56976,1.61662,0.60946,0.38220,0.11879,0.27890,1.15177,0.49583,0.14462,3.74972,0.97100,0.46484
HBCC,Donor_1410,female,60,Yes,No,57,1.16518,0.35462,0.75990,2.38102,5.87657,1.92508,1.16518,0.55726,0.15198,2.12772,11.19588,0.00000,0.00000,0.00000,0.00000
HBCC,Donor_1412,male,53,Yes,No,100,0.93895,1.17368,1.24075,3.85638,2.85037,1.30782,1.74376,0.80481,0.23474,0.80481,0.20120,0.43594,2.61563,0.46947,0.26827
HBCC,Donor_1417,male,31,No,No,38,1.06055,1.06055,1.91715,6.64886,2.12111,1.22372,1.22372,0.04079,0.04079,0.53028,0.57107,0.32632,3.38561,0.97897,0.24474
HBCC,Donor_142,male,55,Yes,No,46,1.52433,1.28044,1.58531,8.23141,2.19504,2.01212,1.64628,0.18292,0.48779,0.67071,0.24389,0.48779,2.68283,0.97557,0.91460
HBCC,Donor_1435,male,44,No,No,35,1.42903,0.78366,1.38293,5.39345,1.79781,1.24464,1.19854,0.32268,0.32268,0.78366,0.46098,0.04610,3.08855,0.55317,0.59927
HBCC,Donor_1437,male,48,No,No,95,1.06072,1.00586,2.96270,5.28532,5.26703,1.95685,0.62180,0.31090,0.31090,0.93270,0.49378,0.29261,2.81640,0.43892,0.60351
HBCC,Donor_1447,female,16,No,No,69,0.66236,0.48403,0.48403,4.86582,2.11447,0.96807,1.14640,0.71331,0.17833,0.99354,9.42593,0.00000,0.05095,0.00000,0.02548
HBCC,Donor_1453,male,65,No,No,84,1.47273,1.20974,2.31429,6.60099,2.23539,0.65747,0.73637,0.21039,0.13149,0.49968,0.57857,0.15779,2.26169,0.60487,0.31559
HBCC,Donor_1468,female,58,Yes,No,66,0.87816,1.02452,1.72704,5.15185,1.58068,0.70252,0.40981,0.05854,0.20490,0.76107,10.27442,0.00000,0.00000,0.02927,0.02927
HBCC,Donor_1470,female,22,No,Yes,72,0.87102,0.71468,1.87604,8.33050,1.27303,0.64768,0.91569,0.26801,0.11167,0.42434,8.26350,0.00000,0.11167,0.04467,0.02233
HBCC,Donor_1472,male,8,No,No,195,0.66896,0.98824,1.42915,5.18447,3.51206,0.94263,0.71458,0.21285,0.13683,1.04906,0.01520,0.22806,2.78228,1.27711,0.79059
HBCC,Donor_1476,male,4,No,No,305,0.42785,0.38953,2.04984,7.01800,1.37933,0.42146,0.47894,0.08302,0.21073,0.45339,0.41508,0.21712,3.18013,0.82377,0.58749
HBCC,Donor_1477,female,52,Yes,No,144,1.21313,1.81970,1.35871,3.63940,2.20790,0.63083,0.89772,0.19410,0.16984,0.67935,9.09850,0.02426,0.04853,0.00000,0.02426
HBCC,Donor_1484,male,16,No,No,101,0.50004,0.14287,1.71443,4.39322,2.28590,1.35725,1.89301,0.39289,0.21430,0.42861,0.14287,0.25002,2.92881,0.67863,0.67863
HBCC,Donor_1486,female,71,Yes,No,38,0.98981,1.52279,1.37051,4.49223,2.66488,2.66488,1.37051,0.07614,0.07614,0.76139,8.29920,0.07614,0.22842,0.00000,0.07614
HBCC,Donor_149,male,52,No,No,125,1.67268,0.73435,1.24431,3.18217,1.63188,1.40750,0.95873,0.61196,0.16319,1.48909,0.34678,0.36717,2.93739,0.77514,0.75475
HBCC,Donor_1494,female,40,No,No,104,1.60834,1.12096,1.52711,7.48932,2.37189,1.33216,1.23468,0.29242,0.30867,0.64983,7.21314,0.01625,0.04874,0.01625,0.01625
HBCC,Donor_161,female,39,No,Yes,25,1.73397,0.75861,1.40885,16.47268,2.38420,1.19210,1.08373,0.10837,0.54186,0.32512,11.92102,0.00000,0.21675,0.00000,0.10837
HBCC,Donor_163,female,13,No,No,527,0.36642,0.65956,1.43869,5.92063,2.82339,0.94884,1.31912,0.32785,0.10414,1.58912,8.12303,0.01929,0.13500,0.00771,0.02700
HBCC,Donor_173,male,24,No,No,53,0.70506,0.61309,2.05386,8.03151,2.20713,0.88898,1.47142,0.21458,0.21458,0.88898,0.27589,0.18393,2.69761,0.67440,0.45982
HBCC,Donor_175,male,57,No,No,135,0.98106,1.04162,1.82889,7.10967,1.32019,0.66615,0.55715,0.18168,0.18168,0.58137,0.44814,0.04845,2.77362,0.59348,0.62982
HBCC,Donor_180,male,20,No,No,190,0.73846,0.43344,1.62140,10.56315,1.44481,0.80267,1.30033,0.33712,0.25685,0.59398,0.14448,0.25685,2.69698,0.52976,0.75451
HBCC,Donor_185,male,60,Yes,No,113,0.52552,0.57557,0.85084,9.48439,2.12711,0.67567,1.00099,0.20020,0.20020,0.50050,0.27527,0.22522,2.50248,0.55055,0.45045
HBCC,Donor_20,male,40,No,No,96,1.17089,0.59445,3.31453,5.71035,2.55795,1.18891,0.82863,0.27021,0.21616,0.57644,0.48637,0.25219,2.37781,0.61247,0.66651
HBCC,Donor_204,female,59,Yes,No,22,0.44960,1.79841,1.12401,8.76726,3.22216,2.39788,0.52454,0.00000,0.29974,1.04907,9.14193,0.00000,0.14987,0.07493,0.07493
HBCC,Donor_205,female,38,No,No,35,0.26883,0.21506,1.45167,1.77426,1.23661,1.12907,0.43012,0.05377,0.10753,1.82803,7.36587,0.00000,0.21506,0.00000,0.05377
HBCC,Donor_208,male,29,No,Yes,126,0.31814,0.38177,1.81341,1.49527,3.80179,1.35210,0.54084,0.34996,0.28633,2.35425,0.52493,0.42949,3.26095,0.84308,0.84308
HBCC,Donor_211,female,48,No,No,191,1.14196,1.03490,1.65941,6.53058,1.57019,0.49961,0.23196,0.21412,0.19627,0.37471,9.06431,0.00000,0.05353,0.00000,0.03569
HBCC,Donor_213,male,46,No,No,36,1.21150,1.71629,1.86772,7.87473,1.00958,0.70671,0.35335,0.30287,0.45431,0.40383,0.75719,0.25240,4.13928,0.30287,0.85814
HBCC,Donor_217,male,29,No,Yes,30,0.51666,0.56833,1.75665,8.93826,2.37665,1.39499,0.87833,0.15500,0.15500,0.92999,0.56833,0.20666,3.30664,0.82666,0.36166
HBCC,Donor_224,male,79,No,Yes,148,0.74029,0.77731,1.72118,7.40291,1.90625,0.96238,0.74029,0.22209,0.31462,0.77731,0.37015,0.29612,2.60953,1.07342,0.75880
HBCC,Donor_226,male,50,Yes,No,43,1.21054,1.09525,2.19049,5.76445,2.30578,1.55640,1.09525,0.11529,0.17293,0.63409,0.28822,0.28822,2.47871,0.69173,0.46116
HBCC,Donor_231,female,59,No,No,70,1.17189,0.74924,0.90293,11.41153,1.82508,1.13347,1.30637,0.28817,0.19211,0.51871,10.39333,0.00000,0.05763,0.00000,0.00000
HBCC,Donor_232,female,78,No,No,166,1.14704,0.78772,1.34051,5.74900,1.46489,0.69099,0.51133,0.17966,0.15202,0.53897,9.50796,0.05528,0.37313,0.11056,0.19348
HBCC,Donor_238,male,45,No,No,201,1.23433,1.10576,2.45152,7.58600,1.38005,0.51431,0.33430,0.12858,0.23144,0.40287,0.02572,0.23144,3.19727,0.67717,0.73717
HBCC,Donor_240,male,18,No,No,139,0.52014,0.47137,1.62543,3.05580,2.40563,1.08904,0.92649,0.34134,0.26007,1.82048,0.84522,0.16254,2.63319,0.65017,0.32509
HBCC,Donor_242,male,38,No,Yes,141,1.40736,0.97128,1.80380,16.31351,1.18932,0.71359,0.53519,0.17840,0.25769,0.65413,0.45591,0.19822,3.33010,0.69377,0.71359
HBCC,Donor_246,male,42,Yes,No,36,0.84266,1.05332,1.31666,9.84859,1.89598,0.89533,0.63199,0.10533,0.26333,0.42133,0.47400,0.21066,2.05398,0.68466,0.31600
HBCC,Donor_248,female,16,No,No,32,0.76103,0.30441,2.20698,2.09282,2.66359,1.78841,1.25569,0.26636,0.26636,1.10349,7.91467,0.03805,0.07610,0.00000,0.00000
HBCC,Donor_251,female,47,Yes,Yes,64,1.38528,1.20897,1.83864,7.22864,1.88902,1.25934,0.75561,0.12593,0.32743,0.50374,11.28372,0.05037,0.17631,0.02519,0.02519
HBCC,Donor_267,male,27,No,No,44,0.70523,1.61787,1.86678,6.09814,2.24013,0.37336,0.70523,0.24890,0.41484,0.66374,0.16594,0.20742,2.90388,0.74671,0.53929
HBCC,Donor_286,male,8,No,No,382,0.75170,0.30068,1.39228,1.81715,2.09169,1.65374,0.86936,0.37258,0.11766,1.27462,0.09805,0.35951,2.62114,1.59491,0.59482
HBCC,Donor_291,female,30,No,No,106,1.03600,1.01486,1.64914,2.87543,1.26857,0.88800,1.03600,0.35943,0.21143,0.57086,7.94971,0.02114,0.02114,0.00000,0.00000
HBCC,Donor_295,male,40,No,Yes,131,1.08792,0.96100,1.28737,12.47482,1.43243,0.50770,0.56209,0.10879,0.19945,0.63462,0.21758,0.19945,3.22750,1.19671,0.94286
HBCC,Donor_308,male,39,Yes,No,22,1.05460,0.65913,1.18643,3.69111,1.71373,1.05460,0.79095,0.13183,0.26365,1.31825,0.00000,0.52730,1.71373,1.18643,0.92278
HBCC,Donor_313,male,58,No,No,81,0.67126,0.86869,2.30992,4.83700,1.69789,0.67126,0.78971,0.15794,0.09871,1.02663,0.19743,0.29614,2.96143,0.80946,0.65151
HBCC,Donor_314,male,25,No,No,58,1.15976,1.37278,2.05917,9.34909,1.56213,0.40237,0.63905,0.16568,0.33136,0.40237,0.16568,0.21302,3.92898,0.56805,0.82840
HBCC,Donor_316,male,3,No,No,85,0.00000,0.00000,1.73205,0.25300,2.91919,0.95360,1.12875,0.40869,0.13623,0.70061,0.50599,0.11677,2.37428,1.14822,0.36976
HBCC,Donor_321,male,35,Yes,No,100,0.50576,0.47601,1.57678,11.06724,1.90404,1.07102,0.98177,0.20825,0.26776,0.59501,0.47601,0.29751,3.21307,0.98177,0.62476
HBCC,Donor_327,male,46,No,Yes,60,0.93464,1.21503,2.14967,6.54248,2.47680,0.37386,0.56078,0.18693,0.09346,0.88791,0.46732,0.37386,2.24314,0.65425,0.23366
HBCC,Donor_330,male,23,No,No,25,0.08403,0.75627,0.75627,1.26045,4.45359,1.93269,1.26045,0.25209,0.16806,0.50418,0.33612,0.16806,3.02508,0.92433,0.42015
HBCC,Donor_331,male,36,No,Yes,32,0.82748,0.72405,1.39638,6.05098,1.13779,0.93092,1.65497,0.36202,0.36202,0.41374,0.15515,0.05172,2.48245,0.82748,0.31031
HBCC,Donor_332,male,48,No,No,160,0.71346,0.90629,2.14039,6.96109,2.25609,0.59777,0.61705,0.13498,0.17355,0.75203,0.01928,0.21211,2.87314,0.90629,0.52064
HBCC,Donor_337,female,51,No,Yes,157,0.25684,0.24079,0.96316,2.18316,2.18316,1.44474,0.46553,0.30500,0.27289,1.97447,9.15000,0.01605,0.01605,0.00000,0.01605
HBCC,Donor_338,male,46,No,No,47,1.26318,0.69475,1.89476,8.46328,1.76845,0.50527,1.01054,0.37895,0.25264,0.75791,0.63159,0.06316,2.84215,0.37895,0.63159
HBCC,Donor_342,male,54,No,Yes,126,0.96689,0.96689,1.69860,5.46164,1.72473,0.73170,0.73170,0.20906,0.07840,0.67944,0.39198,0.15679,3.16200,0.70557,0.65331
HBCC,Donor_346,male,22,No,No,96,0.58404,0.31857,1.75211,10.96395,0.69022,0.45130,0.50439,0.21238,0.37166,0.37166,0.29202,0.15928,3.15910,0.84951,0.71677
HBCC,Donor_349,female,30,No,No,140,0.64322,0.91405,1.45571,5.70434,2.53902,1.32029,0.96483,0.13541,0.15234,1.25259,8.10795,0.05078,0.16927,0.10156,0.06771
HBCC,Donor_350,male,48,Yes,No,56,0.50581,1.05053,2.33452,5.83630,2.52906,0.77817,0.50581,0.23345,0.19454,0.77817,0.58363,0.38909,2.80143,0.54472,0.42800
HBCC,Donor_357,female,59,Yes,No,33,1.06726,1.15264,2.39066,3.54330,1.19533,0.46959,0.21345,0.04269,0.17076,0.46959,12.89248,0.00000,0.00000,0.08538,0.00000
HBCC,Donor_361,female,56,No,No,97,0.70962,0.85815,1.12219,0.99017,3.33358,0.79214,0.49509,0.34656,0.09902,1.46875,7.80585,0.01650,0.04951,0.03301,0.00000
HBCC,Donor_364,male,28,No,No,85,0.76241,0.45745,1.27069,7.06502,2.69386,0.71158,1.11820,0.25414,0.25414,0.55910,0.60993,0.10165,2.43972,0.86407,0.71158
HBCC,Donor_367,male,38,No,Yes,237,0.50659,0.22663,1.60643,0.86654,3.03955,1.50644,0.51326,0.23996,0.15998,2.25300,0.99985,0.28662,2.75292,0.49993,0.44660
HBCC,Donor_368,female,52,No,Yes,62,0.62462,0.26769,2.72155,2.27539,1.29385,0.49077,0.75846,0.17846,0.26769,1.51693,9.94927,0.00000,0.17846,0.04462,0.08923
HBCC,Donor_37,male,63,No,No,178,1.15383,1.00563,1.71487,11.46424,1.37613,0.59280,0.50811,0.07410,0.19054,0.55045,0.35991,0.14820,3.12276,0.59280,0.57162
HBCC,Donor_402,male,55,No,No,51,0.79780,1.01260,1.53424,13.99224,1.90245,1.01260,0.61369,0.06137,0.36822,0.73643,0.33753,0.06137,4.14244,0.70575,0.79780
HBCC,Donor_404,male,33,No,Yes,24,0.46212,0.57765,0.46212,0.46212,3.92800,1.84847,1.15529,0.69318,0.23106,2.19506,0.23106,0.23106,3.11930,0.80871,0.23106
HBCC,Donor_412,male,19,No,No,43,0.92552,1.02294,2.09460,5.89410,2.72785,1.36392,1.21779,0.48712,0.43840,0.48712,0.29227,0.29227,2.67914,0.48712,0.68196
HBCC,Donor_416,female,47,No,Yes,119,1.24197,0.82130,2.22353,6.10970,3.82608,1.82289,0.84134,0.32051,0.24038,0.48076,8.33323,0.02003,0.08013,0.02003,0.04006
HBCC,Donor_419,female,62,Yes,No,28,0.87897,0.31022,0.62045,2.94712,2.06816,1.29260,0.93067,0.41363,0.20682,2.11986,9.51352,0.00000,0.00000,0.00000,0.00000
HBCC,Donor_431,female,33,Yes,No,110,1.26270,0.81297,3.04432,7.54161,2.94054,1.64324,1.34919,0.24216,0.24216,0.57081,6.45188,0.01730,0.03459,0.00000,0.00000
HBCC,Donor_435,male,56,No,Yes,28,0.22049,0.14699,1.76390,1.76390,7.12910,3.08683,1.17593,0.73496,0.07350,2.57236,0.58797,0.51447,2.64585,0.88195,0.22049
HBCC,Donor_436,male,43,Yes,No,93,1.30865,0.65432,0.52665,1.35653,1.42036,1.19694,0.79796,0.15959,0.23939,1.59591,0.35110,0.23939,3.33546,0.73412,0.60645
HBCC,Donor_446,female,54,Yes,No,35,0.82620,0.82620,0.74358,1.98288,2.14812,1.48716,2.23074,0.57834,0.16524,0.57834,7.43580,0.00000,0.00000,0.08262,0.08262
HBCC,Donor_449,female,2,No,No,315,0.22623,0.19538,2.43713,4.00019,2.65308,0.50388,0.51416,0.20567,0.23652,0.47303,9.99533,0.02057,0.15425,0.08227,0.03085
HBCC,Donor_452,female,38,No,Yes,25,0.57672,0.44856,1.53791,2.88358,1.47383,1.21751,0.83303,0.25632,0.32040,0.44856,10.18865,0.00000,0.00000,0.00000,0.00000
HBCC,Donor_460,male,21,Yes,No,358,0.58515,0.65108,0.98075,0.61812,2.40653,0.84888,0.88185,0.23076,0.30494,1.27744,1.00547,0.20604,2.62082,1.49996,0.64284
HBCC,Donor_462,female,60,No,No,336,0.87408,0.85123,1.10831,5.46158,1.62248,0.45132,0.33135,0.11997,0.14282,1.40539,10.11192,0.01143,0.03999,0.00571,0.00000
HBCC,Donor_470,male,41,Yes,No,115,1.02638,0.71218,2.32506,5.84408,1.31963,0.85881,0.64934,0.12568,0.35609,0.79597,0.23041,0.23041,3.68659,0.67029,0.08379
HBCC,Donor_472,male,27,No,No,89,0.77836,0.21228,0.63684,1.80438,2.05204,0.74298,0.81374,0.28304,0.17690,1.80438,0.45994,0.07076,1.69824,1.34444,0.49532
HBCC,Donor_473,male,53,No,Yes,41,0.91124,0.96484,2.62652,8.09395,0.75043,0.37522,0.48242,0.21441,0.64323,0.26801,0.26801,0.05360,3.05533,0.42882,0.75043
HBCC,Donor_494,female,26,No,No,348,0.85183,0.89567,1.97925,11.42453,1.61597,0.78293,0.82051,0.18164,0.18790,0.60129,10.61028,0.03132,0.15659,0.04384,0.04384
HBCC,Donor_499,male,46,Yes,No,23,1.02634,0.68422,0.61580,5.81590,4.58430,0.95791,1.43687,0.20527,0.06842,1.30003,0.47896,0.13684,4.51588,0.75265,0.61580
HBCC,Donor_503,female,6,No,No,187,0.00929,0.00000,2.69509,0.60407,1.81222,0.65054,0.97581,0.15799,0.21375,0.51114,11.97923,0.01859,0.11152,0.09293,0.12081
HBCC,Donor_513,male,21,No,Yes,33,0.31501,0.47251,0.66939,2.55943,6.02450,0.98440,0.86627,0.11813,0.07875,2.24442,0.59064,0.15750,4.33134,0.94502,0.63001
HBCC,Donor_514,male,23,No,No,63,0.49574,0.41312,1.65248,7.02302,3.18102,3.30495,1.52854,0.49574,0.12394,1.15673,0.12394,0.41312,2.60265,1.19805,0.41312
HBCC,Donor_52,male,42,No,No,94,0.94420,0.84481,1.76415,9.49165,1.83870,0.72057,0.57149,0.07454,0.12424,0.67088,0.57149,0.24847,3.10591,0.69572,0.69572
HBCC,Donor_523,male,32,No,No,33,1.64138,1.16485,2.70034,4.28878,3.01803,1.64138,0.90011,0.47653,0.15884,0.90011,1.21780,0.31769,2.75329,0.74127,0.10590
HBCC,Donor_531,male,25,No,Yes,67,0.94705,1.01990,2.07622,12.27521,1.31130,0.69207,0.83777,0.07285,0.40067,0.50995,0.83777,0.25497,2.14907,0.47352,0.40067
HBCC,Donor_537,male,20,No,No,36,1.64501,0.92796,1.26540,1.64501,1.98245,0.92796,1.13886,0.37962,0.16872,0.67488,0.04218,0.33744,2.99477,0.59052,0.67488
HBCC,Donor_542,male,60,Yes,No,227,0.61386,0.74841,1.95090,5.85270,1.90045,0.95022,0.45409,0.15977,0.24386,0.89977,0.24386,0.14295,3.46453,0.52136,0.71477
HBCC,Donor_549,male,48,Yes,No,321,0.54234,0.44131,1.49941,2.95628,1.76526,0.57424,0.46790,0.11166,0.14888,1.21229,0.72312,0.15419,3.23808,1.07936,0.61678
HBCC,Donor_552,male,57,Yes,No,182,0.97285,0.72125,2.43213,2.73405,2.91855,1.74442,1.35864,0.35224,0.18451,0.51997,0.06709,0.26837,2.65018,0.53675,0.40256
HBCC,Donor_556,female,43,Yes,No,144,1.32564,1.27465,2.34536,6.95960,1.17268,0.62458,0.67557,0.20394,0.21669,0.67557,10.31193,0.00000,0.08923,0.01275,0.01275
HBCC,Donor_559,female,43,No,Yes,259,0.94316,0.74667,0.53708,1.49988,1.32959,1.51298,0.81216,0.19649,0.11135,1.66363,10.98386,0.00000,0.12444,0.01965,0.02620
HBCC,Donor_563,male,55,No,No,98,0.85934,0.61109,2.11970,7.94412,1.35585,0.59199,0.36283,0.03819,0.26735,0.49651,0.74476,0.17187,3.51374,0.70657,0.76386
HBCC,Donor_567,female,17,No,No,69,1.28041,0.79385,1.74135,6.01791,2.43277,0.92189,0.69142,0.10243,0.20487,0.38412,10.52494,0.05122,0.10243,0.02561,0.00000
HBCC,Donor_594,male,3,No,No,37,0.00000,0.00000,2.86025,0.31781,1.90684,0.95342,1.11232,0.15890,0.07945,0.39726,0.15890,0.15890,1.98629,0.63561,0.71506
HBCC,Donor_599,female,57,No,Yes,91,0.60995,0.44944,1.73355,5.39326,5.32905,3.37079,2.11878,0.64205,0.09631,0.77047,7.22311,0.00000,0.00000,0.00000,0.00000
HBCC,Donor_6,male,18,No,No,164,0.86918,0.62376,1.94287,10.44034,1.69745,0.58286,0.74647,0.10226,0.23519,0.51128,0.26587,0.21474,2.93475,0.78737,0.57263
HBCC,Donor_605,male,60,No,Yes,28,1.58981,1.58981,1.39109,8.61150,1.25860,0.46370,1.52357,0.33121,0.13248,0.66242,0.33121,0.06624,2.45096,0.46370,0.46370
HBCC,Donor_611,male,45,No,No,394,0.96875,1.07287,1.55725,7.83604,1.96014,0.62924,0.54775,0.11317,0.20824,0.52965,0.50248,0.25351,3.16429,0.76504,0.57491
HBCC,Donor_631,male,16,No,No,232,0.83032,0.66807,1.26933,5.49727,1.98512,1.20253,0.62990,0.22905,0.24814,1.20253,0.33404,0.19088,2.72000,0.94484,0.55354
HBCC,Donor_646,male,58,No,No,73,0.84506,0.69593,1.39187,9.61880,1.86411,0.42253,0.57166,0.09942,0.22369,0.52195,0.74564,0.14913,3.30569,0.84506,0.62137
HBCC,Donor_648,male,4,No,No,114,0.01564,0.00000,1.34461,0.34397,2.73613,0.64104,1.09445,0.60977,0.10945,1.39152,0.23453,0.40651,2.53288,1.25080,0.51596
HBCC,Donor_650,male,73,No,No,70,1.65381,1.79762,1.51000,8.77237,2.62452,1.00667,0.79095,0.43143,0.32357,0.75500,0.28762,0.32357,4.49404,0.57524,0.46738
HBCC,Donor_657,male,45,No,Yes,83,1.03332,0.72940,1.06371,2.34017,3.37349,1.54998,0.57744,0.45588,0.12157,1.76272,0.51666,0.27353,2.12743,0.85097,0.57744
HBCC,Donor_666,male,24,No,No,61,0.74781,0.48770,1.65819,5.65734,1.72321,1.04043,0.94289,0.35765,0.06503,0.94289,0.06503,0.26011,3.08878,0.97540,0.45519
HBCC,Donor_668,female,51,No,No,41,0.69010,0.77636,1.68211,14.01762,4.09746,0.64697,0.64697,0.17252,0.21566,0.81949,10.43774,0.00000,0.04313,0.00000,0.17252
HBCC,Donor_672,male,57,No,No,29,0.85466,0.65743,1.64357,3.22140,3.61585,1.57783,1.57783,0.52594,0.06574,1.05188,0.52594,0.26297,2.82694,1.24911,1.05188
HBCC,Donor_675,female,53,No,No,96,0.81179,0.60133,1.32292,4.50996,1.44319,1.38306,0.99219,0.18040,0.27060,0.72159,7.00548,0.06013,0.15033,0.09020,0.03007
HBCC,Donor_68,male,44,No,Yes,100,0.76669,0.16728,0.86427,2.77402,0.82245,0.94791,0.93397,0.25092,0.18122,0.94791,0.08364,0.25092,3.38737,0.61335,0.82245
HBCC,Donor_682,female,45,No,Yes,168,0.72107,0.86986,1.43069,2.65536,2.22043,0.77830,0.35481,0.10301,0.14879,1.24756,10.10640,0.01145,0.19457,0.05723,0.02289
HBCC,Donor_696,male,31,No,No,56,1.14066,0.76044,2.05952,8.36481,4.11903,1.20403,0.91886,0.57033,0.41190,0.98223,0.03168,0.50696,2.12289,1.23571,0.60201
HBCC,Donor_7,male,75,Yes,No,108,0.56602,1.11539,1.86453,3.84560,3.66247,0.69920,0.94891,0.16648,0.24971,1.39840,0.69920,0.18312,2.58038,1.16533,0.51608
HBCC,Donor_701,female,2,No,No,213,0.16767,0.10849,2.36714,1.44001,2.97865,1.05535,0.72001,0.32548,0.21699,0.79891,10.20830,0.03945,0.25644,0.04932,0.01973
HBCC,Donor_713,female,50,No,Yes,224,1.04702,0.79521,1.47113,12.94861,2.70370,1.04702,1.19281,0.30483,0.23856,0.38435,12.67029,0.00000,0.19880,0.03976,0.05301
HBCC,Donor_715,male,30,No,No,171,1.87438,0.95281,1.96810,7.66936,1.29645,0.74975,0.84347,0.18744,0.21868,0.43736,0.51546,0.20306,2.65538,0.67165,0.74975
HBCC,Donor_717,male,27,No,Yes,290,1.21305,0.83811,1.74238,9.49857,2.19820,1.08072,0.86752,0.18380,0.22055,0.63961,0.47052,0.22791,3.16129,0.60285,0.71313
HBCC,Donor_727,female,67,No,No,24,1.42047,0.79901,1.59803,11.36374,0.71023,0.71023,0.62145,0.26634,0.17756,0.53268,9.76571,0.00000,0.08878,0.08878,0.17756
HBCC,Donor_728,male,68,Yes,No,154,0.57190,0.49020,1.58499,1.76473,2.61441,1.33989,1.16015,0.39216,0.22876,1.16015,0.63726,0.31046,2.59807,0.63726,0.35948
HBCC,Donor_734,female,2,No,No,381,0.03525,0.07051,2.01447,1.18854,1.80295,0.75543,0.50362,0.29713,0.12087,1.63675,9.89607,0.00504,0.04533,0.00000,0.01007
HBCC,Donor_737,female,30,No,No,138,0.75170,1.00838,1.85175,8.63540,1.48507,1.48507,0.95338,0.38502,0.18334,0.53169,10.12047,0.05500,0.11001,0.05500,0.07334
HBCC,Donor_746,male,51,No,No,62,1.02810,1.09515,1.16220,7.48726,1.11750,0.78225,0.58110,0.17880,0.22350,0.53640,0.13410,0.20115,3.75480,0.69285,0.44700
HBCC,Donor_749,female,48,Yes,No,64,0.29903,0.33225,2.02673,1.66126,3.78766,1.32901,1.06320,0.59805,0.09968,1.66126,9.03724,0.00000,0.03323,0.00000,0.00000
HBCC,Donor_751,male,23,No,No,466,0.94813,0.88519,2.22673,3.89482,1.58547,0.62160,0.41309,0.11802,0.21244,0.63733,0.85765,0.16523,3.04111,0.68848,0.65307
HBCC,Donor_752,male,20,No,No,404,0.41370,0.49377,1.91501,8.24057,1.58139,0.50711,0.38033,0.11343,0.20685,0.65391,0.27357,0.11343,3.03600,0.96752,0.64056
HBCC,Donor_781,male,15,No,No,78,0.98630,1.13424,1.62739,7.47121,1.77534,0.78904,0.96164,0.41918,0.19726,0.66575,0.22192,0.39452,2.49040,0.76438,0.59178
HBCC,Donor_799,male,55,No,No,152,0.85660,1.14964,2.50216,8.81393,2.62615,0.76643,0.47338,0.05636,0.20288,0.45084,0.78897,0.23669,3.23478,0.55228,0.54101
HBCC,Donor_80,male,45,Yes,No,144,1.11475,1.09129,1.39638,4.61156,2.64021,1.58412,0.66885,0.31682,0.22295,0.96221,0.43417,0.31682,2.92183,0.49284,0.61018
HBCC,Donor_803,male,51,No,Yes,72,1.16826,1.25813,1.48279,4.44838,2.42639,0.53920,0.44933,0.13480,0.26960,0.35946,0.22467,0.22467,3.10039,0.80880,0.49426
HBCC,Donor_804,female,15,No,No,105,1.30878,1.33994,2.35268,11.74784,1.41784,0.54532,0.60765,0.14023,0.21813,0.56090,12.24642,0.01558,0.17139,0.03116,0.01558
HBCC,Donor_81,male,48,No,No,50,0.42389,0.30278,1.39277,2.24054,4.05719,1.75610,0.36333,0.48444,0.36333,0.96888,0.18167,0.30278,2.90664,0.78722,0.96888
HBCC,Donor_811,male,21,No,Yes,305,0.97212,0.76591,2.16517,8.41766,1.63493,0.51552,0.45660,0.10310,0.29458,0.62598,0.50815,0.23566,3.49079,0.58916,0.56707
HBCC,Donor_813,female,54,Yes,No,31,1.62573,1.36351,2.72702,9.33482,1.83550,0.31466,0.36710,0.15733,0.26221,0.78664,10.75077,0.00000,0.20977,0.20977,0.00000
HBCC,Donor_815,male,34,No,Yes,307,0.16974,0.14294,1.13457,0.86657,2.31382,1.38472,0.83976,0.48242,0.25908,2.63543,0.13400,0.27694,3.08211,0.68789,0.62536
HBCC,Donor_820,female,66,No,Yes,20,1.21246,0.96997,1.69745,8.89140,1.69745,1.29330,1.21246,0.40415,0.40415,1.21246,10.42719,0.00000,0.00000,0.00000,0.00000
HBCC,Donor_822,male,14,No,No,72,0.64156,0.84416,1.55325,6.98961,1.35065,0.67532,0.64156,0.16883,0.10130,2.36364,0.40519,0.16883,2.90389,0.94545,0.60779
HBCC,Donor_83,female,6,No,No,21,0.91878,1.28629,2.66446,8.17714,1.01066,1.01066,1.10254,0.45939,0.36751,0.27563,11.57663,0.00000,0.00000,0.09188,0.00000
HBCC,Donor_830,male,52,No,No,65,0.72529,0.97914,1.16046,4.49679,1.92202,0.94288,0.72529,0.25385,0.39891,1.01541,0.25385,0.32638,2.50225,0.79782,0.50770
HBCC,Donor_833,male,20,No,Yes,36,1.33321,1.02316,2.69742,15.53344,0.77512,0.27904,0.46507,0.09301,0.27904,0.46507,0.12402,0.12402,3.28652,0.89914,0.58909
HBCC,Donor_837,male,45,No,Yes,31,0.75617,0.23630,1.27603,1.32329,1.22877,1.32329,1.08699,0.18904,0.09452,0.89795,0.33082,0.28356,2.45754,0.75617,1.03973
HBCC,Donor_84,male,27,No,No,71,0.72969,0.45606,1.73302,7.88978,1.50499,0.86651,0.91211,0.50166,0.13682,0.82090,0.68409,0.31924,3.05558,0.41045,0.45606
HBCC,Donor_856,male,24,No,Yes,273,0.61868,0.80235,1.79805,7.06652,1.65304,0.59935,0.41568,0.10634,0.25134,0.64768,0.62835,0.21267,3.17075,0.69602,0.53168
HBCC,Donor_871,male,28,No,No,31,0.75661,0.94576,0.85118,8.22812,1.70237,1.22949,1.22949,0.18915,0.09458,0.66203,0.00000,0.18915,2.17525,1.04034,0.94576
HBCC,Donor_882,female,34,No,Yes,107,0.82382,0.80421,2.11840,4.02104,4.11911,1.21612,0.66690,0.19615,0.17653,1.13766,8.35591,0.01961,0.17653,0.03923,0.07846
HBCC,Donor_897,male,75,Yes,No,151,1.10023,0.80580,1.85955,8.78635,1.90603,0.89878,0.68183,0.23244,0.27893,0.49588,0.29443,0.24794,2.47939,0.40290,0.54237
HBCC,Donor_899,male,35,No,No,65,1.13794,0.39390,1.26924,1.79444,2.10081,0.74404,0.96287,0.26260,0.21883,0.65650,0.30637,0.17507,2.75732,0.74404,0.39390
HBCC,Donor_903,female,49,No,Yes,40,0.45744,0.60992,1.82977,9.14885,2.74466,0.99113,1.67729,0.30496,0.15248,1.06737,9.98750,0.00000,0.00000,0.00000,0.00000
HBCC,Donor_908,male,40,No,No,29,0.82095,0.46178,2.05238,5.84927,2.46285,1.43666,0.41048,0.15393,0.30786,0.87226,0.30786,0.66702,4.87439,1.33404,1.07750
HBCC,Donor_915,male,29,No,No,289,0.93844,0.83153,1.94816,10.75053,1.42548,0.95032,1.27106,0.34449,0.22570,0.49892,0.26134,0.17819,2.49460,0.65335,0.59395
HBCC,Donor_922,female,54,No,No,132,1.41614,0.78823,1.72342,11.60972,1.95054,1.29591,0.92183,0.25384,0.32064,0.78823,10.31381,0.02672,0.04008,0.00000,0.01336
HBCC,Donor_926,male,48,No,Yes,58,1.43156,0.96305,1.58774,4.86732,1.58774,0.98908,1.01511,0.20823,0.23426,0.93702,0.36440,0.20823,2.99327,0.83291,0.52057
HBCC,Donor_93,male,31,No,No,120,0.98640,0.87035,1.13146,7.39799,1.76972,0.92838,0.78332,0.14506,0.05802,0.29012,0.75431,0.26111,2.64007,0.75431,0.69628
HBCC,Donor_934,female,40,No,No,82,0.99590,0.99590,1.35442,6.81193,2.50966,0.91623,1.47393,0.19918,0.03984,1.27475,7.17046,0.00000,0.07967,0.03984,0.03984
HBCC,Donor_950,male,16,No,No,223,0.81696,0.75547,2.04678,8.78448,1.80082,0.49193,0.44801,0.13177,0.13177,0.58856,0.63248,0.22840,3.37324,1.01900,0.67641
HBCC,Donor_959,female,23,No,No,164,0.45548,0.59562,0.99855,7.67305,4.81755,1.19125,0.89344,0.28029,0.19270,1.99710,9.95044,0.00000,0.08759,0.00000,0.00000
HBCC,Donor_960,female,71,No,No,20,1.13608,0.37869,1.60945,2.65086,2.74554,0.85206,1.04141,0.47337,0.28402,0.66272,7.57389,0.00000,0.28402,0.00000,0.00000
HBCC,Donor_961,male,83,No,No,137,0.98717,0.66444,1.74654,3.32222,1.40482,1.08209,0.51257,0.17086,0.28476,1.02514,0.43663,0.30375,3.13237,0.75936,0.56952
HBCC,Donor_97,male,48,Yes,No,126,0.85330,1.02062,3.01166,8.01436,2.17509,0.98716,0.43502,0.15058,0.20078,0.71945,0.35136,0.21751,3.32956,0.66926,0.55214
HBCC,Donor_976,male,50,No,No,87,1.44297,1.57220,2.73519,8.89475,1.48605,0.75379,0.64611,0.23691,0.45228,0.47381,0.47381,0.12922,2.30445,0.47381,0.60303
HBCC,Donor_989,male,41,No,No,23,0.43996,0.87991,1.20988,3.29968,2.63974,1.42986,0.54995,0.76992,0.10999,0.87991,0.10999,0.10999,1.86982,0.65994,0.54995
HBCC,Donor_99,male,51,No,No,74,0.65170,0.97754,1.57493,7.00573,1.19478,0.59739,0.54308,0.05431,0.24439,0.38016,0.43446,0.21723,2.93263,0.81462,0.40731
HBCC,Donor_992,female,57,No,No,55,1.12256,0.84192,1.21610,1.77738,3.04025,1.40319,1.40319,0.04677,0.00000,1.73061,6.26760,0.09355,0.14032,0.00000,0.14032
HBCC,Donor_996,female,50,No,Yes,409,1.21516,0.98876,1.94056,8.18731,2.41646,1.08579,0.84091,0.11089,0.24950,0.88711,8.51536,0.01386,0.15709,0.02772,0.02310
MSSM,Donor_1,female,76,Yes,No,40,0.57954,0.17832,1.60489,12.34876,1.64947,0.89161,0.40122,0.04458,0.17832,0.22290,13.86449,0.00000,0.08916,0.00000,0.00000
MSSM,Donor_10,male,84,No,No,65,0.72473,1.10159,1.85531,4.92818,2.84095,1.30452,0.69574,0.26090,0.23191,0.95665,0.95665,0.11596,2.37712,0.37686,0.23191
MSSM,Donor_1006,male,80,No,No,52,0.71939,0.80931,2.12820,3.23725,2.63776,1.34886,0.89924,0.32972,0.35969,1.04911,0.44962,0.26977,2.51786,1.04911,0.44962
MSSM,Donor_1011,female,80,No,No,32,0.58450,0.36531,0.94981,2.19188,2.11881,1.68044,1.89963,0.65756,0.14613,1.24206,3.50700,0.00000,0.00000,0.14613,0.00000
MSSM,Donor_1012,male,87,No,No,44,0.37748,0.43140,1.83346,5.55430,3.12766,1.94131,1.07850,0.10785,0.21570,1.18635,0.48533,0.16178,2.10308,1.61776,0.32355
MSSM,Donor_1016,male,74,No,No,30,0.46078,0.15359,1.07516,4.45424,1.99673,0.76797,0.76797,0.23039,0.07680,1.53594,0.23039,0.23039,2.99509,0.92157,0.30719
MSSM,Donor_1018,female,80,No,No,20,0.81791,0.68159,0.81791,1.22686,2.18108,1.77213,1.09054,0.13632,0.27264,1.09054,7.63380,0.00000,0.27264,0.00000,0.13632
MSSM,Donor_1020,female,79,No,No,46,1.78892,2.35812,1.82957,8.53801,1.54497,0.60986,0.69117,0.12197,0.28460,0.36591,12.84767,0.00000,0.28460,0.08131,0.00000
MSSM,Donor_1025,female,86,No,No,47,1.04985,1.04985,1.43664,6.13334,2.43123,1.38138,0.71832,0.11051,0.11051,0.82883,8.34356,0.05526,0.27628,0.00000,0.05526
MSSM,Donor_1026,male,62,No,No,37,1.00408,0.41076,1.32357,1.23229,4.06198,1.82561,1.14101,0.59332,0.41076,0.82152,0.00000,0.41076,3.60558,0.63896,0.50204
MSSM,Donor_1031,female,65,No,No,42,0.92763,0.52431,1.93593,4.75916,2.13759,1.85527,1.20996,0.52431,0.12100,1.12929,4.71883,0.00000,0.24199,0.00000,0.00000
MSSM,Donor_1050,female,78,No,No,73,0.86599,1.50850,4.13440,3.91092,4.24614,1.08947,0.78218,0.27935,0.22348,0.58664,12.23559,0.00000,0.05587,0.08381,0.02794
MSSM,Donor_1051,female,86,Yes,No,126,0.48844,0.47035,3.74470,1.57386,2.31556,1.50150,0.79598,0.41608,0.41608,1.12160,7.76076,0.00000,0.09045,0.00000,0.00000
MSSM,Donor_1052,female,79,No,No,94,0.90847,0.39285,1.42409,1.49774,1.76783,1.32587,0.90847,0.12277,0.17187,0.76115,3.24102,0.04911,0.17187,0.00000,0.02455
MSSM,Donor_1056,female,80,No,No,37,1.38071,0.29068,1.45338,1.09004,2.47075,2.03474,0.87203,0.36335,0.00000,1.30804,3.92413,0.00000,0.07267,0.00000,0.14534
MSSM,Donor_1057,male,75,No,No,51,0.26067,0.31280,0.62560,1.51187,1.25120,0.88627,0.93840,0.10427,0.36493,1.98107,0.78200,0.20853,2.65880,1.35547,0.78200
MSSM,Donor_1058,female,85,No,No,48,0.56875,0.90053,1.42188,2.18022,2.46460,1.09011,0.90053,0.33177,0.28438,1.09011,8.19952,0.00000,0.18958,0.04740,0.04740
MSSM,Donor_1060,male,67,No,No,34,2.70008,1.51204,1.18803,1.94405,3.45610,2.26806,1.18803,0.32401,0.43201,2.16006,0.54002,0.21601,3.24009,1.29604,0.86402
MSSM,Donor_1062,male,70,No,No,20,0.56909,1.70726,1.63613,6.25996,2.27635,1.84953,1.35158,0.28454,0.07114,1.06704,0.07114,0.99590,2.84544,0.78249,0.35568
MSSM,Donor_1063,female,80,No,No,32,0.47691,0.29807,1.66918,4.59025,2.74222,2.02686,0.89420,0.23845,0.00000,1.31150,6.43827,0.05961,0.00000,0.00000,0.05961
MSSM,Donor_1065,female,69,No,No,36,0.89121,0.39609,1.08926,4.15899,0.69317,1.08926,0.79219,0.29707,0.09902,0.19805,9.90236,0.00000,0.19805,0.00000,0.00000
MSSM,Donor_1066,female,80,No,No,29,1.90089,0.33266,1.09301,1.80584,3.27903,1.04549,1.18805,0.38018,0.19009,1.09301,12.26073,0.19009,0.00000,0.00000,0.00000
MSSM,Donor_1067,female,78,No,No,67,0.42699,0.45983,0.75544,2.52907,3.12028,1.90501,1.83932,0.32845,0.16423,0.95251,9.03239,0.03285,0.22992,0.03285,0.16423
MSSM,Donor_1069,male,45,No,No,99,0.59244,0.90050,1.42185,2.53563,2.20386,0.80571,0.92420,0.33176,0.18958,0.42655,0.04739,0.26067,3.10437,0.59244,0.56874
MSSM,Donor_1071,female,80,No,No,37,0.12019,0.42068,1.14184,2.04329,2.58417,1.32213,0.96155,0.24039,0.06010,1.44232,9.31502,0.00000,0.12019,0.00000,0.00000
MSSM,Donor_1074,female,80,No,No,26,0.42538,0.34030,1.02091,3.31796,3.40304,1.95675,0.93584,0.51046,0.25523,1.27614,5.01948,0.00000,0.34030,1.27614,0.08508
MSSM,Donor_1075,female,83,No,No,52,1.23654,0.57963,1.19790,1.85481,3.24591,2.66629,1.66160,0.50234,0.15457,1.35246,10.47193,0.03864,0.15457,0.03864,0.07728
MSSM,Donor_1076,female,70,No,No,66,1.53681,1.20063,1.10458,2.59336,3.98609,1.63286,2.11311,0.62433,0.19210,1.77693,3.55386,0.24013,2.35324,0.62433,0.43223
MSSM,Donor_1078,male,73,No,No,40,1.36439,0.81863,1.15973,3.34275,3.54741,1.70548,0.75041,0.13644,0.00000,1.70548,0.81863,0.06822,1.91014,1.36439,0.61397
MSSM,Donor_108,male,77,Yes,No,43,0.80188,0.75471,2.40564,3.49053,19.95264,3.53770,1.36791,0.47169,0.14151,1.13206,0.00000,0.18868,1.69810,0.47169,0.37735
MSSM,Donor_1081,male,55,No,No,95,1.69369,1.18558,2.32498,9.96198,2.06322,0.89304,0.76986,0.13857,0.15397,0.89304,0.56970,0.15397,2.95626,0.78526,0.41572
MSSM,Donor_1087,female,89,No,No,22,1.32908,0.88605,1.47676,5.75935,6.64540,3.98724,0.73838,0.73838,0.00000,1.18140,9.00821,0.14768,0.14768,0.00000,0.00000
MSSM,Donor_109,female,73,No,No,58,1.12722,1.59281,0.90667,4.04328,2.20542,1.00469,0.88217,0.36757,0.26955,0.83316,10.70855,0.02450,0.09802,0.07351,0.02450
MSSM,Donor_1095,female,83,No,No,30,0.72877,0.30365,1.45753,3.34018,2.30776,1.33607,0.72877,0.06073,0.12146,1.15388,13.72509,0.06073,0.12146,0.12146,0.00000
MSSM,Donor_1099,female,80,No,No,40,0.36305,0.67424,1.50408,2.54138,4.04545,1.40035,1.03730,0.31119,0.15559,0.98543,7.57226,0.10373,0.15559,0.00000,0.10373
MSSM,Donor_1102,female,80,No,No,32,0.78841,0.09855,2.75944,2.16813,2.85799,1.28117,0.78841,0.00000,0.09855,0.68986,12.51602,0.00000,0.19710,0.00000,0.00000
MSSM,Donor_1108,female,80,No,No,31,1.00217,1.30282,2.50542,2.75597,1.90412,1.60347,0.80174,0.45098,0.30065,0.95206,6.86486,0.00000,0.05011,0.00000,0.00000
MSSM,Donor_1109,female,84,No,No,29,0.91059,0.39838,1.87808,2.27647,3.24396,1.70735,0.91059,0.34147,0.28456,1.13823,10.87012,0.05691,0.05691,0.00000,0.00000
MSSM,Donor_1112,female,77,Yes,No,20,1.32859,1.49467,1.49467,13.28595,2.65719,1.32859,0.99645,0.16607,0.66430,0.66430,11.45913,0.00000,0.00000,0.00000,0.00000
MSSM,Donor_1121,male,77,No,No,30,0.74547,0.04659,1.16479,2.00344,3.54096,1.95685,1.72389,0.93183,0.18637,0.88524,0.18637,0.41932,3.12164,0.32614,0.69887
MSSM,Donor_1129,female,81,No,No,30,1.37584,0.25797,1.37584,3.35360,4.38547,2.23573,2.06375,1.63380,0.17198,1.11787,7.82506,0.00000,0.17198,0.00000,0.00000
MSSM,Donor_1133,male,38,Yes,No,35,1.06257,0.20239,0.50599,0.30359,4.70567,2.88412,1.11317,0.65778,0.15180,1.21437,0.25299,0.40479,2.22634,1.11317,0.25299
MSSM,Donor_1138,male,53,No,No,22,0.94221,0.58888,0.70666,4.35771,2.82662,2.82662,0.70666,0.47110,0.23555,1.17776,0.47110,0.47110,2.00219,0.47110,1.05998
MSSM,Donor_114,male,84,No,No,21,0.73945,0.12324,1.47891,2.09512,4.43672,4.43672,1.97188,0.49297,0.12324,1.60215,0.36973,0.12324,1.23242,0.24648,0.12324
MSSM,Donor_1141,female,71,No,No,32,0.73833,0.43069,1.04597,2.70721,2.15346,1.35360,0.61527,0.18458,0.06153,1.16902,7.13719,0.00000,0.00000,0.00000,0.00000
MSSM,Donor_1142,female,76,No,No,24,0.83468,0.44944,1.09151,1.41254,2.56825,2.69666,0.77048,0.19262,0.25683,1.41254,6.22801,0.12841,0.12841,0.00000,0.00000
MSSM,Donor_1147,female,81,No,No,49,0.61282,0.72425,1.55991,3.84408,2.00560,0.55711,0.72425,0.33427,0.22284,0.77996,7.18675,0.00000,0.27856,0.05571,0.05571
MSSM,Donor_1150,female,40,No,No,32,0.62953,0.62953,0.69948,6.64508,2.58808,1.18912,1.39896,0.27979,0.13990,0.90933,6.78497,0.00000,0.00000,0.06995,0.00000
MSSM,Donor_1154,female,80,No,No,24,1.00356,0.53130,0.82646,1.53486,4.72263,2.65648,2.12519,0.64936,0.23613,1.77099,6.90685,0.00000,0.11807,0.00000,0.00000
MSSM,Donor_1163,female,80,No,No,72,0.79231,0.38249,1.58461,3.96153,3.49708,2.34960,0.87427,0.71034,0.27321,0.60106,5.60079,0.02732,0.05464,0.02732,0.00000
MSSM,Donor_1164,female,80,No,No,22,0.28826,0.14413,1.15302,4.17970,1.29715,1.29715,1.15302,0.28826,0.28826,1.00889,4.46795,0.00000,0.00000,0.00000,0.14413
MSSM,Donor_1166,female,80,No,No,24,0.72623,0.43574,1.45245,3.34064,2.32393,2.17868,1.30721,0.43574,0.14525,1.45245,10.16718,0.14525,0.29049,0.00000,0.14525
MSSM,Donor_1167,female,80,No,No,37,0.47150,1.27978,1.01035,7.20718,4.91705,0.60621,0.87564,0.20207,0.20207,1.34714,10.03617,0.06736,0.13471,0.00000,0.06736
MSSM,Donor_1180,male,68,Yes,No,23,0.63249,0.37949,1.39147,3.03594,1.51797,1.64447,1.26497,0.50599,0.63249,0.37949,0.00000,0.75898,2.52995,0.63249,0.63249
MSSM,Donor_1182,female,80,No,No,34,1.12797,0.90237,1.57916,1.35356,4.51187,1.46636,1.46636,0.90237,0.22559,4.06068,6.54221,0.00000,0.00000,0.00000,0.00000
MSSM,Donor_1192,female,50,Yes,No,31,0.19927,0.74725,1.29523,4.43368,2.09230,0.59780,0.34872,0.00000,0.19927,0.69743,10.06297,0.00000,0.00000,0.00000,0.04982
MSSM,Donor_1197,female,85,No,No,20,0.95495,0.00000,0.59684,5.72970,1.19369,0.83558,0.59684,0.47748,0.11937,1.67116,19.21837,0.00000,0.00000,0.00000,0.00000
MSSM,Donor_1199,female,67,No,No,21,1.12778,1.00907,1.18714,4.68921,2.43364,1.54328,1.42457,0.53421,0.35614,1.18714,7.83513,0.11871,0.05936,0.00000,0.00000
MSSM,Donor_120,male,87,No,No,21,0.44508,0.89017,1.92870,6.52790,1.78034,1.03853,1.18689,0.29672,0.44508,0.29672,0.14836,0.29672,2.81887,0.29672,0.00000
MSSM,Donor_1202,male,72,No,No,71,0.89359,0.67790,2.21857,2.34182,2.71158,0.86278,1.20172,0.30813,0.21569,0.98603,0.52383,0.09244,2.95809,0.80115,0.46220
MSSM,Donor_1206,female,80,No,No,54,0.89459,0.51944,1.70260,3.52063,1.93346,1.15430,0.34629,0.05772,0.23086,0.72144,8.85929,0.00000,0.14429,0.05772,0.02886
MSSM,Donor_121,female,79,No,No,26,0.30650,0.61300,1.02166,1.53249,2.34982,1.02166,0.71516,0.20433,0.20433,1.73682,7.56028,0.00000,0.20433,0.20433,0.00000
MSSM,Donor_1210,female,68,Yes,No,23,0.82538,0.68782,0.82538,2.54493,6.60307,2.40737,1.78833,0.55026,0.13756,0.96295,6.46550,0.00000,0.06878,0.00000,0.00000
MSSM,Donor_1219,female,80,No,No,25,1.57625,0.78812,2.26585,3.74358,6.89608,2.36437,0.88664,0.39406,0.29555,1.47773,7.78271,0.00000,0.39406,0.00000,0.09852
MSSM,Donor_1222,male,57,Yes,No,24,1.24845,0.56180,0.49938,5.05621,1.37329,0.43696,0.74907,0.12484,0.81149,1.62298,0.31211,0.31211,4.74410,0.74907,0.49938
MSSM,Donor_1226,male,73,No,No,21,0.47589,0.63452,0.15863,1.42766,3.96574,2.22081,2.37944,0.31726,0.00000,1.42766,0.15863,0.63452,3.01396,2.06218,0.79315
MSSM,Donor_1228,male,80,No,No,24,1.55730,0.44494,0.66742,2.55843,2.22472,0.77865,0.55618,0.33371,0.44494,1.89101,1.00112,0.22247,2.33595,0.66742,0.33371
MSSM,Donor_123,female,80,Yes,No,36,0.50613,0.33742,1.18097,4.21775,3.82409,1.57463,0.89979,0.28118,0.28118,0.84355,8.26679,0.00000,0.05624,0.00000,0.00000
MSSM,Donor_1232,female,62,No,No,42,0.88286,2.01796,1.45041,4.85572,1.89184,1.38735,2.01796,0.50449,0.31531,0.18918,8.07184,0.00000,0.06306,0.00000,0.18918
MSSM,Donor_1233,female,80,No,No,20,0.86671,0.86671,1.15562,3.32240,2.31124,1.01117,1.15562,0.28890,0.00000,1.30007,8.08933,0.00000,0.00000,0.00000,0.00000
MSSM,Donor_1238,male,72,No,No,29,0.97542,0.17735,1.95084,4.61107,5.14312,1.24144,0.97542,0.00000,0.26602,0.70940,0.17735,0.44337,3.90168,1.24144,0.26602
MSSM,Donor_1239,male,81,No,No,23,0.55078,0.78683,0.86551,2.20311,2.67521,0.62946,2.20311,0.78683,0.15737,1.18024,0.78683,0.39341,3.14730,0.70814,0.55078
MSSM,Donor_1241,male,83,No,No,49,0.55956,0.81391,1.52608,2.18738,3.10303,0.91565,0.81391,0.30522,0.15261,1.22086,0.55956,0.10174,2.23825,1.11913,0.45782
MSSM,Donor_1245,male,77,No,No,29,0.88936,0.11117,0.66702,1.33404,7.67076,2.33458,1.11170,0.88936,0.00000,1.22287,0.77819,0.44468,1.33404,1.00053,0.33351
MSSM,Donor_1253,female,83,No,No,29,0.28209,0.16926,1.41046,2.25674,5.64184,1.46688,1.35404,0.67702,0.00000,1.01553,11.00160,0.00000,0.05642,0.00000,0.00000
MSSM,Donor_1255,female,84,No,No,43,0.76944,0.26763,0.93671,1.57233,2.70976,1.87341,1.43851,0.60217,0.26763,1.17088,10.06958,0.00000,0.20072,0.06691,0.03345
MSSM,Donor_1256,female,74,No,No,30,0.54983,0.49484,0.32990,6.98278,2.58418,1.37456,1.37456,0.38488,0.05498,0.38488,10.44668,0.05498,0.16495,0.16495,0.10997
MSSM,Donor_1259,male,86,Yes,No,22,0.37408,1.12224,1.34669,1.34669,4.04007,1.79559,0.74816,0.37408,0.14963,1.79559,0.37408,0.29926,2.24448,0.74816,0.22445
MSSM,Donor_1260,male,80,No,No,26,0.34790,0.26092,1.39158,5.47936,3.13106,1.47856,1.13066,0.86974,0.08697,0.95671,0.26092,0.17395,2.95711,1.65250,0.26092
MSSM,Donor_127,female,73,No,No,33,0.88951,0.44476,0.63536,3.62158,2.47792,1.77902,0.82597,0.69890,0.38122,1.39780,11.37302,0.06354,0.00000,0.00000,0.00000
MSSM,Donor_1276,male,86,No,No,21,1.16651,0.51845,1.29613,6.86947,2.07380,0.64806,0.38884,0.00000,0.00000,1.16651,0.90729,0.00000,3.75876,0.77768,0.77768
MSSM,Donor_1277,male,75,No,No,52,0.99432,0.58288,1.09718,1.71434,1.85149,1.68006,0.54859,0.24001,0.13715,2.22865,0.34287,0.17143,1.74863,1.13147,0.61716
MSSM,Donor_1279,female,80,No,No,28,0.25425,0.44493,1.71616,2.47890,3.49588,1.14411,0.19068,0.12712,0.12712,0.69918,8.26299,0.00000,0.00000,0.06356,0.00000
MSSM,Donor_1281,male,54,No,No,21,0.48339,0.00000,0.96678,1.93355,2.90033,2.41694,1.45016,0.80565,0.16113,0.96678,0.80565,0.64452,2.57807,0.80565,0.64452
MSSM,Donor_1284,female,89,No,No,24,0.19179,0.57536,1.15073,5.27416,1.82198,0.86304,1.24662,0.38358,0.28768,0.67126,6.04131,0.00000,0.00000,0.00000,0.00000
MSSM,Donor_1288,female,41,No,No,24,0.31110,0.31110,0.46666,2.64439,4.04436,1.24442,2.17773,0.15555,0.31110,0.77776,9.33315,0.00000,0.15555,0.00000,0.15555
MSSM,Donor_1291,male,41,No,No,55,1.06945,0.35648,1.88427,11.50936,1.47686,0.71297,0.96760,0.40741,0.15278,0.61112,0.10185,0.20371,2.39354,0.71297,0.56019
MSSM,Donor_1295,female,74,No,No,20,1.04618,1.52172,1.71194,4.27984,3.13855,3.04345,1.04618,0.47554,0.00000,1.14129,4.94560,0.09511,0.28532,0.09511,0.00000
MSSM,Donor_1296,male,84,No,No,26,0.56602,0.66036,1.50939,5.09420,1.79240,0.37735,1.03771,0.09434,0.28301,0.37735,8.86767,0.18867,2.16975,0.66036,0.66036
MSSM,Donor_13,male,74,No,No,44,0.43755,0.39777,1.03421,3.50041,4.05730,2.70486,1.86954,0.87510,0.35800,1.23310,0.03978,0.27844,2.70486,0.87510,0.59666
MSSM,Donor_130,male,76,Yes,No,96,0.48011,0.77557,1.64346,1.44034,3.10226,1.60653,0.83096,0.40625,0.18466,1.60653,0.24006,0.16619,2.52982,1.47727,0.57244
MSSM,Donor_1300,male,83,No,No,36,0.14609,0.14609,0.77917,0.73047,3.21409,1.41225,0.87657,0.19479,0.24349,1.16876,0.24349,0.19479,1.94793,1.07136,0.82787
MSSM,Donor_1302,male,66,No,No,26,1.45436,0.59497,1.18993,6.67685,3.23926,0.72718,0.99161,0.19832,0.13221,0.92550,0.46275,0.52886,2.04933,0.79329,0.59497
MSSM,Donor_1307,female,69,No,No,57,1.77244,0.85213,1.09073,2.99951,2.31781,1.12482,0.37494,0.34085,0.10226,0.85213,7.87372,0.00000,0.06817,0.00000,0.06817
MSSM,Donor_1309,male,71,No,No,20,0.35650,1.42601,3.08968,2.25785,3.20852,3.08968,0.71300,0.35650,0.23767,1.18834,0.11883,0.47534,3.44619,0.95067,0.71300
MSSM,Donor_1312,male,80,No,No,22,0.56590,1.22613,2.16930,6.22495,2.16930,0.75454,0.94317,0.28295,0.28295,1.13181,0.18863,0.09432,2.92384,0.56590,0.56590
MSSM,Donor_1320,female,55,No,No,32,0.71754,1.07631,1.70416,4.75370,3.04955,1.52477,1.16600,0.17939,0.35877,1.07631,13.00542,0.00000,0.26908,0.00000,0.00000
MSSM,Donor_1321,male,80,No,No,21,1.37587,0.57932,1.01380,2.46209,2.46209,1.15863,0.57932,0.07241,0.21724,1.01380,0.07241,0.07241,3.25865,1.30346,0.43449
MSSM,Donor_1327,female,80,Yes,No,36,0.47772,0.74312,1.64547,1.43315,5.04257,2.49475,0.90235,0.05308,0.05308,1.69855,7.74963,0.00000,0.21232,0.00000,0.00000
MSSM,Donor_1333,female,88,No,No,31,1.51120,0.86354,1.83503,4.20978,5.66701,1.72709,0.80957,0.32383,0.32383,1.24134,9.55295,0.00000,0.00000,0.00000,0.00000
MSSM,Donor_1335,male,80,No,No,36,0.37496,0.81240,0.87490,0.81240,5.06190,2.24973,1.18736,0.37496,0.18748,2.81217,0.00000,0.00000,2.31223,0.74991,0.12499
MSSM,Donor_1348,male,80,No,No,26,0.58066,0.58066,2.07379,3.31807,1.90789,1.32723,0.58066,0.24886,0.41476,0.91247,0.41476,0.33181,3.81578,0.41476,0.41476
MSSM,Donor_1356,female,86,No,No,36,0.77559,0.77559,1.32958,2.27137,4.37654,2.71456,1.44038,0.72019,0.22160,1.27418,10.91364,0.00000,0.00000,0.00000,0.00000
MSSM,Donor_1358,male,68,No,No,32,0.69667,0.69667,2.43836,3.93123,0.89572,0.99525,0.99525,0.34834,0.00000,2.09002,0.24881,0.00000,2.23931,1.09477,0.44786
MSSM,Donor_136,female,80,No,No,20,0.56553,1.03680,1.13105,3.77017,1.69658,0.75403,0.56553,0.28276,0.28276,0.84829,8.95415,0.00000,0.18851,0.00000,0.18851
MSSM,Donor_1361,male,57,No,No,33,0.77412,0.33177,1.99060,3.59414,2.48825,1.16118,0.60824,0.27647,0.05529,0.99530,0.16588,0.16588,2.82002,0.66353,0.49765
MSSM,Donor_1365,female,84,No,No,78,0.40894,0.64750,0.57934,0.74973,1.87433,1.49946,0.81789,0.44302,0.13631,1.09052,8.82640,0.03408,0.10224,0.00000,0.00000
MSSM,Donor_1367,female,88,No,No,24,0.86656,0.64992,0.75824,1.29984,2.92464,2.27472,0.32496,0.21664,0.10832,1.62480,6.06592,0.00000,0.32496,0.00000,0.00000
MSSM,Donor_1368,male,48,No,No,22,0.00000,0.36219,1.81097,7.96827,2.71646,0.72439,0.90549,0.18110,0.18110,0.36219,0.54329,0.18110,4.52743,0.36219,0.54329
MSSM,Donor_1371,female,85,No,No,21,1.34838,0.84274,1.51693,8.93301,2.02257,1.43265,1.01128,0.58992,0.00000,0.75846,9.10156,0.00000,0.16855,0.00000,0.00000
MSSM,Donor_1372,female,78,No,No,25,1.66540,0.70122,1.40244,5.96036,2.19131,2.54192,0.52591,0.26296,0.26296,0.87652,3.50610,0.00000,0.00000,0.00000,0.00000
MSSM,Donor_1373,female,83,No,No,33,1.04387,0.00000,0.40149,1.60595,2.08773,1.04387,1.04387,0.40149,0.24089,2.97100,9.23420,0.08030,0.08030,0.00000,0.00000
MSSM,Donor_1379,female,81,No,No,55,1.16931,1.64261,3.03465,12.44484,1.36420,0.77954,0.41761,0.13920,0.38977,0.41761,9.88349,0.02784,0.02784,0.00000,0.00000
MSSM,Donor_1381,male,82,No,No,34,1.13580,0.85185,1.06481,5.67900,3.12345,1.41975,1.98765,0.42592,0.35494,0.99382,0.00000,0.49691,3.12345,0.85185,0.63889
MSSM,Donor_1385,female,60,No,No,82,1.17348,0.62586,1.36906,6.53237,1.52552,0.74320,0.54762,0.31293,0.27381,0.70409,9.27049,0.00000,0.03912,0.00000,0.00000
MSSM,Donor_139,female,75,No,No,189,1.21074,0.82018,1.96843,3.00733,1.74972,0.80456,0.57022,0.19528,0.21090,0.69520,8.84233,0.00781,0.07030,0.00000,0.02343
MSSM,Donor_1398,male,80,No,No,63,0.87656,0.59765,0.83671,1.35468,2.74920,1.43437,0.51797,0.23906,0.19922,1.43437,0.39843,0.19922,2.11171,0.99609,0.75703
MSSM,Donor_1403,female,53,Yes,No,38,1.78564,2.83871,2.01457,4.57857,4.48699,1.69407,1.83143,0.41207,0.27471,1.19043,7.46306,0.00000,0.00000,0.04579,0.00000
MSSM,Donor_1407,female,89,Yes,No,29,0.89712,1.06023,1.06023,2.44668,2.93602,1.46801,0.65245,0.24467,0.40778,1.79423,9.62362,0.00000,0.16311,0.00000,0.08156
MSSM,Donor_1409,male,85,No,No,34,0.73484,0.26722,1.06886,2.47174,2.27133,3.07298,1.87051,0.60123,0.33402,1.40288,0.13361,0.40082,1.67010,0.86845,0.33402
MSSM,Donor_1414,female,67,No,No,30,1.65758,1.17412,1.79572,6.14688,1.31225,0.82879,0.55253,0.06907,0.48346,0.62159,10.42897,0.06907,0.00000,0.00000,0.00000
MSSM,Donor_1416,female,85,No,No,21,1.25232,0.45539,2.16310,1.93540,4.55389,2.16310,1.59386,0.45539,0.34154,0.68308,5.35082,0.11385,0.11385,0.11385,0.00000
MSSM,Donor_1419,male,64,No,No,61,0.79733,0.16786,0.96519,2.01430,3.02145,1.55269,1.25894,0.41965,0.33572,1.55269,0.08393,0.25179,2.60181,0.58750,0.46161
MSSM,Donor_1426,male,68,No,No,39,1.11761,1.67642,2.01170,5.58806,3.40872,0.94997,0.50293,0.33528,0.16764,0.89409,0.89409,0.27940,2.96167,0.78233,0.33528
MSSM,Donor_1427,female,80,No,No,28,0.21890,0.51077,1.38639,1.09452,2.18903,1.75122,0.72968,0.36484,0.00000,2.11606,6.05632,0.00000,0.07297,0.00000,0.00000
MSSM,Donor_1429,male,27,No,No,26,0.43368,0.21684,1.08421,6.18000,2.71053,1.30105,0.43368,0.10842,0.21684,0.97579,0.43368,0.32526,2.60211,0.75895,0.21684
MSSM,Donor_143,female,80,No,No,26,0.44490,0.25423,0.76269,2.92366,2.22452,1.14404,0.31779,0.19067,0.06356,1.33471,11.63109,0.06356,0.00000,0.00000,0.06356
MSSM,Donor_1430,male,69,No,No,28,0.64132,0.82455,2.19881,1.37426,2.84013,1.28264,1.55749,0.45809,0.18323,1.00779,0.09162,0.18323,1.46587,0.27485,0.45809
MSSM,Donor_1433,male,61,No,No,25,0.32116,1.28465,2.35518,4.06804,2.14108,0.64232,0.64232,0.21411,0.32116,1.28465,0.74938,0.10705,2.56929,0.85643,0.85643
MSSM,Donor_1438,female,77,No,No,25,0.45576,0.91152,0.58598,9.24539,3.45075,0.45576,0.71619,0.19533,0.26043,1.49749,9.31050,0.00000,0.13022,0.00000,0.00000
MSSM,Donor_1440,female,73,No,No,31,0.91801,0.51001,2.04003,3.16204,3.77405,1.53002,2.24403,0.30600,0.00000,0.40801,11.01614,0.10200,0.00000,0.00000,0.00000
MSSM,Donor_1445,male,53,No,No,35,0.83628,0.97566,1.46349,4.18139,5.78425,2.29976,0.48783,0.27876,0.00000,0.97566,0.62721,0.20907,2.85728,0.62721,0.13938
MSSM,Donor_1457,female,86,No,No,23,1.03053,1.23664,1.75191,8.03817,1.85496,1.03053,1.03053,0.20611,0.30916,0.72137,7.00764,0.00000,0.00000,0.00000,0.00000
MSSM,Donor_146,female,80,No,No,28,1.02298,0.83117,2.23777,4.28372,2.42957,0.76723,0.51149,0.12787,0.06394,0.95904,7.03298,0.00000,0.12787,0.06394,0.12787
MSSM,Donor_1463,male,75,Yes,No,31,1.16727,1.16727,1.25065,7.58725,1.75090,0.50026,1.00052,0.16675,0.16675,0.41688,0.00000,0.25013,3.25168,0.50026,0.91714
MSSM,Donor_1465,female,84,No,No,31,0.52682,0.52682,3.10239,4.97553,3.04385,1.11218,0.64389,0.23414,0.11707,0.81950,6.79014,0.05854,0.05854,0.00000,0.17561
MSSM,Donor_1469,female,80,No,No,20,0.32792,0.98375,0.49188,2.78730,3.27917,3.11521,2.13146,0.65583,0.16396,1.63959,5.08272,0.00000,0.16396,0.00000,0.00000
MSSM,Donor_147,male,79,No,No,34,0.43541,0.29027,0.54426,1.88678,2.97530,1.08853,0.54426,0.18142,0.14514,1.05224,0.39913,0.43541,2.21334,1.19738,0.54426
MSSM,Donor_1478,female,80,No,No,23,0.45516,0.45516,1.59307,5.31023,4.24819,2.95856,1.89651,0.98619,0.30344,1.06205,10.77218,0.00000,0.00000,0.00000,0.07586
MSSM,Donor_1479,female,89,No,No,21,0.89727,0.25636,1.41000,10.12639,3.71728,1.66637,2.56364,0.89727,0.51273,0.64091,15.38185,0.00000,0.00000,0.00000,0.12818
MSSM,Donor_1489,female,84,No,No,20,1.51586,1.19674,1.67543,6.78150,1.43608,0.47869,0.95739,0.07978,0.39891,0.47869,4.38803,0.00000,0.63826,0.00000,0.39891
MSSM,Donor_1491,female,73,No,No,22,0.83203,0.72803,0.83203,3.22413,3.95216,0.93604,0.72803,0.20801,0.10400,0.72803,11.96048,0.10400,0.10400,0.10400,0.00000
MSSM,Donor_1492,male,78,No,No,65,1.10085,0.80447,0.55043,2.03234,2.83681,2.03234,1.77830,0.42340,0.38106,1.31255,0.29638,0.59277,2.07468,1.56660,0.42340
MSSM,Donor_15,male,51,No,No,35,0.22984,0.30646,2.29843,2.22181,4.21378,0.84276,0.76614,0.45969,0.22984,0.76614,0.30646,0.38307,2.06858,0.45969,0.61291
MSSM,Donor_150,male,89,No,No,22,0.53164,0.74429,0.74429,1.06328,1.59491,0.85062,0.63797,0.53164,0.10633,1.38226,1.27593,0.21266,1.80757,0.42531,0.21266
MSSM,Donor_151,female,73,No,No,48,1.01472,0.40589,1.89414,3.38240,1.82650,1.01472,0.74413,0.33824,0.20294,0.74413,9.47072,0.13530,0.54118,0.00000,0.06765
MSSM,Donor_152,male,73,No,No,33,0.87017,0.60912,0.78315,2.69753,1.47929,1.39227,0.87017,0.43509,0.00000,1.91438,0.95719,0.00000,2.61051,1.30526,0.43509
MSSM,Donor_153,female,72,No,No,21,0.92548,0.64072,1.85097,5.83767,2.91884,1.42382,1.92216,0.49834,0.21357,1.28144,4.55623,0.07119,0.00000,0.00000,0.00000
MSSM,Donor_159,female,80,No,No,35,0.64163,0.44914,1.53992,5.32556,3.20817,1.53992,1.15494,0.12833,0.25665,0.96245,13.21767,0.32082,0.06416,0.00000,0.12833
MSSM,Donor_162,female,80,No,No,83,0.97167,0.80349,2.13019,3.60638,2.91500,1.00904,0.56058,0.20554,0.31766,0.84087,10.55753,0.01869,0.16817,0.01869,0.03737
MSSM,Donor_172,female,80,No,No,34,0.73037,0.41735,0.93905,4.12137,3.02581,0.93905,1.56508,0.41735,0.05217,0.57386,9.59913,0.05217,0.05217,0.00000,0.00000
MSSM,Donor_176,male,56,No,No,29,1.72965,0.30523,1.22093,3.35755,1.01744,0.40698,1.32267,0.20349,0.00000,0.40698,0.20349,0.10174,3.25580,1.11918,0.40698
MSSM,Donor_177,female,28,No,No,56,0.66817,0.57272,0.90680,6.82490,3.77040,1.14544,0.95453,0.28636,0.09545,1.04998,9.78394,0.09545,0.38181,0.04773,0.04773
MSSM,Donor_179,male,79,Yes,No,50,1.62496,1.76750,1.42540,3.16439,1.45391,0.57016,0.68419,0.14254,0.22806,0.88375,0.45613,0.25657,3.42097,0.62718,0.68419
MSSM,Donor_18,male,54,No,No,39,0.81462,0.77389,0.52951,1.75144,0.97755,1.14047,0.44804,0.08146,0.28512,1.26267,0.00000,0.12219,3.25850,0.48877,0.57024
MSSM,Donor_181,male,85,No,No,27,1.11830,0.65234,0.83872,7.82808,4.28681,1.39787,1.30468,0.18638,0.27957,0.65234,1.77064,0.37277,2.60936,0.27957,0.37277
MSSM,Donor_184,male,82,No,No,20,1.44065,0.72032,1.08048,4.32194,4.32194,1.44065,0.96043,0.12005,0.24011,0.84038,0.72032,0.00000,2.64118,1.56070,0.24011
MSSM,Donor_19,male,59,Yes,No,21,0.58367,0.29183,0.43775,4.96119,3.93977,1.16734,1.60509,0.72959,0.14592,1.16734,0.14592,0.29183,3.64793,0.87550,0.29183
MSSM,Donor_190,female,81,No,No,48,1.07317,0.53658,1.66341,4.18536,2.03902,1.23414,0.53658,0.16098,0.10732,1.12683,6.86828,0.00000,0.16098,0.00000,0.00000
MSSM,Donor_194,female,80,No,No,39,0.45614,0.57018,1.25439,7.35529,3.47808,1.19737,0.51316,0.17105,0.28509,0.68421,10.43425,0.05702,0.17105,0.11404,0.11404
MSSM,Donor_195,female,76,No,No,33,0.00000,0.21941,0.87762,1.31643,1.75525,1.53584,1.17016,0.43881,0.00000,3.14481,7.53293,0.00000,0.00000,0.00000,0.07314
MSSM,Donor_197,male,64,No,No,21,1.61877,0.62260,2.86397,3.98466,2.98849,1.61877,1.36973,0.49808,0.12452,1.49425,0.00000,0.62260,3.11301,1.24521,0.24904
MSSM,Donor_2,male,42,No,No,36,1.10085,1.25811,2.12306,13.52467,2.28032,1.10085,1.25811,0.31453,0.15726,0.94358,0.00000,0.15726,4.24612,1.49400,0.78632
MSSM,Donor_207,male,35,No,No,47,0.88468,0.56872,1.83255,3.34915,1.39021,0.75830,0.12638,0.12638,0.31596,1.45341,0.75830,0.12638,3.66511,0.56872,0.63192
MSSM,Donor_210,female,82,No,No,24,2.89195,0.98749,1.05803,2.18659,2.96248,1.55178,1.55178,0.21161,0.07054,1.19910,8.25263,0.00000,0.07054,0.00000,0.00000
MSSM,Donor_212,female,73,Yes,No,40,0.48094,0.28857,3.65518,0.76951,6.25228,2.21235,0.86570,0.28857,0.14428,0.81761,10.19603,0.00000,0.04809,0.00000,0.04809
MSSM,Donor_214,male,80,No,No,35,1.51890,0.75945,0.80691,4.22444,3.65485,1.89862,0.99678,0.23733,0.14240,1.13917,1.09171,0.09493,2.65807,0.80691,0.80691
MSSM,Donor_222,female,88,No,No,103,0.63157,0.44063,0.89594,0.52875,2.14438,0.94000,0.91063,0.17625,0.19094,1.04282,8.66566,0.01469,0.10281,0.02938,0.02938
MSSM,Donor_225,female,80,No,No,38,1.00352,0.82643,1.41673,3.65989,2.12510,0.64934,0.47224,0.11806,0.17709,1.18061,8.14621,0.05903,0.17709,0.00000,0.11806
MSSM,Donor_235,female,80,No,No,47,1.20088,0.78808,1.42604,10.80789,2.36423,0.71302,0.33775,0.03753,0.48786,1.31346,11.52091,0.03753,0.15011,0.03753,0.03753
MSSM,Donor_236,male,64,No,No,31,0.43409,0.69455,0.52091,0.78137,1.38909,1.56273,0.95500,0.08682,0.26046,1.21546,0.00000,0.00000,2.86501,0.86818,0.60773
MSSM,Donor_237,female,88,No,No,20,0.74029,0.14806,2.36893,1.48058,2.22087,1.03641,0.14806,0.00000,0.44417,1.03641,5.77427,0.00000,0.00000,0.00000,0.00000
MSSM,Donor_243,female,80,No,No,60,1.10130,1.29897,1.21425,8.24563,2.31555,0.93187,0.25415,0.11295,0.11295,1.04482,9.20574,0.00000,0.19767,0.02824,0.00000
MSSM,Donor_245,male,75,No,No,33,0.74798,0.66487,0.99731,3.40747,3.65679,0.74798,0.83109,0.16622,0.00000,2.99192,0.08311,0.41554,1.82840,1.08042,0.41554
MSSM,Donor_247,female,60,No,No,23,0.58913,0.36821,0.88370,1.91468,2.94566,2.20924,0.58913,0.51549,0.14728,1.69375,6.48045,0.07364,0.29457,0.00000,0.00000
MSSM,Donor_25,female,89,No,No,21,1.52696,0.56257,1.12513,9.08141,1.44660,0.80366,0.64293,0.32147,0.16073,0.24110,10.04581,0.00000,0.08037,0.00000,0.00000
MSSM,Donor_252,female,83,No,No,40,0.14800,0.37000,0.88801,4.95804,2.59002,0.74001,0.88801,0.44400,0.00000,0.96201,8.43607,0.00000,0.00000,0.00000,0.00000
MSSM,Donor_255,male,89,No,No,27,0.11105,0.33316,0.77738,6.21904,2.11003,2.11003,0.22211,0.33316,0.33316,0.22211,0.66633,0.22211,1.99898,0.66633,0.55527
MSSM,Donor_262,female,59,No,No,25,0.58331,0.58331,1.49995,12.58291,2.91657,1.58328,1.08330,0.49998,0.08333,0.66664,12.58291,0.00000,0.16666,0.00000,0.00000
MSSM,Donor_263,female,80,No,No,34,0.76216,0.93152,1.60900,10.24677,1.52431,0.76216,0.76216,0.00000,0.16937,0.25405,9.73866,0.00000,0.16937,0.08468,0.00000
MSSM,Donor_264,female,71,No,No,28,0.68463,0.57053,2.28211,4.79244,1.71159,1.36927,1.02695,0.00000,0.22821,0.22821,8.21561,0.34232,0.34232,0.00000,0.00000
MSSM,Donor_279,female,60,No,No,74,1.15481,1.13556,1.75145,7.73720,1.13556,0.46192,0.40418,0.15397,0.11548,0.57740,11.25935,0.00000,0.07699,0.01925,0.01925
MSSM,Donor_280,male,60,No,No,22,1.16646,0.16664,1.33310,1.83301,4.49921,3.49939,1.24978,0.74987,0.00000,0.91651,0.33328,0.16664,3.08279,0.33328,0.33328
MSSM,Donor_283,male,86,No,No,24,1.58085,0.24321,1.45925,2.79690,4.25615,2.55369,1.94567,0.00000,0.24321,1.09444,0.36481,0.24321,2.91850,0.72963,0.48642
MSSM,Donor_287,male,64,No,No,40,1.20026,0.30007,0.90020,4.57601,2.25050,1.20026,1.35030,0.52512,0.15003,1.27528,0.07502,0.30007,3.67581,1.42531,0.45010
MSSM,Donor_288,female,41,No,No,29,1.20524,1.05458,2.56113,10.59604,1.55676,0.75327,0.55240,0.20087,0.10044,0.50218,11.75106,0.05022,0.05022,0.00000,0.00000
MSSM,Donor_29,male,72,No,No,55,1.01618,0.42992,2.57953,2.14960,2.65769,1.56335,0.54717,0.23450,0.27359,0.66442,0.35175,0.39084,3.00945,1.52427,0.50809
MSSM,Donor_292,female,60,No,No,39,1.00873,0.45851,2.84278,7.51962,1.46724,2.10916,0.73362,0.00000,0.09170,0.82532,10.08730,0.00000,0.09170,0.09170,0.00000
MSSM,Donor_296,female,80,No,No,27,1.40588,0.26360,1.14227,1.93308,2.63602,0.87867,0.70294,0.26360,0.26360,1.05441,11.68635,0.00000,0.00000,0.00000,0.00000
MSSM,Donor_302,female,84,No,No,44,0.48011,0.78018,1.62037,1.20027,2.94066,0.60014,1.08024,0.30007,0.18004,2.52057,6.00136,0.06001,0.00000,0.00000,0.06001
MSSM,Donor_305,female,79,No,No,67,1.37653,0.99110,1.32147,10.95718,2.25751,0.55061,0.71580,0.16518,0.33037,0.71580,11.01225,0.00000,0.16518,0.00000,0.16518
MSSM,Donor_307,male,56,No,No,34,1.19498,1.03565,2.38996,8.04621,3.10695,0.95598,0.87632,0.15933,0.07967,0.55766,0.55766,0.00000,3.98327,0.39833,0.79665
MSSM,Donor_317,male,75,No,No,56,0.37433,0.41593,1.24778,2.16282,4.07608,1.83008,1.16459,0.54070,0.33274,1.58052,0.45752,0.24956,2.82830,0.83185,0.66548
MSSM,Donor_318,female,64,No,No,25,0.84544,0.65756,1.78481,6.48167,1.78481,1.22118,0.46969,0.09394,0.18787,0.46969,10.33310,0.00000,0.09394,0.00000,0.09394
MSSM,Donor_325,female,73,No,No,39,1.18077,0.70846,1.74753,4.81752,2.26707,1.55861,1.98369,0.56677,0.14169,0.75569,7.41521,0.04723,0.00000,0.00000,0.00000
MSSM,Donor_329,female,77,No,No,24,0.99862,0.66575,2.66298,7.32320,2.24689,1.33149,0.58253,0.33287,0.08322,0.49931,10.31906,0.00000,0.24965,0.08322,0.00000
MSSM,Donor_336,female,68,No,No,80,1.19728,1.12085,1.50296,6.75060,3.61730,1.75770,1.32464,0.81517,0.30569,0.99348,6.64870,0.02547,0.07642,0.00000,0.00000
MSSM,Donor_339,female,80,No,No,24,1.71199,0.45653,1.76905,1.02719,3.02451,1.65492,0.79893,0.39946,0.11413,1.31252,10.61432,0.00000,0.17120,0.00000,0.00000
MSSM,Donor_340,female,74,Yes,No,29,1.46444,0.67992,1.98745,11.61088,1.93515,0.57531,0.41841,0.20921,0.20921,0.94142,10.66946,0.00000,0.05230,0.00000,0.05230
MSSM,Donor_343,female,80,No,No,23,0.67675,0.13535,1.75956,3.38377,1.35351,1.75956,1.35351,0.54140,0.27070,1.35351,8.39176,0.00000,0.00000,0.13535,0.00000
MSSM,Donor_348,female,88,No,No,24,0.47309,1.34042,0.94618,4.96744,4.02126,3.78471,1.57696,1.02503,0.15770,1.18272,8.51560,0.00000,0.07885,0.00000,0.00000
MSSM,Donor_355,female,78,No,No,51,1.53520,1.76096,1.76096,2.70917,2.39310,1.94157,0.58699,0.27092,0.27092,1.03852,7.94690,0.00000,0.04515,0.09031,0.00000
MSSM,Donor_356,female,82,No,No,100,0.48504,0.44773,1.49242,3.15274,2.76098,1.19394,0.70890,0.35445,0.13059,1.17528,11.00662,0.03731,0.13059,0.00000,0.05597
MSSM,Donor_360,male,63,No,No,33,1.47316,0.43328,1.81979,1.38651,5.97931,1.64648,1.12654,0.69325,0.25997,1.29985,0.08666,0.25997,1.73313,0.51994,0.25997
MSSM,Donor_370,female,49,No,No,30,0.74902,0.34046,1.08949,2.38325,2.85991,1.49805,1.02139,0.27237,0.40856,1.77042,11.23534,0.00000,0.00000,0.00000,0.00000
MSSM,Donor_374,female,52,No,No,28,1.07901,1.31358,1.40741,10.22716,1.73580,1.07901,0.65679,0.37531,0.23457,0.98518,11.21234,0.00000,0.14074,0.04691,0.04691
MSSM,Donor_376,male,82,No,No,39,1.59924,0.79962,2.53213,3.26512,7.12996,2.79868,0.99953,0.26654,0.06664,0.59972,0.00000,0.53308,3.19849,0.46645,0.66635
MSSM,Donor_380,female,80,No,No,101,0.72083,0.74203,1.54766,2.79851,3.32853,1.46286,0.97524,0.19081,0.31801,1.06004,5.87263,0.08480,0.12720,0.00000,0.14841
MSSM,Donor_396,female,80,No,No,28,0.62868,0.62868,0.78585,2.12181,4.63654,0.78585,1.25737,0.07859,0.07859,1.33595,9.27308,0.07859,0.31434,0.00000,0.07859
MSSM,Donor_398,male,84,No,No,28,0.88211,0.35285,0.76450,2.11707,1.11734,1.17615,0.52927,0.05881,0.11762,1.17615,0.52927,0.05881,2.35230,1.70542,0.88211
MSSM,Donor_40,male,84,No,No,22,0.99231,0.24808,0.74423,3.22501,1.73654,1.24039,0.74423,0.12404,0.24808,1.11635,0.24808,0.24808,2.35674,0.99231,0.74423
MSSM,Donor_407,female,83,No,No,21,0.58261,0.74907,0.74907,5.65964,5.40995,0.66584,0.49938,0.16646,0.24969,0.99876,13.56649,0.08323,0.00000,0.08323,0.08323
MSSM,Donor_408,male,54,Yes,No,27,1.40348,1.05261,0.93565,1.98826,3.50869,1.16956,0.23391,0.58478,0.00000,0.35087,0.23391,0.35087,2.57304,1.16956,0.70174
MSSM,Donor_409,male,85,No,No,56,0.58305,0.52168,0.12275,1.13541,1.16610,1.38091,1.04335,0.30687,0.30687,2.24014,0.55236,0.39893,2.54700,0.98198,1.07404
MSSM,Donor_41,male,53,No,No,33,0.71852,0.50296,1.22148,4.88593,2.73038,0.43111,0.35926,0.14370,0.07185,0.64667,0.86222,0.14370,2.87408,0.28741,1.00593
MSSM,Donor_413,female,80,No,No,27,0.85321,0.68256,0.59724,4.01007,3.24218,1.36513,1.45045,0.34128,0.17064,1.27981,9.21462,0.08532,0.00000,0.00000,0.00000
MSSM,Donor_414,female,80,No,No,22,0.71751,0.35876,0.35876,0.98658,1.88348,0.53814,0.44845,0.44845,0.17938,1.16596,6.63701,0.00000,0.08969,0.00000,0.00000
MSSM,Donor_415,female,63,No,No,20,0.96847,0.96847,1.50651,4.19671,1.82933,1.18369,0.53804,0.43043,0.32282,0.64565,9.14667,0.00000,0.00000,0.00000,0.00000
MSSM,Donor_418,male,66,No,No,51,0.62018,0.62018,1.39541,1.58146,2.57375,1.45742,1.02330,0.21706,0.37211,0.99229,0.74422,0.15505,2.69778,0.58917,0.43413
MSSM,Donor_421,female,83,No,No,50,1.30799,1.43457,1.85650,6.28679,3.79739,1.64553,1.01264,0.37974,0.12658,0.97044,9.70444,0.04219,0.25316,0.04219,0.08439
MSSM,Donor_425,female,83,No,No,78,0.79052,0.35933,0.79052,1.54511,1.94037,1.11391,1.29358,0.35933,0.32339,1.25764,7.40214,0.00000,0.00000,0.00000,0.00000
MSSM,Donor_432,male,78,No,No,26,0.68889,0.80371,1.95187,5.05190,5.85561,2.29632,1.49261,0.11482,0.11482,0.80371,0.11482,0.34445,1.49261,1.37779,0.57408
MSSM,Donor_439,female,87,No,No,80,0.43708,0.23004,1.90935,3.95673,2.23141,1.74832,1.08120,0.27605,0.16103,1.28824,6.23416,0.00000,0.04601,0.02300,0.00000
MSSM,Donor_44,male,64,No,No,36,0.20033,0.20033,1.73616,2.40391,3.47231,1.73616,0.73453,0.46743,0.13355,1.20196,1.06840,0.26710,2.87134,0.73453,0.80130
MSSM,Donor_442,female,80,No,No,41,0.97525,0.31031,0.97525,2.26080,2.03915,1.77318,1.19689,0.39896,0.53195,0.79793,10.28442,0.08866,0.39896,0.04433,0.00000
MSSM,Donor_445,female,86,No,No,22,0.85731,0.14289,3.00060,3.71503,2.00040,0.14289,0.28577,0.14289,0.14289,0.71443,9.00180,0.00000,0.28577,0.00000,0.14289
MSSM,Donor_451,female,86,No,No,28,0.82242,0.32897,0.98691,3.20745,4.60557,1.23363,0.90466,0.32897,0.24673,1.48036,10.85598,0.00000,0.00000,0.08224,0.08224
MSSM,Donor_454,female,80,No,No,23,0.57661,0.98847,0.98847,5.02471,3.87150,1.81219,1.72982,0.74135,0.08237,0.82372,12.10873,0.00000,0.00000,0.00000,0.00000
MSSM,Donor_455,female,81,No,No,20,1.32515,0.76719,1.74362,3.90571,2.85953,1.04617,0.83694,0.06974,0.06974,1.32515,8.09039,0.00000,0.06974,0.00000,0.00000
MSSM,Donor_456,male,58,No,No,37,0.96415,0.44994,2.44252,7.32756,2.57107,2.05686,2.76390,0.51421,0.19283,0.70705,0.19283,0.44994,2.95674,0.38566,0.44994
MSSM,Donor_482,male,61,No,No,21,0.94665,0.23666,2.12996,13.09530,2.44551,0.70999,0.63110,0.31555,0.07889,0.31555,0.31555,0.23666,3.47104,0.47332,0.78887
MSSM,Donor_483,female,79,No,No,29,0.65683,0.98524,1.31365,2.38099,3.94095,2.29889,1.72417,0.49262,0.41052,1.47786,7.38928,0.00000,0.08210,0.00000,0.16421
MSSM,Donor_486,male,51,No,No,22,0.85915,0.38184,1.14553,5.91857,1.81376,1.33645,1.14553,0.38184,0.28638,0.57276,0.38184,0.28638,3.91389,1.71830,0.38184
MSSM,Donor_489,male,76,Yes,No,51,0.98691,1.26889,1.55086,3.21452,2.98894,0.81773,0.56395,0.19738,0.16919,0.95872,0.14099,0.11279,2.19941,1.43807,0.42296
MSSM,Donor_496,female,80,No,No,30,0.50497,0.67329,1.06604,5.83516,3.36644,0.72939,0.84161,0.16832,0.39275,0.61718,9.59434,0.00000,0.16832,0.05611,0.05611
MSSM,Donor_507,male,63,No,No,21,0.64578,0.51662,1.80818,0.90409,2.58311,0.77493,0.90409,0.51662,0.00000,0.90409,0.00000,0.12916,3.61636,2.71227,0.51662
MSSM,Donor_51,female,88,No,No,27,1.70653,1.53150,1.70653,2.80046,3.36930,2.58167,0.74387,0.48133,0.39381,0.96266,11.94571,0.00000,0.08751,0.04376,0.04376
MSSM,Donor_520,female,80,No,No,21,1.59360,0.93741,1.49985,1.78108,2.43726,0.37496,0.37496,0.00000,0.09374,0.93741,10.59272,0.00000,0.18748,0.09374,0.00000
MSSM,Donor_524,female,86,No,No,24,3.84699,0.19728,1.08505,0.69049,2.95922,2.17010,1.08505,0.69049,0.19728,1.18369,6.11573,0.00000,0.00000,0.00000,0.00000
MSSM,Donor_533,male,83,Yes,No,24,1.29007,0.64504,1.07506,3.97772,0.96755,0.75254,1.07506,0.32252,0.10751,0.75254,0.21501,0.00000,3.76271,1.72010,0.43002
MSSM,Donor_536,female,80,No,No,20,2.04374,0.78605,1.41489,1.57210,3.61584,1.57210,1.10047,0.47163,0.15721,1.72931,6.28842,0.15721,0.31442,0.00000,0.00000
MSSM,Donor_539,male,64,Yes,No,48,0.56146,0.18715,1.45044,5.70819,1.40365,0.79540,0.46788,0.18715,0.32752,1.40365,0.42110,0.23394,2.24585,0.70183,0.65504
MSSM,Donor_543,male,86,No,No,24,1.36997,0.68499,1.36997,6.62153,1.71247,2.39745,0.57082,0.45666,0.22833,0.91331,0.45666,0.22833,2.85411,0.79915,0.34249
MSSM,Donor_546,female,88,No,No,49,0.74018,1.07662,2.42239,2.59061,4.50834,1.61493,0.70653,0.43738,0.26915,0.97569,7.33446,0.00000,0.26915,0.00000,0.10093
MSSM,Donor_55,female,73,No,No,51,0.81811,0.03557,0.67583,2.41875,1.28051,1.52950,0.49798,0.24899,0.21342,1.42279,14.33465,0.00000,0.03557,0.03557,0.03557
MSSM,Donor_551,male,80,No,No,33,1.37640,1.25671,1.55593,1.43624,3.59060,1.25671,0.71812,0.17953,0.23937,0.95749,0.23937,0.29922,1.61577,0.53859,0.35906
MSSM,Donor_553,male,77,No,No,28,1.30756,0.76915,0.76915,2.69204,2.46129,2.61512,0.69224,0.23075,0.23075,1.92288,0.23075,0.30766,3.38428,1.07682,0.61532
MSSM,Donor_554,male,82,Yes,No,176,0.57319,0.37382,1.31253,2.38416,1.71958,1.21285,0.78087,0.19937,0.25752,0.76426,0.26583,0.19937,2.56691,0.99686,0.45689
MSSM,Donor_557,female,80,No,No,26,1.48883,0.87578,0.96336,3.76585,1.92671,1.13851,0.61305,0.43789,0.26273,0.78820,5.60499,0.00000,0.08758,0.00000,0.08758
MSSM,Donor_561,male,87,No,No,36,0.47687,0.35765,2.14591,2.92082,1.37100,0.83452,0.47687,0.47687,0.05961,0.77491,0.89413,0.11922,2.56317,0.53648,1.01335
MSSM,Donor_562,female,58,No,No,75,1.27355,1.02339,2.20597,5.68550,2.88823,0.90968,0.77323,0.11371,0.27290,0.45484,12.53084,0.02274,0.04548,0.00000,0.02274
MSSM,Donor_564,female,87,No,No,52,0.50610,0.80132,1.66590,0.75914,3.05767,1.11763,1.13872,0.46392,0.10544,0.99111,9.57366,0.02109,0.02109,0.00000,0.02109
MSSM,Donor_565,male,62,No,No,24,1.84271,0.81898,2.66170,5.73289,1.02373,0.61424,1.22848,0.61424,0.40949,0.20475,0.00000,0.40949,3.07119,1.22848,1.02373
MSSM,Donor_57,female,79,No,No,26,1.35918,0.76454,1.27423,2.20867,2.29362,1.78392,1.10433,0.67959,0.00000,1.27423,9.59921,0.08495,0.16990,0.00000,0.00000
MSSM,Donor_573,male,80,No,No,33,0.59613,0.22355,1.93744,6.11037,3.42777,0.74517,0.74517,0.44710,0.14903,0.67065,0.67065,0.07452,2.53357,0.44710,0.59613
MSSM,Donor_579,male,75,No,No,20,0.07085,0.07085,1.34623,1.20452,1.91306,1.77135,1.27537,0.63769,0.14171,1.77135,0.35427,0.21256,3.11758,0.77940,0.42512
MSSM,Donor_584,male,82,No,No,61,0.83947,0.41973,1.45293,4.77851,1.51750,0.90404,0.54888,0.06457,0.16144,0.83947,0.41973,0.22601,2.84128,0.64574,0.38745
MSSM,Donor_587,female,80,No,No,90,1.07899,0.66060,1.43131,3.25898,1.65151,1.10101,0.88081,0.33030,0.13212,0.96889,7.04644,0.02202,0.06606,0.00000,0.02202
MSSM,Donor_588,male,43,Yes,No,22,1.38908,1.58752,1.58752,7.63995,1.98440,1.09142,0.59532,0.19844,0.09922,0.59532,0.00000,0.19844,3.47270,0.39688,0.49610
MSSM,Donor_590,female,80,No,No,46,0.94368,0.94368,1.38776,4.05227,4.99595,1.05470,1.27674,0.33306,0.44408,1.11021,12.32334,0.00000,0.44408,0.00000,0.05551
MSSM,Donor_593,male,82,No,No,23,1.84606,0.49228,1.10764,1.35378,2.70756,2.58449,1.59992,0.61535,0.00000,0.73843,1.10764,0.36921,3.32291,1.23071,0.24614
MSSM,Donor_597,male,79,No,No,32,1.05052,0.77038,0.77038,5.53276,3.50174,1.33066,1.40070,0.35017,0.21010,1.33066,0.84042,0.42021,2.73136,0.21010,0.70035
MSSM,Donor_60,male,68,No,No,25,1.71683,0.77257,1.11594,7.03899,3.43365,2.23187,1.97435,0.42921,0.17168,0.77257,0.00000,0.34337,2.40356,0.68673,0.17168
MSSM,Donor_606,male,77,No,No,29,0.17923,0.17923,0.59743,1.13511,1.67280,0.47794,1.01563,0.23897,0.05974,1.61306,0.29871,0.11949,2.98714,1.43383,0.47794
MSSM,Donor_612,male,74,No,No,27,1.65971,0.67897,1.28251,8.82666,8.44945,2.94222,0.37721,0.37721,0.07544,1.28251,0.52809,0.45265,2.71589,0.45265,0.15088
MSSM,Donor_617,female,85,No,No,22,0.68228,0.81873,0.13646,1.36455,2.72911,1.22810,0.40937,0.95519,0.27291,1.22810,10.77998,0.00000,0.00000,0.00000,0.00000
MSSM,Donor_622,female,81,No,No,59,0.61113,0.20371,1.01854,4.07417,1.42596,0.35649,0.45834,0.10185,0.15278,1.42596,5.55106,0.00000,0.40742,0.10185,0.05093
MSSM,Donor_623,male,81,No,No,36,1.00660,0.53685,1.81187,2.41583,2.75136,1.27502,0.87238,0.06711,0.26843,0.40264,0.67106,0.13421,2.28162,0.93949,0.60396
MSSM,Donor_627,male,66,No,No,27,2.69019,1.55748,0.70794,12.03506,5.09720,0.99112,1.69907,0.00000,0.00000,0.42477,1.13271,0.14159,1.55748,1.13271,0.56636
MSSM,Donor_635,male,74,No,No,39,1.01526,0.59721,1.31386,2.44857,2.56801,1.91108,1.07498,0.05972,0.05972,0.77637,0.35833,0.35833,1.73191,0.29861,0.65693
MSSM,Donor_636,female,86,No,No,54,0.34939,0.84435,2.12544,4.36735,3.87238,1.04816,1.01905,0.23293,0.20381,0.87347,9.34612,0.00000,0.23293,0.05823,0.05823
MSSM,Donor_637,male,49,No,No,44,0.57629,0.91246,0.81641,3.88995,4.89845,2.83342,1.05653,0.33617,0.19210,2.59330,0.38419,0.24012,3.16959,0.62431,0.86443
MSSM,Donor_639,female,71,No,No,102,0.05461,0.13653,1.36526,2.89436,2.32095,1.61101,0.84646,0.19114,0.05461,1.50179,14.03490,0.00000,0.27305,0.05461,0.00000
MSSM,Donor_642,female,76,Yes,No,32,0.53233,0.17744,1.30126,1.77444,2.07019,1.18296,0.82807,0.05915,0.23659,1.18296,9.46370,0.00000,0.05915,0.00000,0.00000
MSSM,Donor_649,male,80,No,No,33,1.53853,0.84371,1.78668,3.32521,1.63779,1.53853,0.59556,0.29778,0.24815,0.99260,0.89334,0.54593,2.23335,0.34741,0.19852
MSSM,Donor_651,male,69,No,No,27,1.50689,1.36990,1.50689,4.24669,3.42475,1.23291,0.82194,0.54796,0.41097,0.82194,0.41097,0.27398,2.19184,0.54796,0.41097
MSSM,Donor_653,male,85,Yes,No,31,1.30522,0.75566,1.92349,3.09132,3.36610,0.75566,0.34348,0.06870,0.27478,1.03044,0.61826,0.13739,2.67914,0.34348,0.61826
MSSM,Donor_654,male,77,No,No,34,0.89922,0.35969,1.61859,1.07906,2.42788,1.16898,0.71937,0.08992,0.00000,1.52867,0.44961,0.53953,1.97827,2.06820,0.80929
MSSM,Donor_658,male,80,No,No,68,1.03117,0.60152,0.97389,1.80455,2.32014,1.91913,1.14575,0.22915,0.25779,0.83067,0.02864,0.31508,3.09352,1.17439,0.63016
MSSM,Donor_660,male,55,No,No,28,1.16473,0.38824,1.70827,5.20247,1.94122,1.08708,1.24238,0.23295,0.23295,1.00943,0.31060,0.07765,3.10595,0.31060,0.62119
MSSM,Donor_663,male,38,No,No,102,1.05122,0.73809,1.96824,6.55334,2.70633,1.02885,0.64862,0.38023,0.22366,0.60389,0.62626,0.38023,3.15366,0.62626,0.96175
MSSM,Donor_676,male,36,No,No,28,1.28755,1.51476,1.59050,8.86135,2.19640,0.68164,1.21181,0.30295,0.00000,0.68164,0.00000,0.30295,2.72657,0.75738,0.75738
MSSM,Donor_683,female,82,No,No,32,0.73510,1.04139,1.83775,2.69537,2.14404,0.79636,1.04139,0.30629,0.06126,1.40894,8.02485,0.00000,0.06126,0.06126,0.06126
MSSM,Donor_692,female,80,No,No,101,1.86539,0.56283,1.35080,2.49254,2.49254,1.17391,0.83621,0.28946,0.20905,0.96486,10.85462,0.00000,0.14473,0.01608,0.01608
MSSM,Donor_697,male,65,No,No,20,0.53459,0.53459,1.73742,1.20283,5.81368,1.73742,0.86871,0.40094,0.53459,0.93554,0.13365,0.26730,1.60377,0.33412,0.40094
MSSM,Donor_718,male,69,No,No,22,0.17872,0.35745,0.89362,2.23404,4.91488,1.78723,1.42978,1.07234,0.17872,1.25106,1.07234,0.53617,2.94893,1.60851,0.26808
MSSM,Donor_719,male,80,No,No,63,0.73254,0.49813,0.99626,1.46508,2.31483,1.34787,0.67394,0.17581,0.20511,1.25997,0.79114,0.26371,2.37343,1.11346,0.43952
MSSM,Donor_723,female,60,No,No,21,0.66045,0.28305,1.13219,5.09487,4.71747,3.49093,0.56610,0.37740,0.00000,1.13219,6.03836,0.00000,0.00000,0.00000,0.00000
MSSM,Donor_725,female,81,No,No,34,0.72636,0.18159,0.90795,3.54101,3.63181,0.99875,0.54477,0.45398,0.18159,0.45398,9.71508,0.09080,0.00000,0.00000,0.00000
MSSM,Donor_736,female,80,No,No,30,1.47187,1.02391,1.40787,0.89592,4.67158,1.21589,0.44796,0.12799,0.12799,1.21589,10.55905,0.00000,0.31997,0.00000,0.00000
MSSM,Donor_738,female,80,No,No,29,0.68028,0.40817,1.22450,0.74830,2.31294,2.44900,2.31294,1.08844,0.27211,2.38097,5.03405,0.00000,0.13606,0.00000,0.00000
MSSM,Donor_741,female,82,No,No,27,0.51364,0.34242,0.94167,4.02349,4.45152,1.71212,1.11288,0.51364,0.17121,1.54091,14.80987,0.08561,0.25682,0.00000,0.08561
MSSM,Donor_747,female,80,No,No,41,1.31935,0.56544,1.74343,4.94758,1.88479,0.56544,0.70680,0.23560,0.14136,1.17800,6.69101,0.00000,0.00000,0.00000,0.00000
MSSM,Donor_753,male,85,No,No,47,0.53279,0.39959,1.53177,0.86578,4.46212,1.59837,1.13218,0.19980,0.00000,1.93136,0.00000,0.19980,2.39755,0.66599,0.39959
MSSM,Donor_755,male,89,No,No,36,0.81250,0.29018,1.91518,3.77231,3.54017,0.98661,0.81250,0.40625,0.29018,1.04464,0.29018,0.17411,2.08928,0.58036,0.46428
MSSM,Donor_763,male,83,No,No,21,1.76236,1.17490,1.37072,17.42774,2.34981,0.78327,0.48954,0.09791,0.09791,1.07700,1.07700,0.09791,2.93726,1.56654,0.48954
MSSM,Donor_764,male,67,No,No,21,0.62202,0.37321,1.49285,3.73213,2.48809,0.74643,0.87083,0.74643,0.12440,0.74643,0.49762,0.12440,4.35415,0.99524,0.37321
MSSM,Donor_777,male,61,No,No,26,0.63266,0.77325,2.17915,8.85721,2.88211,0.77325,0.98413,0.07030,0.28118,0.98413,0.77325,0.28118,2.67122,0.77325,0.49207
MSSM,Donor_779,female,80,No,No,21,1.73244,1.01059,2.16555,5.84698,3.24832,0.64966,0.86622,0.07218,0.21655,1.51588,9.31186,0.00000,0.00000,0.00000,0.00000
MSSM,Donor_78,female,79,No,No,31,1.24984,0.78938,1.71031,3.55219,7.49906,2.17078,1.11828,0.65781,0.06578,1.18406,7.69641,0.00000,0.00000,0.00000,0.00000
MSSM,Donor_780,female,80,No,No,21,1.67098,0.86891,1.20310,8.82276,2.80724,0.60155,0.73523,0.20052,0.06684,1.13626,9.22380,0.00000,0.00000,0.00000,0.00000
MSSM,Donor_782,male,78,No,No,27,0.79640,0.79640,1.59281,4.95540,3.27410,2.83166,1.32734,0.53094,0.08849,1.59281,0.17698,0.79640,2.03525,0.26547,0.26547
MSSM,Donor_783,female,45,No,No,47,0.55340,0.34588,0.55340,2.42114,19.23077,7.40177,3.87382,2.55949,0.20753,1.38351,9.40786,0.13835,0.13835,0.00000,0.06918
MSSM,Donor_797,male,76,Yes,No,43,0.20864,0.20864,1.28662,0.62592,2.53846,1.25184,0.93888,0.55637,0.10432,1.14752,0.45205,0.17387,3.85985,0.83456,0.45205
MSSM,Donor_798,female,58,No,No,26,0.59448,0.95117,1.54565,3.09130,2.85351,1.07007,1.18896,0.35669,0.23779,1.18896,6.77708,0.11890,0.23779,0.00000,0.23779
MSSM,Donor_801,female,80,No,No,30,2.04109,1.10559,1.10559,3.31678,2.63641,2.46632,1.61587,0.51027,0.08505,1.44578,9.09988,0.00000,0.25514,0.00000,0.00000
MSSM,Donor_805,male,42,No,No,78,0.77376,0.93496,1.54752,5.64199,1.19288,0.90272,0.64480,0.00000,0.25792,1.03168,0.29016,0.19344,3.54640,0.64480,1.06392
MSSM,Donor_809,female,64,Yes,No,30,1.13289,0.84967,1.13289,1.77014,5.02719,2.69061,1.91175,0.70805,0.14161,0.92047,13.87788,0.00000,0.00000,0.00000,0.00000
MSSM,Donor_814,female,89,No,No,54,0.15939,0.03985,0.91650,2.11192,2.15177,2.66979,0.99619,1.39467,0.43832,1.83299,6.57486,0.00000,0.07970,0.00000,0.03985
MSSM,Donor_818,male,80,No,No,37,0.62125,0.34945,0.85422,5.78540,1.66961,0.85422,0.31063,0.38828,0.19414,1.20367,0.15531,0.19414,2.40735,1.28133,0.38828
MSSM,Donor_819,male,80,No,No,47,0.70614,0.89445,1.27105,3.29533,1.03567,0.32953,0.32953,0.09415,0.23538,0.75322,0.28246,0.23538,2.68334,0.61199,0.65907
MSSM,Donor_821,female,77,No,No,20,0.80652,0.30245,1.61305,4.33507,3.52855,1.81468,1.71387,0.60489,0.60489,0.60489,13.61011,0.20163,0.20163,0.00000,0.00000
MSSM,Donor_824,male,88,No,No,56,0.43688,0.53397,0.63105,0.97085,3.34943,0.87377,1.06794,0.48543,0.29126,0.92231,0.38834,0.19417,2.81547,0.38834,0.33980
MSSM,Donor_825,male,80,No,No,66,0.33092,0.33092,1.29058,2.54807,7.31328,1.88623,0.59565,0.39710,0.09928,1.75386,1.29058,0.13237,3.47464,0.59565,0.56256
MSSM,Donor_829,female,80,No,No,138,0.72390,0.27640,2.23750,3.35624,2.17169,0.96081,0.50015,0.14478,0.22375,1.17139,12.05615,0.05265,0.10529,0.02632,0.03949
MSSM,Donor_831,female,88,No,No,61,0.87778,0.61179,1.59596,2.50034,2.10135,0.69158,0.63838,0.23939,0.13300,0.50539,9.68216,0.00000,0.02660,0.00000,0.00000
MSSM,Donor_834,female,87,No,No,50,0.77784,0.20469,2.16976,3.11135,1.51474,1.22816,0.20469,0.24563,0.24563,1.55567,7.90119,0.00000,0.32751,0.08188,0.04094
MSSM,Donor_836,female,80,No,No,61,1.32622,0.54779,1.47037,2.19114,2.33530,1.15323,0.51895,0.20182,0.17298,1.32622,7.12121,0.02883,0.25948,0.05766,0.14415
MSSM,Donor_839,female,76,No,No,135,0.65548,0.28092,1.24073,1.91962,4.61176,1.56847,1.19391,0.84276,0.32774,1.61529,7.95938,0.04682,0.21069,0.02341,0.04682
MSSM,Donor_842,male,50,No,No,37,1.38100,0.79673,1.38100,3.61183,3.71806,2.65576,1.85903,0.47804,0.31869,1.48723,0.15935,0.58427,1.75280,0.53115,0.47804
MSSM,Donor_843,female,80,No,No,37,0.72819,0.39210,1.06427,7.56192,3.13680,1.28833,1.17630,0.44811,0.16804,1.00826,5.15331,0.00000,0.16804,0.11203,0.00000
MSSM,Donor_844,female,84,No,No,67,1.55941,0.67175,2.47107,5.46995,2.37511,0.67175,0.45583,0.07197,0.07197,1.10359,10.81994,0.00000,0.04798,0.00000,0.00000
MSSM,Donor_846,female,79,No,No,22,0.51598,0.77396,2.45089,5.28875,3.35384,1.03195,0.77396,0.64497,0.25799,1.16095,7.61064,0.00000,0.12899,0.00000,0.12899
MSSM,Donor_851,male,84,No,No,52,0.73256,0.18314,1.22093,1.40407,1.09883,0.67151,0.54942,0.24419,0.00000,1.28197,0.85465,0.12209,3.11336,1.64825,0.30523
MSSM,Donor_852,female,80,No,No,20,1.25107,0.83405,1.87660,6.88088,2.08511,0.62553,1.87660,0.20851,0.20851,0.41702,7.92343,0.00000,0.41702,0.00000,0.00000
MSSM,Donor_854,female,74,No,No,22,0.75727,1.26212,0.67313,5.72159,1.59868,1.26212,1.00969,0.33656,0.16828,0.58899,11.02248,0.00000,0.08414,0.00000,0.00000
MSSM,Donor_858,male,19,No,No,77,0.37070,0.55605,0.69507,2.45590,2.13153,1.34379,1.20478,0.46338,0.00000,1.01943,0.83408,0.41704,2.78026,1.25112,0.97309
MSSM,Donor_868,male,60,No,No,64,0.60093,0.94431,0.85846,2.68986,3.11909,1.20185,0.74400,0.45785,0.14308,1.17324,0.68677,0.17169,3.51971,0.88708,0.51508
MSSM,Donor_869,female,69,No,No,23,0.74305,1.48609,1.07329,5.86181,4.12804,1.23841,1.81634,0.41280,0.24768,1.23841,10.07241,0.00000,0.00000,0.00000,0.00000
MSSM,Donor_87,female,81,No,No,28,1.67860,1.55870,1.01915,1.85845,1.85845,0.59950,0.47960,0.23980,0.17985,0.77935,8.57283,0.00000,0.11990,0.05995,0.00000
MSSM,Donor_870,female,87,No,No,32,1.49591,0.58174,1.32970,1.08038,5.23569,2.32697,0.91417,0.33242,0.41553,1.49591,10.05585,0.00000,0.00000,0.00000,0.00000
MSSM,Donor_877,male,80,No,No,32,0.67829,0.42393,0.67829,3.98494,3.22187,1.78051,1.86529,0.42393,0.08479,1.35658,0.08479,0.16957,2.03486,0.50872,0.42393
MSSM,Donor_88,female,89,No,No,33,1.06002,1.06002,1.67837,0.97169,4.41677,1.76671,0.79502,0.61835,0.17667,1.23669,11.39526,0.00000,0.17667,0.00000,0.00000
MSSM,Donor_888,female,80,No,No,22,1.52938,1.16953,2.06916,4.58815,5.30786,2.60895,1.25949,0.44982,0.08996,0.53978,9.89600,0.08996,0.00000,0.00000,0.00000
MSSM,Donor_890,female,62,Yes,No,34,1.00683,0.05034,1.00683,1.10751,2.01365,1.51024,1.51024,0.35239,0.20137,0.55375,8.96075,0.00000,0.10068,0.05034,0.20137
MSSM,Donor_896,male,81,No,No,20,1.48795,0.39679,1.68634,7.34054,3.57107,1.88473,1.19036,0.29759,0.00000,0.89277,0.39679,0.69438,2.97590,0.59518,0.49598
MSSM,Donor_898,female,80,No,No,31,1.80132,0.39159,0.23496,3.52433,2.97610,2.74114,1.48805,0.39159,0.23496,1.72300,12.29598,0.15664,0.15664,0.00000,0.07832
MSSM,Donor_90,male,80,No,No,40,1.09982,0.99507,1.62354,2.09489,2.04252,2.19963,0.89033,0.36661,0.26186,1.20456,0.47135,0.15712,3.66605,0.68084,1.15219
MSSM,Donor_907,male,35,No,No,64,0.74125,0.87362,1.03246,3.12384,1.77371,0.50299,0.47652,0.07942,0.10589,1.03246,0.90009,0.13237,2.88558,0.74125,0.47652
MSSM,Donor_909,male,71,No,No,22,0.40242,0.67070,2.14624,8.85324,2.68280,0.93898,0.80484,0.00000,0.40242,0.53656,1.87796,0.00000,2.28038,0.13414,0.26828
MSSM,Donor_912,male,83,No,No,23,0.82610,0.30979,1.44568,1.44568,2.37505,1.85874,1.44568,0.41305,0.41305,1.13589,0.41305,0.10326,2.68484,0.82610,0.61958
MSSM,Donor_919,female,72,No,No,28,1.10059,0.27515,2.14616,2.36628,1.81598,1.10059,1.04556,0.44024,0.22012,1.48580,9.90535,0.05503,0.05503,0.00000,0.00000
MSSM,Donor_923,female,59,No,No,33,0.45676,0.35526,2.94355,1.47177,7.35887,2.33454,1.01502,0.25375,0.10150,1.42102,6.14085,0.05075,0.05075,0.00000,0.05075
MSSM,Donor_927,female,80,No,No,32,1.07394,1.07394,0.63173,2.40057,2.14787,0.94759,0.50538,0.63173,0.12635,1.13711,6.31728,0.00000,0.12635,0.06317,0.00000
MSSM,Donor_928,female,80,No,No,49,1.26399,1.83279,1.32719,8.15277,1.83279,0.47400,0.82160,0.09480,0.15800,0.85320,11.21795,0.00000,0.09480,0.03160,0.00000
MSSM,Donor_929,female,76,No,No,41,0.94398,0.19873,1.88796,3.52751,1.63955,1.78860,1.19240,0.29810,0.04968,1.24208,6.80661,0.04968,0.14905,0.04968,0.04968
MSSM,Donor_935,female,80,No,No,78,1.10908,0.92423,1.39661,7.53761,5.46322,1.74577,0.86261,0.30808,0.18485,1.68415,12.01498,0.00000,0.10269,0.00000,0.02054
MSSM,Donor_937,female,80,Yes,No,31,0.82364,1.20379,1.20379,7.85631,1.71065,1.14043,0.82364,0.06336,0.31679,1.01372,10.13717,0.00000,0.06336,0.00000,0.00000
MSSM,Donor_940,male,87,No,No,38,0.65216,0.45652,1.27172,4.76080,2.57605,1.27172,1.07607,0.35869,0.39130,0.71738,0.13043,0.13043,2.31518,0.84781,0.55434
MSSM,Donor_957,male,31,No,No,28,0.14203,0.28406,2.05943,0.28406,10.15510,1.84638,0.42609,0.28406,0.07101,1.56232,1.77537,0.35507,2.05943,0.85218,0.42609
MSSM,Donor_96,female,86,No,No,67,0.71861,0.68439,1.09503,1.36878,3.90104,2.22428,0.99237,0.51329,0.10266,1.30035,7.76785,0.00000,0.03422,0.00000,0.00000
MSSM,Donor_962,female,80,No,No,27,0.49198,0.08200,0.73798,1.47595,1.63995,0.73798,0.65598,0.24599,0.08200,0.90197,10.16769,0.00000,0.00000,0.00000,0.00000
MSSM,Donor_964,male,59,Yes,No,123,0.66813,0.52147,1.43404,6.53468,2.33032,1.18961,1.02665,0.17926,0.27703,0.97776,0.17926,0.21185,4.09029,0.81480,0.55406
MSSM,Donor_965,female,67,No,No,22,2.58236,1.48681,0.46952,4.46044,7.43407,2.34760,1.56507,0.54777,0.00000,1.01729,7.19931,0.00000,0.00000,0.00000,0.00000
MSSM,Donor_966,female,84,No,No,45,1.08265,0.96236,1.36334,7.93947,3.36826,1.12275,1.28315,0.36088,0.24059,1.12275,7.73898,0.08020,0.24059,0.00000,0.28069
MSSM,Donor_970,male,73,No,No,32,1.07031,0.81847,1.69990,7.99582,3.52572,0.88143,0.56663,0.06296,0.18888,1.25918,0.31480,0.06296,2.26653,0.88143,0.56663
MSSM,Donor_973,female,63,No,No,78,0.72127,0.28336,1.03039,2.57597,6.69751,1.41678,2.06077,0.74703,0.23184,1.57134,8.29461,0.00000,0.07728,0.05152,0.05152
MSSM,Donor_978,male,63,Yes,No,35,0.77303,0.65410,1.18928,1.90285,12.30905,2.49749,1.12982,0.83250,0.05946,1.07035,0.59464,0.23786,2.85427,0.35678,0.77303
MSSM,Donor_979,male,68,No,No,49,1.69412,0.55318,1.17551,1.59040,2.90420,1.72869,1.34838,0.48403,0.31116,1.10636,0.03457,0.20744,2.73133,0.44946,0.48403
MSSM,Donor_982,male,72,No,No,25,0.73971,0.44383,1.84928,3.18076,2.73693,1.33148,1.84928,0.44383,0.22191,0.73971,0.81368,0.29588,2.51502,0.66574,0.44383
MSSM,Donor_983,female,88,No,No,33,0.73408,1.46817,1.97285,4.72566,1.19288,0.64232,0.87172,0.27528,0.13764,0.64232,8.21255,0.00000,0.13764,0.00000,0.00000
MSSM,Donor_985,male,84,No,No,29,1.06189,0.56634,1.06189,2.19458,3.11489,2.33617,1.13269,0.28317,0.14159,1.06189,0.99110,0.35396,3.75203,0.63714,1.20348
MSSM,Donor_986,male,84,Yes,No,21,0.79042,0.70260,1.49302,4.83037,2.54692,1.49302,1.49302,0.52695,0.26347,1.58085,0.26347,0.00000,3.33734,0.52695,0.43912
MSSM,Donor_991,male,39,No,No,130,0.76732,0.63030,1.47983,7.12510,2.72672,0.39736,0.41106,0.05481,0.24664,0.64400,0.17813,0.26034,3.34332,1.30170,0.67140
MSSM,Donor_994,male,70,Yes,No,59,0.80672,1.55581,1.55581,4.78268,4.86911,1.26770,1.09483,0.34574,0.14406,0.89315,1.06602,0.17287,2.42015,0.66266,0.54741
MSSM,Donor_997,female,89,No,No,32,1.33624,1.51053,1.85911,3.48584,4.00871,1.45243,1.04575,0.11619,0.00000,1.39434,5.40305,0.00000,0.00000,0.00000,0.00000
RADC,Donor_1001,male,80,No,No,150,0.56945,0.56945,1.31607,1.18952,2.84726,1.18952,1.17687,0.39229,0.10124,1.42996,0.29105,0.32902,2.35373,1.12625,0.53149
RADC,Donor_1002,male,88,No,No,59,1.36792,0.84905,2.59433,6.03771,2.73584,1.79244,0.66037,0.33019,0.23585,0.47170,0.99056,0.09434,2.54716,0.70754,0.37736
RADC,Donor_1017,male,86,No,No,34,0.84255,0.28085,1.79744,3.70722,1.46042,1.29191,1.34808,0.61787,0.11234,0.89872,0.73021,0.11234,2.13446,1.06723,0.33702
RADC,Donor_1024,male,76,No,No,59,1.29690,0.77814,1.08939,6.12135,1.19314,0.83001,0.51876,0.00000,0.31125,0.57063,0.57063,0.20750,2.43816,0.31125,0.41501
RADC,Donor_103,male,80,No,No,178,0.88263,0.49035,1.28893,3.99287,2.73196,1.40101,0.95268,0.29421,0.16812,0.81258,0.22416,0.26619,2.39572,0.85461,0.65847
RADC,Donor_1055,female,80,No,No,35,1.84027,0.08365,2.63494,1.58933,1.29656,0.71101,0.37642,0.08365,0.16730,0.58554,6.39913,0.04182,0.00000,0.04182,0.00000
RADC,Donor_1068,female,80,No,No,100,1.22980,0.57598,0.76278,2.00815,0.98072,0.29577,0.40474,0.12454,0.15567,0.70052,9.27795,0.01557,0.24907,0.00000,0.06227
RADC,Donor_1083,female,83,No,No,28,0.34777,0.23185,0.69555,2.20257,4.28921,1.39109,1.15925,0.11592,0.11592,1.73887,6.49178,0.11592,0.34777,0.00000,0.11592
RADC,Donor_1091,female,89,No,No,52,0.37970,0.11391,0.64549,1.13910,1.55677,1.51880,0.98722,0.41767,0.22782,1.13910,7.10041,0.00000,0.15188,0.03797,0.03797
RADC,Donor_1128,female,65,No,No,78,1.11627,0.50040,1.63591,7.77538,1.77063,1.17400,0.86607,0.34643,0.25020,0.40417,5.44661,0.01925,0.13472,0.03849,0.01925
RADC,Donor_1131,female,72,No,No,113,1.08981,1.02927,1.33200,2.98690,2.50254,1.06963,0.74672,0.18164,0.18164,0.94854,7.42689,0.04036,0.12109,0.04036,0.00000
RADC,Donor_1146,female,80,No,No,30,1.20250,0.96200,0.84175,3.48725,3.36700,1.92400,1.08225,0.48100,0.24050,1.56325,10.22126,0.00000,0.12025,0.00000,0.24050
RADC,Donor_1149,female,79,No,No,68,0.95454,1.00226,1.43180,2.33861,2.72043,1.24090,1.14544,0.42954,0.19091,1.52726,8.68627,0.04773,0.38181,0.00000,0.09545
RADC,Donor_1158,female,79,No,No,45,1.17578,0.96474,1.26622,1.80889,7.26571,1.20593,0.75370,0.51252,0.12059,1.11548,6.93408,0.00000,0.06030,0.03015,0.06030
RADC,Donor_1161,female,80,No,No,52,0.59091,0.81818,1.18181,1.63636,4.45452,1.81817,1.81817,0.86363,0.27273,0.95454,12.77267,0.04545,0.09091,0.04545,0.00000
RADC,Donor_117,female,82,No,No,137,0.67202,0.23173,0.81105,1.87701,2.64172,1.13548,1.22817,0.39394,0.32442,0.90375,7.06776,0.02317,0.13904,0.00000,0.04635
RADC,Donor_1172,male,84,No,No,65,0.64415,0.48311,1.26817,4.00582,1.77142,0.76493,0.88571,0.20130,0.14091,0.94610,0.10065,0.10065,2.23440,1.28830,0.30195
RADC,Donor_1190,female,83,No,No,104,0.62991,0.58325,0.93320,4.36270,0.81655,0.69990,0.69990,0.18664,0.13998,0.62991,8.79538,0.00000,0.23330,0.04666,0.02333
RADC,Donor_1217,female,80,No,No,94,1.20531,0.49976,1.55808,3.49833,2.52821,2.02845,1.58748,0.55856,0.14699,1.58748,6.67329,0.02940,0.14699,0.02940,0.05880
RADC,Donor_124,female,80,No,No,115,0.66987,0.34734,1.33974,7.71593,1.29012,0.94278,0.39696,0.14886,0.24810,0.74430,8.28657,0.07443,0.09924,0.04962,0.04962
RADC,Donor_1251,female,81,No,No,41,0.22525,0.15016,0.37541,2.40264,2.02722,1.50165,1.50165,0.45049,0.15016,0.90099,11.56269,0.07508,0.07508,0.07508,0.00000
RADC,Donor_1254,female,81,No,No,122,0.46641,0.40953,1.26273,5.19879,1.83152,0.67118,0.45504,0.10238,0.29577,0.86457,8.48643,0.00000,0.21614,0.00000,0.05688
RADC,Donor_1262,female,80,No,No,53,0.64153,0.96229,1.48718,1.42886,2.91604,0.81649,0.43741,0.23328,0.05832,1.04977,12.71393,0.00000,0.05832,0.00000,0.08748
RADC,Donor_1266,female,83,No,No,39,1.18763,0.95011,0.68289,0.97980,2.58310,1.33609,0.71258,0.35629,0.17815,1.33609,5.52250,0.02969,0.02969,0.02969,0.00000
RADC,Donor_1273,female,64,No,No,414,0.40942,0.59051,1.25976,1.07080,1.82666,0.63775,0.62988,0.27557,0.12598,1.02356,7.96012,0.00000,0.04724,0.00000,0.00000
RADC,Donor_1318,female,85,No,No,56,0.81808,0.23751,1.37226,2.77092,2.74453,2.40146,0.79169,0.21112,0.29029,1.42504,6.91410,0.00000,0.02639,0.02639,0.02639
RADC,Donor_133,female,81,No,No,74,0.94151,0.60921,1.43995,1.52303,4.84599,0.71998,0.71998,0.16615,0.02769,1.32919,10.96579,0.00000,0.08307,0.05538,0.02769
RADC,Donor_1332,female,85,No,No,65,1.07635,0.66808,1.26193,4.04561,1.78155,0.63097,1.07635,0.40827,0.11135,0.55673,8.68507,0.03712,0.33404,0.03712,0.03712
RADC,Donor_1346,female,80,No,No,62,0.57309,0.29900,1.12126,3.08969,2.69102,1.09634,0.99667,0.34884,0.12458,0.84717,8.67106,0.00000,0.09967,0.02492,0.02492
RADC,Donor_1347,female,87,No,No,34,0.35798,0.35798,1.52142,1.70041,2.23738,0.35798,0.44748,0.44748,0.35798,1.07394,6.44365,0.00000,0.00000,0.00000,0.08950
RADC,Donor_1354,male,86,No,No,135,0.43465,0.29976,1.09413,0.97422,1.39389,0.82434,0.47962,0.17986,0.11990,1.01919,0.91427,0.17986,1.87350,0.88429,0.35971
RADC,Donor_1382,female,80,No,No,85,0.78723,1.02340,1.73191,5.30070,3.12269,1.20709,0.91844,0.26241,0.10496,1.04964,6.61275,0.10496,0.26241,0.18369,0.07872
RADC,Donor_1386,female,80,No,No,52,1.16321,0.60689,1.26436,1.87126,1.92183,1.66896,0.85977,0.20230,0.05057,1.46666,7.58618,0.00000,0.05057,0.00000,0.00000
RADC,Donor_1388,male,66,No,No,89,0.93192,0.47855,1.05786,3.37507,2.36759,1.66235,0.83117,0.45337,0.22668,1.23417,0.62968,0.20150,2.89651,1.05786,0.80599
RADC,Donor_1415,female,79,No,No,29,1.43670,0.79817,0.87798,3.03304,2.39450,1.75597,1.59633,0.23945,0.07982,1.43670,6.46516,0.00000,0.00000,0.00000,0.07982
RADC,Donor_1420,female,75,No,No,45,0.55420,0.38794,0.44336,2.43848,2.43848,1.99512,0.99756,0.38794,0.49878,1.66260,11.36112,0.00000,0.38794,0.05542,0.00000
RADC,Donor_1423,female,85,No,No,194,0.34425,0.09710,0.91799,1.20928,0.90034,0.46782,0.33542,0.06179,0.17654,1.18279,8.95040,0.00000,0.09710,0.02648,0.00883
RADC,Donor_1449,male,80,No,No,47,0.62383,0.70180,0.77978,4.60071,2.72924,1.09169,1.01372,0.07798,0.07798,1.16967,0.15596,0.38989,2.72924,0.77978,0.23393
RADC,Donor_1451,male,84,No,No,249,0.67530,0.43091,1.78151,2.89414,2.38606,0.67530,0.42447,0.18651,0.31514,0.98401,0.21224,0.16079,3.49870,0.48236,0.81679
RADC,Donor_1475,female,72,No,No,54,1.69273,0.95922,1.52346,10.43853,1.63631,0.22570,0.67709,0.16927,0.39497,0.33855,11.28490,0.00000,0.45140,0.00000,0.00000
RADC,Donor_201,female,82,No,No,81,0.72066,0.34592,1.38367,2.88265,3.17092,2.07551,1.47015,0.40357,0.34592,1.64311,11.96300,0.00000,0.11531,0.05765,0.00000
RADC,Donor_22,male,80,No,No,24,0.55382,0.27691,1.10763,5.95354,1.93836,1.52300,0.41536,0.13845,0.13845,1.10763,0.41536,0.41536,2.21527,0.55382,0.55382
RADC,Donor_223,female,80,No,No,226,0.62962,0.46913,1.37035,2.43206,2.13577,0.72838,0.72838,0.22222,0.18518,0.53086,6.37027,0.01235,0.18518,0.02469,0.02469
RADC,Donor_228,male,86,No,No,23,1.62131,0.36029,0.90073,9.00731,3.15256,1.98161,1.44117,0.18015,0.18015,0.81066,0.81066,0.09007,3.42278,0.63051,0.63051
RADC,Donor_250,female,73,No,No,25,0.68938,0.55150,1.93026,2.89539,3.72265,2.34389,0.68938,0.55150,0.00000,2.06814,7.58317,0.00000,0.27575,0.00000,0.00000
RADC,Donor_260,female,89,No,No,49,0.97937,0.60939,1.32759,2.30697,2.11109,1.19701,0.95761,0.32646,0.21764,1.98051,5.41919,0.02176,0.08706,0.00000,0.00000
RADC,Donor_270,female,80,No,No,177,0.75449,0.39860,0.89684,2.27770,1.93604,1.32391,1.13885,0.34165,0.18506,1.50897,6.42026,0.02847,0.09965,0.05694,0.01424
RADC,Donor_281,male,80,No,No,65,0.84675,0.87931,1.69349,2.67051,2.01916,0.84675,0.61878,0.06513,0.13027,0.81418,0.32567,0.09770,3.28928,0.78161,0.55364
RADC,Donor_285,female,54,No,No,61,0.66358,0.82947,0.99537,2.28105,3.98147,1.61747,1.20274,0.29032,0.24884,1.65895,9.08273,0.20737,0.29032,0.08295,0.04147
RADC,Donor_294,male,80,No,No,35,1.42386,0.81364,1.01705,2.69517,4.47500,1.67813,2.28835,0.35597,0.05085,0.81364,0.35597,0.45767,2.03409,0.45767,0.30511
RADC,Donor_301,male,82,No,No,119,1.06070,0.84588,2.00057,6.21653,2.71218,0.68476,0.34909,0.05371,0.29539,0.79217,1.06070,0.20140,3.28952,0.59077,0.61762
RADC,Donor_310,male,80,No,No,30,0.76486,0.38243,1.75918,4.43618,4.13024,1.14729,1.68269,0.00000,0.38243,1.37675,1.30026,0.15297,2.60052,1.14729,0.45892
RADC,Donor_333,male,89,No,No,30,1.35194,0.32189,1.35194,1.80259,1.73821,0.77254,1.03005,0.45065,0.12876,1.15881,0.25751,0.51503,2.70389,1.09443,0.38627
RADC,Donor_334,female,84,No,No,26,1.61865,0.00000,0.53955,1.07910,0.40466,0.67444,0.80932,0.00000,0.13489,0.67444,9.98166,0.00000,0.00000,0.00000,0.00000
RADC,Donor_353,female,82,No,No,200,0.82772,0.39377,1.94475,2.72425,1.47061,0.87594,0.43395,0.22501,0.21698,0.57057,8.29329,0.00804,0.16072,0.00804,0.03214
RADC,Donor_389,female,77,No,No,48,1.12842,0.74373,1.23100,4.10334,2.33378,0.94890,0.71808,0.17952,0.23081,0.58986,7.51425,0.00000,0.07694,0.00000,0.02565
RADC,Donor_390,female,88,No,No,23,0.44446,0.44446,1.66672,0.88892,1.33338,1.00003,1.33338,0.11111,0.00000,0.77780,6.66689,0.00000,0.11111,0.00000,0.22223
RADC,Donor_400,female,78,No,No,76,0.69856,0.77978,1.47834,5.49097,2.22563,0.66606,0.58484,0.22744,0.25993,0.56859,14.14981,0.00000,0.08123,0.01625,0.00000
RADC,Donor_403,male,88,No,No,60,0.74022,0.80458,1.06205,3.47580,1.44825,0.99768,0.54712,0.19310,0.28965,0.77240,0.19310,0.12873,2.28502,0.70803,0.35402
RADC,Donor_410,female,79,No,No,25,0.26097,0.78292,3.21865,2.69671,3.74059,3.39263,0.52194,0.52194,0.43495,0.78292,10.26489,0.00000,0.26097,0.00000,0.00000
RADC,Donor_417,female,80,No,No,73,1.34094,0.27428,1.64570,1.31046,2.43807,1.43237,0.79237,0.27428,0.24381,1.40189,9.32563,0.00000,0.09143,0.00000,0.06095
RADC,Donor_428,female,80,No,No,43,0.69681,0.34840,3.65825,0.60971,3.48405,1.87268,0.52261,0.39196,0.13065,1.30652,9.23273,0.00000,0.08710,0.04355,0.00000
RADC,Donor_434,male,85,No,No,72,0.81483,0.51304,1.87109,1.96163,2.62557,0.93555,0.75447,0.18107,0.27161,0.87519,0.51304,0.18107,4.31559,0.57340,0.72429
RADC,Donor_443,male,78,No,No,36,0.43436,0.47056,0.21718,0.57915,4.41603,2.31661,1.77365,0.97732,0.21718,1.73746,0.36197,0.50676,4.59702,1.30309,0.36197
RADC,Donor_45,male,85,No,No,21,1.39667,0.69834,2.61876,2.26959,2.96793,0.34917,0.34917,0.00000,0.34917,1.92042,0.69834,0.00000,1.57126,0.52375,0.52375
RADC,Donor_501,female,80,No,No,71,0.66629,0.65004,1.43009,3.41273,1.23508,0.66629,0.35752,0.14626,0.14626,0.73130,6.61419,0.03250,0.06500,0.01625,0.01625
RADC,Donor_516,male,80,No,No,27,0.97279,0.56746,0.97279,4.13434,1.86451,0.64852,0.48639,0.08107,0.08107,0.72959,0.48639,0.16213,2.59410,1.29705,0.40533
RADC,Donor_522,female,73,No,No,68,1.22577,0.67417,2.08381,1.77736,2.81927,2.48218,0.91933,0.15322,0.21451,0.76611,13.14636,0.03064,0.09193,0.03064,0.00000
RADC,Donor_527,male,88,No,No,47,0.62921,0.17160,0.97242,5.20529,2.80285,1.60163,0.97242,0.40041,0.28601,1.94484,0.34321,0.05720,1.77323,0.74361,0.40041
RADC,Donor_540,male,65,No,No,25,0.93099,0.32859,1.20481,6.57171,1.75245,2.13580,2.62868,0.82146,0.21906,1.36911,0.27382,0.43811,2.73821,0.54764,0.54764
RADC,Donor_545,female,80,No,No,21,1.09278,0.65567,0.87422,3.82472,2.62266,0.87422,0.76494,0.32783,0.10928,0.43711,6.99377,0.00000,0.21856,0.00000,0.00000
RADC,Donor_547,female,71,No,No,37,1.22704,0.74986,1.63605,2.93125,1.15887,1.84055,1.29520,0.20451,0.13634,0.34084,7.22588,0.00000,0.27267,0.06817,0.06817
RADC,Donor_548,female,80,No,No,28,0.55496,0.90181,1.31803,1.80361,3.12164,1.10992,0.62433,0.76307,0.27748,1.66487,10.19736,0.00000,0.06937,0.00000,0.06937
RADC,Donor_550,male,73,No,No,195,1.14760,1.18773,1.35626,3.11377,1.61306,0.88277,0.44941,0.15248,0.16853,0.85869,0.42533,0.12840,2.75264,0.57781,0.69017
RADC,Donor_581,female,78,No,No,50,1.13012,0.74423,1.48845,3.99677,1.76409,1.29550,1.32307,0.33077,0.22051,0.93717,6.94611,0.00000,0.05513,0.02756,0.00000
RADC,Donor_586,female,80,No,No,55,0.61449,0.42542,0.89811,2.45798,2.22163,1.93802,1.74895,0.33088,0.23634,1.08718,7.84662,0.14181,0.18908,0.00000,0.04727
RADC,Donor_592,female,80,No,No,38,0.53769,0.48881,1.02650,4.59480,2.19964,1.41755,1.41755,0.14664,0.24440,1.61307,7.28325,0.00000,0.34217,0.14664,0.09776
RADC,Donor_604,female,80,No,No,190,0.67239,0.48562,1.15801,2.78296,1.83040,0.57901,0.48562,0.09339,0.22413,0.80314,10.12325,0.00000,0.13074,0.01868,0.05603
RADC,Donor_609,female,80,No,No,53,0.61296,0.51866,1.69742,1.79173,1.69742,1.41452,1.50882,0.42436,0.23575,1.60312,6.60110,0.04715,0.14145,0.04715,0.09430
RADC,Donor_614,female,80,No,No,57,0.22655,0.36248,1.26867,3.57947,1.54053,0.95151,0.54372,0.22655,0.04531,0.58903,8.65416,0.00000,0.13593,0.00000,0.04531
RADC,Donor_616,female,89,No,No,180,0.63586,0.70164,1.78700,5.68989,6.44634,0.80031,0.59201,0.10963,0.17541,0.82224,9.84493,0.01096,0.31793,0.04385,0.02193
RADC,Donor_620,male,83,No,No,147,0.72199,0.55067,1.18700,3.13269,2.64321,1.35831,0.68528,0.22027,0.14684,1.15028,0.26922,0.28145,2.71663,0.89331,0.70975
RADC,Donor_621,female,75,No,No,221,1.18802,0.61403,1.22139,1.63520,2.34935,0.64741,0.64073,0.21358,0.22025,0.69413,8.87012,0.00000,0.15351,0.03337,0.03337
RADC,Donor_633,male,83,No,No,77,0.67337,0.24690,0.98761,2.13234,1.90788,1.05495,0.67337,0.33669,0.33669,1.03250,0.65092,0.26935,2.60370,0.87538,0.62848
RADC,Donor_634,male,80,No,No,138,0.32825,0.30562,0.86025,2.82978,1.92425,1.12059,0.64519,0.19242,0.22638,1.40357,0.65651,0.14715,2.34306,1.23378,0.37353
RADC,Donor_638,female,87,No,No,46,1.13463,0.77155,1.58848,4.85622,2.45080,1.18002,0.68078,0.18154,0.04539,1.08925,8.48704,0.04539,0.27231,0.00000,0.04539
RADC,Donor_655,female,80,No,No,67,0.73316,0.48877,0.52951,3.42142,5.45798,2.36241,1.14047,0.48877,0.00000,1.01828,6.27261,0.08146,0.04073,0.00000,0.00000
RADC,Donor_670,female,85,No,No,132,0.50060,0.12136,0.80399,1.51696,1.45628,0.83433,0.72814,0.27305,0.15170,1.31976,7.99438,0.01517,0.04551,0.00000,0.00000
RADC,Donor_673,female,66,No,No,70,0.56002,0.23334,1.12004,0.98003,4.20013,2.14673,1.26004,0.23334,0.04667,2.14673,8.58694,0.04667,0.37335,0.00000,0.23334
RADC,Donor_674,female,80,No,No,23,1.28906,0.61061,1.35691,3.73150,1.42475,1.08553,0.81414,0.27138,0.27138,0.61061,7.66653,0.00000,0.00000,0.00000,0.00000
RADC,Donor_686,male,85,No,No,101,1.02872,1.23866,1.38562,3.61100,3.08615,1.63755,1.00772,0.37790,0.23094,1.40661,0.25193,0.10497,2.64527,0.86076,0.41988
RADC,Donor_706,female,80,No,No,136,0.86605,0.63814,0.37985,1.92962,1.51938,0.83566,0.44062,0.21271,0.28868,1.86884,7.70327,0.01519,0.06078,0.00000,0.01519
RADC,Donor_711,female,80,No,No,38,2.01670,0.94533,0.50418,2.64692,1.82764,2.01670,0.88231,0.44115,0.25209,1.00835,10.83977,0.00000,0.06302,0.00000,0.06302
RADC,Donor_735,female,79,No,No,49,0.73310,0.56649,1.66614,2.89909,0.99969,1.96605,1.13298,0.43320,0.19994,1.36624,5.69821,0.09997,0.09997,0.00000,0.00000
RADC,Donor_745,female,70,No,No,43,2.26977,0.88011,1.29701,3.38149,2.31609,1.43598,1.29701,0.74115,0.13897,1.11172,7.50413,0.00000,0.04632,0.00000,0.04632
RADC,Donor_748,male,89,No,No,70,1.12455,0.95416,1.87424,2.14686,2.52171,1.49939,1.02231,0.23854,0.20446,1.22678,0.03408,0.23854,2.76025,0.37485,0.95416
RADC,Donor_772,female,89,No,No,132,0.77530,0.49049,1.45566,4.68343,1.18668,0.52214,0.61707,0.30063,0.15822,0.66454,11.40796,0.00000,0.03164,0.04747,0.01582
RADC,Donor_773,male,66,No,No,206,0.11189,0.33566,1.68691,4.62178,4.36358,0.92091,0.53361,0.11189,0.10328,0.80903,0.36148,0.11189,2.13445,1.65248,0.23238
RADC,Donor_785,male,67,No,No,55,0.67159,1.00739,1.07455,3.42512,4.02955,2.28341,1.34318,0.13432,0.13432,1.47750,1.07455,0.20148,2.68637,1.34318,0.26864
RADC,Donor_794,female,78,No,No,135,0.55087,0.50079,1.98646,1.50237,3.47214,2.13670,1.25197,0.23370,0.13354,1.46898,9.31467,0.01669,0.15024,0.03339,0.01669
RADC,Donor_8,female,80,No,No,76,1.27824,0.72761,2.06484,5.38826,3.79538,2.59580,1.21924,0.70795,0.15732,1.19958,8.14139,0.05900,0.00000,0.00000,0.01967
RADC,Donor_802,female,80,No,No,34,0.53363,0.30493,1.98205,3.35425,2.36322,0.76233,0.60986,0.22870,0.45740,0.91479,10.21521,0.15247,0.22870,0.00000,0.07623
RADC,Donor_845,female,80,No,No,155,0.43271,0.48516,1.19324,2.20291,1.91443,0.74742,1.00967,0.35404,0.11801,0.93099,6.05800,0.03934,0.19669,0.05245,0.03934
RADC,Donor_865,male,69,No,No,102,1.07833,0.46796,1.60733,0.99695,3.21466,1.85148,0.81384,0.24415,0.10173,1.44456,1.36318,0.06104,2.03459,0.81384,0.34588
RADC,Donor_880,female,80,No,No,40,0.70893,0.66723,1.00085,2.41871,1.66808,2.62722,1.75148,0.75063,0.16681,1.83489,4.42041,0.08340,0.12511,0.00000,0.00000
RADC,Donor_91,female,80,No,No,27,0.57396,0.63773,1.27547,1.65811,1.97698,1.27547,1.02038,0.31887,0.19132,1.33924,12.75470,0.06377,0.12755,0.00000,0.00000
RADC,Donor_917,female,80,No,No,140,0.90804,0.41619,0.94588,2.43405,1.12244,0.83237,1.05938,0.29007,0.20179,0.80715,7.59223,0.00000,0.08828,0.00000,0.01261
